p,rho,seed,protocol,unsafe_total,unsafe_allowed,safe_total,safe_blocked,containment_failure_rate,false_block_rate,benign_success_rate
0.01,0.0,0,single_source,28045,251,71955,536,0.008949901943305402,0.007449100132026962,0.9925508998679731
0.01,0.0,0,redundant_fail_closed,28045,3,71955,1106,0.00010697093956141915,0.0153707178097422,0.9846292821902578
0.01,0.0,0,correlation_aware,28045,3,71955,599,0.00010697093956141915,0.008324647349037593,0.9916753526509624
0.01,0.0,0,three_source_diverse,28045,6,71955,46,0.0002139418791228383,0.000639288444166493,0.9993607115558335
0.01,0.0,1,single_source,28192,224,71808,540,0.007945516458569807,0.007520053475935829,0.9924799465240641
0.01,0.0,1,redundant_fail_closed,28192,0,71808,1079,0.0,0.015026180926916221,0.9849738190730838
0.01,0.0,1,correlation_aware,28192,6,71808,605,0.00021282633371169125,0.008425245098039215,0.9915747549019608
0.01,0.0,1,three_source_diverse,28192,6,71808,30,0.00021282633371169125,0.0004177807486631016,0.999582219251337
0.01,0.0,2,single_source,28230,221,71770,500,0.007828551186680835,0.006966699177929497,0.9930333008220705
0.01,0.0,2,redundant_fail_closed,28230,1,71770,1028,3.5423308537017356e-05,0.014323533509823046,0.9856764664901769
0.01,0.0,2,correlation_aware,28230,5,71770,494,0.00017711654268508679,0.0068830987877943435,0.9931169012122056
0.01,0.0,2,three_source_diverse,28230,6,71770,28,0.00021253985122210415,0.00039013515396405185,0.999609864846036
0.01,0.0,3,single_source,28063,208,71937,500,0.007411894665573887,0.006950526154829921,0.9930494738451701
0.01,0.0,3,redundant_fail_closed,28063,1,71937,1078,3.563410896910523e-05,0.01498533438981331,0.9850146656101867
0.01,0.0,3,correlation_aware,28063,5,71937,533,0.00017817054484552613,0.007409260881048696,0.9925907391189513
0.01,0.0,3,three_source_diverse,28063,6,71937,22,0.00021380465381463137,0.0003058231508125165,0.9996941768491875
0.01,0.0,4,single_source,28119,197,71881,486,0.007005939044773996,0.006761174719327778,0.9932388252806722
0.01,0.0,4,redundant_fail_closed,28119,2,71881,1012,7.112628471851773e-05,0.014078824724196937,0.985921175275803
0.01,0.0,4,correlation_aware,28119,3,71881,549,0.0001066894270777766,0.007637623294055452,0.9923623767059445
0.01,0.0,4,three_source_diverse,28119,5,71881,33,0.00017781571179629433,0.0004590921105716392,0.9995409078894284
0.01,0.0,5,single_source,27927,233,72073,522,0.008343180434704766,0.007242656750794334,0.9927573432492056
0.01,0.0,5,redundant_fail_closed,27927,1,72073,1068,3.580764135066423e-05,0.014818309214268867,0.9851816907857311
0.01,0.0,5,correlation_aware,27927,6,72073,547,0.0002148458481039854,0.007589527284836208,0.9924104727151638
0.01,0.0,5,three_source_diverse,27927,7,72073,28,0.00025065348945464965,0.00038849499812689914,0.9996115050018731
0.01,0.0,6,single_source,28032,236,71968,524,0.008418949771689497,0.007281013783903958,0.992718986216096
0.01,0.0,6,redundant_fail_closed,28032,0,71968,1056,0.0,0.014673188083592708,0.9853268119164073
0.01,0.0,6,correlation_aware,28032,7,71968,544,0.0002497146118721461,0.00755891507336594,0.9924410849266341
0.01,0.0,6,three_source_diverse,28032,7,71968,44,0.0002497146118721461,0.0006113828368163628,0.9993886171631836
0.01,0.0,7,single_source,28233,227,71767,483,0.008040236602557291,0.0067301127259046635,0.9932698872740954
0.01,0.0,7,redundant_fail_closed,28233,1,71767,1034,3.541954450465767e-05,0.01440773614613959,0.9855922638538605
0.01,0.0,7,correlation_aware,28233,1,71767,554,3.541954450465767e-05,0.00771942536263185,0.9922805746373682
0.01,0.0,7,three_source_diverse,28233,2,71767,35,7.083908900931534e-05,0.00048768932796410604,0.9995123106720359
0.01,0.0,8,single_source,27970,223,72030,538,0.007972828030032178,0.007469110093016798,0.9925308899069832
0.01,0.0,8,redundant_fail_closed,27970,2,72030,1060,7.150518412584913e-05,0.01471609051783979,0.9852839094821602
0.01,0.0,8,correlation_aware,27970,4,72030,537,0.00014301036825169826,0.0074552269887546855,0.9925447730112453
0.01,0.0,8,three_source_diverse,27970,6,72030,31,0.00021451555237754738,0.0004303762321255033,0.9995696237678745
0.01,0.0,9,single_source,27967,204,72033,549,0.007294311152429649,0.007621506809379034,0.992378493190621
0.01,0.0,9,redundant_fail_closed,27967,2,72033,1055,7.15128544355848e-05,0.014646064997987034,0.985353935002013
0.01,0.0,9,correlation_aware,27967,4,72033,565,0.0001430257088711696,0.007843627226410117,0.9921563727735899
0.01,0.0,9,three_source_diverse,27967,6,72033,34,0.0002145385633067544,0.0004720058861910513,0.999527994113809
0.01,0.0,10,single_source,27722,224,72278,543,0.008080225091984704,0.007512659453775699,0.9924873405462243
0.01,0.0,10,redundant_fail_closed,27722,5,72278,1081,0.00018036216723180145,0.01495614156451479,0.9850438584354853
0.01,0.0,10,correlation_aware,27722,2,72278,528,7.214486689272058e-05,0.0073051274246658734,0.9926948725753342
0.01,0.0,10,three_source_diverse,27722,7,72278,34,0.000252507034124522,0.00047040593264893884,0.9995295940673511
0.01,0.0,11,single_source,28028,235,71972,499,0.008384472670186957,0.006933251820152282,0.9930667481798477
0.01,0.0,11,redundant_fail_closed,28028,1,71972,1026,3.5678607107178535e-05,0.014255543822597676,0.9857444561774024
0.01,0.0,11,correlation_aware,28028,2,71972,509,7.135721421435707e-05,0.007072194742399823,0.9929278052576002
0.01,0.0,11,three_source_diverse,28028,3,71972,39,0.00010703582132153561,0.0005418773967654088,0.9994581226032346
0.01,0.0,12,single_source,28118,227,71882,499,0.00807312042108258,0.006941932611780418,0.9930580673882196
0.01,0.0,12,redundant_fail_closed,28118,2,71882,1022,7.112881428266591e-05,0.014217745749979133,0.9857822542500209
0.01,0.0,12,correlation_aware,28118,4,71882,529,0.00014225762856533183,0.0073592832698032885,0.9926407167301967
0.01,0.0,12,three_source_diverse,28118,6,71882,25,0.00021338644284799773,0.000347792215019059,0.999652207784981
0.01,0.0,13,single_source,28203,242,71797,535,0.008580647448852959,0.007451564828614009,0.992548435171386
0.01,0.0,13,redundant_fail_closed,28203,1,71797,1065,3.5457220863028756e-05,0.014833488864437232,0.9851665111355628
0.01,0.0,13,correlation_aware,28203,4,71797,560,0.00014182888345211502,0.007799768792567934,0.9922002312074321
0.01,0.0,13,three_source_diverse,28203,5,71797,38,0.00017728610431514379,0.000529270025209967,0.99947072997479
0.01,0.0,14,single_source,28034,235,71966,545,0.008382678176499965,0.007573020593057833,0.9924269794069421
0.01,0.0,14,redundant_fail_closed,28034,2,71966,1086,7.134194192765928e-05,0.01509045938359781,0.9849095406164022
0.01,0.0,14,correlation_aware,28034,5,71966,546,0.00017835485481914817,0.007586916043687297,0.9924130839563127
0.01,0.0,14,three_source_diverse,28034,7,71966,28,0.00024969679674680746,0.0003890726176249896,0.999610927382375
0.01,0.0,15,single_source,28194,233,71806,501,0.008264169681492517,0.006977132830125616,0.9930228671698744
0.01,0.0,15,redundant_fail_closed,28194,6,71806,1019,0.00021281123643328368,0.014191014678439128,0.9858089853215609
0.01,0.0,15,correlation_aware,28194,4,71806,552,0.00014187415762218912,0.007687379884689302,0.9923126201153107
0.01,0.0,15,three_source_diverse,28194,10,71806,28,0.0003546853940554728,0.0003899395593682979,0.9996100604406317
0.01,0.0,16,single_source,27819,212,72181,511,0.007620690894712247,0.007079425333536526,0.9929205746664634
0.01,0.0,16,redundant_fail_closed,27819,1,72181,1042,3.5946655163737015e-05,0.01443593189343456,0.9855640681065655
0.01,0.0,16,correlation_aware,27819,3,72181,561,0.00010783996549121104,0.007772128399440296,0.9922278716005597
0.01,0.0,16,three_source_diverse,27819,4,72181,27,0.00014378662065494806,0.0003740596555880356,0.999625940344412
0.01,0.0,17,single_source,28057,217,71943,576,0.00773425526606551,0.008006338351194697,0.9919936616488053
0.01,0.0,17,redundant_fail_closed,28057,1,71943,1114,3.5641729336707415e-05,0.015484480769498075,0.984515519230502
0.01,0.0,17,correlation_aware,28057,12,71943,575,0.000427700752040489,0.007992438458223871,0.9920075615417762
0.01,0.0,17,three_source_diverse,28057,12,71943,34,0.000427700752040489,0.00047259636100802023,0.999527403638992
0.01,0.0,18,single_source,28089,242,71911,552,0.008615472248923065,0.007676155247458664,0.9923238447525413
0.01,0.0,18,redundant_fail_closed,28089,1,71911,1051,3.560112499554986e-05,0.014615288342534522,0.9853847116574654
0.01,0.0,18,correlation_aware,28089,4,71911,540,0.00014240449998219944,0.007509282307296519,0.9924907176927035
0.01,0.0,18,three_source_diverse,28089,5,71911,35,0.0001780056249777493,0.0004867127421395892,0.9995132872578604
0.01,0.0,19,single_source,28419,258,71581,553,0.009078433442415285,0.007725513753649712,0.9922744862463503
0.01,0.0,19,redundant_fail_closed,28419,3,71581,1105,0.00010556317956296844,0.015437057319679804,0.9845629426803202
0.01,0.0,19,correlation_aware,28419,6,71581,521,0.00021112635912593687,0.00727846774982188,0.9927215322501781
0.01,0.0,19,three_source_diverse,28419,9,71581,34,0.0003166895386889053,0.00047498637906707086,0.9995250136209329
0.01,0.0,20,single_source,27967,236,72033,521,0.008438516823399005,0.007232796079574639,0.9927672039204254
0.01,0.0,20,redundant_fail_closed,27967,2,72033,1029,7.15128544355848e-05,0.014285119320311524,0.9857148806796885
0.01,0.0,20,correlation_aware,27967,3,72033,542,0.0001072692816533772,0.007524329126927936,0.9924756708730721
0.01,0.0,20,three_source_diverse,27967,5,72033,27,0.00017878213608896198,0.00037482820373995254,0.9996251717962601
0.01,0.0,21,single_source,27934,211,72066,537,0.007553519009092862,0.007451502789109983,0.99254849721089
0.01,0.0,21,redundant_fail_closed,27934,2,72066,1066,7.159733657907926e-05,0.014791996225682013,0.9852080037743179
0.01,0.0,21,correlation_aware,27934,3,72066,522,0.00010739600486861888,0.007243360253101324,0.9927566397468987
0.01,0.0,21,three_source_diverse,27934,5,72066,41,0.00017899334144769814,0.0005689229317570006,0.999431077068243
0.01,0.0,22,single_source,28169,216,71831,547,0.007668003834001917,0.007615096546059501,0.9923849034539405
0.01,0.0,22,redundant_fail_closed,28169,2,71831,1070,7.100003550001775e-05,0.014896075510573429,0.9851039244894265
0.01,0.0,22,correlation_aware,28169,9,71831,550,0.0003195001597500799,0.007656861243752697,0.9923431387562474
0.01,0.0,22,three_source_diverse,28169,11,71831,35,0.0003905001952500976,0.0004872548064206262,0.9995127451935794
0.01,0.0,23,single_source,27881,267,72119,548,0.009576414045407267,0.007598552392573386,0.9924014476074267
0.01,0.0,23,redundant_fail_closed,27881,4,72119,1094,0.00014346687708475305,0.015169372842108182,0.9848306271578918
0.01,0.0,23,correlation_aware,27881,7,72119,549,0.00025106703489831785,0.00761241836409268,0.9923875816359073
0.01,0.0,23,three_source_diverse,27881,11,72119,34,0.0003945339119830709,0.000471443031656013,0.999528556968344
0.01,0.0,24,single_source,28148,248,71852,532,0.00881057268722467,0.007404108445137227,0.9925958915548627
0.01,0.0,24,redundant_fail_closed,28148,2,71852,1067,7.105300554213443e-05,0.01484996938150643,0.9851500306184936
0.01,0.0,24,correlation_aware,28148,8,71852,541,0.0002842120221685377,0.007529365918833157,0.9924706340811669
0.01,0.0,24,three_source_diverse,28148,10,71852,24,0.00035526502771067214,0.00033401992985581476,0.9996659800701442
0.01,0.0,25,single_source,27894,230,72106,481,0.008245500824550082,0.006670734751615677,0.9933292652483843
0.01,0.0,25,redundant_fail_closed,27894,2,72106,961,7.170000717000071e-05,0.013327601031814273,0.9866723989681857
0.01,0.0,25,correlation_aware,27894,5,72106,561,0.00017925001792500178,0.00778021246498211,0.9922197875350179
0.01,0.0,25,three_source_diverse,27894,7,72106,34,0.0002509500250950025,0.0004715280281807339,0.9995284719718193
0.01,0.0,26,single_source,27928,250,72072,590,0.008951589802348897,0.008186258186258186,0.9918137418137418
0.01,0.0,26,redundant_fail_closed,27928,5,72072,1124,0.00017903179604697794,0.015595515595515596,0.9844044844044844
0.01,0.0,26,correlation_aware,27928,2,72072,565,7.161271841879118e-05,0.00783938283938284,0.9921606171606172
0.01,0.0,26,three_source_diverse,27928,7,72072,33,0.00025064451446576915,0.0004578754578754579,0.9995421245421245
0.01,0.0,27,single_source,27861,218,72139,541,0.007824557625354438,0.007499410859590513,0.9925005891404095
0.01,0.0,27,redundant_fail_closed,27861,2,72139,1062,7.178493234270127e-05,0.01472157917353997,0.98527842082646
0.01,0.0,27,correlation_aware,27861,3,72139,544,0.0001076773985140519,0.007540997241436671,0.9924590027585634
0.01,0.0,27,three_source_diverse,27861,5,72139,26,0.00017946233085675318,0.0003604153093333703,0.9996395846906666
0.01,0.0,28,single_source,27972,225,72028,567,0.008043758043758044,0.007871938690509247,0.9921280613094907
0.01,0.0,28,redundant_fail_closed,27972,4,72028,1112,0.000143000143000143,0.015438440606430832,0.9845615593935692
0.01,0.0,28,correlation_aware,27972,8,72028,593,0.000286000286000286,0.008232909424112846,0.9917670905758872
0.01,0.0,28,three_source_diverse,27972,12,72028,40,0.000429000429000429,0.0005553395901593825,0.9994446604098406
0.01,0.0,29,single_source,28011,250,71989,537,0.008925065152975616,0.007459472975037853,0.9925405270249621
0.01,0.0,29,redundant_fail_closed,28011,2,71989,1040,7.140052122380494e-05,0.014446651571767909,0.9855533484282321
0.01,0.0,29,correlation_aware,28011,2,71989,585,7.140052122380494e-05,0.008126241509119449,0.9918737584908806
0.01,0.0,29,three_source_diverse,28011,4,71989,33,0.00014280104244760987,0.00045840336718109713,0.9995415966328189
0.01,0.25,0,single_source,28045,246,71955,521,0.00877161704403637,0.007240636508929192,0.9927593634910709
0.01,0.25,0,redundant_fail_closed,28045,56,71955,927,0.0019967908718131573,0.012883051907442152,0.9871169480925579
0.01,0.25,0,correlation_aware,28045,3,71955,724,0.00010697093956141915,0.010061844208185672,0.9899381557918143
0.01,0.25,0,three_source_diverse,28045,58,71955,167,0.00206810483152077,0.002320895003821833,0.9976791049961782
0.01,0.25,1,single_source,28192,236,71808,565,0.00837116912599319,0.007868204099821747,0.9921317959001783
0.01,0.25,1,redundant_fail_closed,28192,57,71808,978,0.002021850170261067,0.013619652406417113,0.9863803475935828
0.01,0.25,1,correlation_aware,28192,4,71808,754,0.00014188422247446084,0.010500222816399287,0.9894997771836007
0.01,0.25,1,three_source_diverse,28192,61,71808,180,0.0021637343927355277,0.0025066844919786097,0.9974933155080213
0.01,0.25,2,single_source,28230,220,71770,498,0.0077931278781438185,0.006938832381217779,0.9930611676187823
0.01,0.25,2,redundant_fail_closed,28230,51,71770,888,0.0018065887353878852,0.012372857740002787,0.9876271422599973
0.01,0.25,2,correlation_aware,28230,3,71770,609,0.00010626992561105207,0.008485439598718128,0.9915145604012818
0.01,0.25,2,three_source_diverse,28230,54,71770,139,0.0019128586609989374,0.0019367423714644002,0.9980632576285356
0.01,0.25,3,single_source,28063,216,71937,518,0.007696967537326729,0.007200745096403798,0.9927992549035962
0.01,0.25,3,redundant_fail_closed,28063,54,71937,946,0.0019242418843316822,0.01315039548493821,0.9868496045150618
0.01,0.25,3,correlation_aware,28063,4,71937,651,0.0001425364358764209,0.009049585053588556,0.9909504149464115
0.01,0.25,3,three_source_diverse,28063,58,71937,137,0.002066778320208103,0.0019044441664233982,0.9980955558335766
0.01,0.25,4,single_source,28119,192,71881,506,0.006828123332977702,0.0070394123620984685,0.9929605876379015
0.01,0.25,4,redundant_fail_closed,28119,61,71881,902,0.0021693516839147906,0.01254851768895814,0.9874514823110419
0.01,0.25,4,correlation_aware,28119,4,71881,680,0.00014225256943703547,0.009460079854203475,0.9905399201457965
0.01,0.25,4,three_source_diverse,28119,64,71881,162,0.0022760411109925675,0.0022537249064425928,0.9977462750935574
0.01,0.25,5,single_source,27927,227,72073,536,0.008128334586600781,0.007436904249857783,0.9925630957501422
0.01,0.25,5,redundant_fail_closed,27927,61,72073,959,0.002184266122390518,0.013305953685846295,0.9866940463141537
0.01,0.25,5,correlation_aware,27927,4,72073,682,0.00014323056540265693,0.009462628168662328,0.9905373718313377
0.01,0.25,5,three_source_diverse,27927,64,72073,158,0.002291689046442511,0.002192221775144645,0.9978077782248553
0.01,0.25,6,single_source,28032,233,71968,535,0.008311929223744293,0.0074338594931080484,0.992566140506892
0.01,0.25,6,redundant_fail_closed,28032,48,71968,940,0.0017123287671232876,0.013061360604713206,0.9869386393952868
0.01,0.25,6,correlation_aware,28032,7,71968,666,0.0002497146118721461,0.009254112939084038,0.9907458870609159
0.01,0.25,6,three_source_diverse,28032,54,71968,159,0.0019263698630136985,0.0022093152512227656,0.9977906847487772
0.01,0.25,7,single_source,28233,230,71767,502,0.008146495236071263,0.006994858361085179,0.9930051416389148
0.01,0.25,7,redundant_fail_closed,28233,52,71767,903,0.001841816314242199,0.012582384661473937,0.987417615338526
0.01,0.25,7,correlation_aware,28233,1,71767,693,3.541954450465767e-05,0.0096562486936893,0.9903437513063107
0.01,0.25,7,three_source_diverse,28233,53,71767,170,0.0018772358587468565,0.002368776735825658,0.9976312232641743
0.01,0.25,8,single_source,27970,221,72030,535,0.007901322845906328,0.0074274607802304595,0.9925725392197695
0.01,0.25,8,redundant_fail_closed,27970,59,72030,917,0.0021094029317125494,0.012730806608357629,0.9872691933916423
0.01,0.25,8,correlation_aware,27970,3,72030,670,0.00010725777618877369,0.009301679855615716,0.9906983201443843
0.01,0.25,8,three_source_diverse,27970,62,72030,164,0.0022166607079013227,0.0022768290989865336,0.9977231709010135
0.01,0.25,9,single_source,27967,202,72033,547,0.007222798297994064,0.007593741757250149,0.9924062582427499
0.01,0.25,9,redundant_fail_closed,27967,52,72033,942,0.0018593342153252047,0.01307733955270501,0.986922660447295
0.01,0.25,9,correlation_aware,27967,3,72033,701,0.0001072692816533772,0.009731650771174324,0.9902683492288257
0.01,0.25,9,three_source_diverse,27967,55,72033,169,0.001966603496978582,0.002346146904890814,0.9976538530951092
0.01,0.25,10,single_source,27722,228,72278,538,0.008224514825770147,0.007443482110739091,0.9925565178892609
0.01,0.25,10,redundant_fail_closed,27722,58,72278,946,0.002092201139888897,0.013088353302526357,0.9869116466974737
0.01,0.25,10,correlation_aware,27722,2,72278,653,7.214486689272058e-05,0.009034561000581089,0.9909654389994189
0.01,0.25,10,three_source_diverse,27722,60,72278,156,0.0021643460067816175,0.00215833310274219,0.9978416668972578
0.01,0.25,11,single_source,28028,238,71972,526,0.008491508491508492,0.007308397710220641,0.9926916022897794
0.01,0.25,11,redundant_fail_closed,28028,54,71972,911,0.0019266447837876408,0.012657700216750958,0.9873422997832491
0.01,0.25,11,correlation_aware,28028,1,71972,649,3.5678607107178535e-05,0.009017395653865392,0.9909826043461346
0.01,0.25,11,three_source_diverse,28028,55,71972,174,0.0019623233908948193,0.0024176068471072083,0.9975823931528928
0.01,0.25,12,single_source,28118,219,71882,502,0.007788605163951917,0.006983667677582705,0.9930163323224173
0.01,0.25,12,redundant_fail_closed,28118,49,71882,876,0.0017426559499253147,0.012186639214267828,0.9878133607857321
0.01,0.25,12,correlation_aware,28118,3,71882,653,0.00010669322142399886,0.009084332656297822,0.9909156673437022
0.01,0.25,12,three_source_diverse,28118,52,71882,147,0.0018493491713493136,0.002045018224312067,0.997954981775688
0.01,0.25,13,single_source,28203,249,71797,548,0.008828847994894161,0.0076326308898700505,0.9923673691101299
0.01,0.25,13,redundant_fail_closed,28203,56,71797,938,0.0019856043683296105,0.01306461272755129,0.9869353872724487
0.01,0.25,13,correlation_aware,28203,4,71797,708,0.00014182888345211502,0.009861136259175174,0.9901388637408248
0.01,0.25,13,three_source_diverse,28203,60,71797,178,0.0021274332517817254,0.002479212223351951,0.9975207877766481
0.01,0.25,14,single_source,28034,245,71966,525,0.008739387886138261,0.007295111580468554,0.9927048884195314
0.01,0.25,14,redundant_fail_closed,28034,66,71966,935,0.002354284083612756,0.01299224633854876,0.9870077536614512
0.01,0.25,14,correlation_aware,28034,6,71966,654,0.00021402582578297782,0.0090876247116694,0.9909123752883306
0.01,0.25,14,three_source_diverse,28034,70,71966,132,0.0024969679674680745,0.0018341994830892365,0.9981658005169107
0.01,0.25,15,single_source,28194,236,71806,512,0.008370575299709158,0.007130323371306019,0.992869676628694
0.01,0.25,15,redundant_fail_closed,28194,73,71806,896,0.002589203376604951,0.012478065899785533,0.9875219341002145
0.01,0.25,15,correlation_aware,28194,4,71806,677,0.00014187415762218912,0.00942818148901206,0.990571818510988
0.01,0.25,15,three_source_diverse,28194,77,71806,154,0.0027310775342271405,0.0021446675765256387,0.9978553324234744
0.01,0.25,16,single_source,27819,217,72181,543,0.0078004241705309325,0.0075227552957149385,0.9924772447042851
0.01,0.25,16,redundant_fail_closed,27819,57,72181,935,0.00204895934433301,0.012953547332400494,0.9870464526675995
0.01,0.25,16,correlation_aware,27819,2,72181,705,7.189331032747403e-05,0.009767113229243153,0.9902328867707568
0.01,0.25,16,three_source_diverse,27819,59,72181,168,0.0021208526546604837,0.002327482301436666,0.9976725176985634
0.01,0.25,17,single_source,28057,221,71943,575,0.00787682218341234,0.007992438458223871,0.9920075615417762
0.01,0.25,17,redundant_fail_closed,28057,62,71943,982,0.0022097872188758597,0.01364969489734929,0.9863503051026508
0.01,0.25,17,correlation_aware,28057,9,71943,704,0.00032077556403036677,0.009785524651460183,0.9902144753485398
0.01,0.25,17,three_source_diverse,28057,69,71943,162,0.0024592793242328116,0.002251782661273508,0.9977482173387265
0.01,0.25,18,single_source,28089,240,71911,555,0.008544269998931967,0.0077178734824992,0.9922821265175008
0.01,0.25,18,redundant_fail_closed,28089,72,71911,943,0.00256328099967959,0.013113431881075218,0.9868865681189248
0.01,0.25,18,correlation_aware,28089,4,71911,678,0.00014240449998219944,0.009428321119161186,0.9905716788808389
0.01,0.25,18,three_source_diverse,28089,76,71911,170,0.002705685499661789,0.002364033318963719,0.9976359666810363
0.01,0.25,19,single_source,28419,250,71581,563,0.008796931630247369,0.007865215629845908,0.9921347843701541
0.01,0.25,19,redundant_fail_closed,28419,67,71581,962,0.002357577676906295,0.013439320490074182,0.9865606795099258
0.01,0.25,19,correlation_aware,28419,8,71581,664,0.00028150181216791585,0.009276204579427502,0.9907237954205725
0.01,0.25,19,three_source_diverse,28419,72,71581,173,0.0025335163095112426,0.0024168424581942137,0.9975831575418058
0.01,0.25,20,single_source,27967,237,72033,504,0.008474273250616799,0.006996793136479114,0.9930032068635208
0.01,0.25,20,redundant_fail_closed,27967,58,72033,865,0.0020738727786319593,0.012008385045742923,0.987991614954257
0.01,0.25,20,correlation_aware,27967,3,72033,644,0.0001072692816533772,0.00894034678550109,0.991059653214499
0.01,0.25,20,three_source_diverse,27967,61,72033,128,0.0021811420602853362,0.0017769633362486638,0.9982230366637513
0.01,0.25,21,single_source,27934,209,72066,561,0.007481921672513782,0.0077845308467238365,0.9922154691532762
0.01,0.25,21,redundant_fail_closed,27934,47,72066,956,0.0016825374096083626,0.013265617628285183,0.9867343823717148
0.01,0.25,21,correlation_aware,27934,3,72066,664,0.00010739600486861888,0.00921377626064996,0.99078622373935
0.01,0.25,21,three_source_diverse,27934,49,72066,183,0.0017541347461874418,0.0025393389393056367,0.9974606610606943
0.01,0.25,22,single_source,28169,213,71831,573,0.00756150378075189,0.007977057259400537,0.9920229427405994
0.01,0.25,22,redundant_fail_closed,28169,57,71831,969,0.002023501011750506,0.013489997354902479,0.9865100026450975
0.01,0.25,22,correlation_aware,28169,8,71831,697,0.000284000142000071,0.009703331430719327,0.9902966685692807
0.01,0.25,22,three_source_diverse,28169,65,71831,183,0.002307501153750577,0.0025476465592849883,0.997452353440715
0.01,0.25,23,single_source,27881,274,72119,561,0.009827481080305584,0.007778810022324214,0.9922211899776758
0.01,0.25,23,redundant_fail_closed,27881,70,72119,946,0.0025106703489831783,0.013117209057252596,0.9868827909427474
0.01,0.25,23,correlation_aware,27881,6,72119,687,0.00021520031562712958,0.00952592243375532,0.9904740775662447
0.01,0.25,23,three_source_diverse,27881,76,72119,168,0.0027258706646103082,0.002329483215241476,0.9976705167847585
0.01,0.25,24,single_source,28148,234,71852,517,0.00831320164842973,0.007195345988977342,0.9928046540110227
0.01,0.25,24,redundant_fail_closed,28148,49,71852,923,0.0017407986357822936,0.012845849802371542,0.9871541501976284
0.01,0.25,24,correlation_aware,28148,7,71852,665,0.0002486855193974705,0.009255135556421533,0.9907448644435785
0.01,0.25,24,three_source_diverse,28148,55,71852,144,0.001953957652408697,0.0020041195791348884,0.9979958804208651
0.01,0.25,25,single_source,27894,214,72106,510,0.007671900767190077,0.0070729204227110085,0.992927079577289
0.01,0.25,25,redundant_fail_closed,27894,46,72106,878,0.0016491001649100165,0.012176517904196599,0.9878234820958034
0.01,0.25,25,correlation_aware,27894,4,72106,696,0.00014340001434000142,0.009652456106287965,0.990347543893712
0.01,0.25,25,three_source_diverse,27894,49,72106,167,0.0017566501756650175,0.0023160347266524286,0.9976839652733476
0.01,0.25,26,single_source,27928,260,72072,590,0.009309653394442853,0.008186258186258186,0.9918137418137418
0.01,0.25,26,redundant_fail_closed,27928,71,72072,970,0.0025422515038670867,0.013458763458763458,0.9865412365412365
0.01,0.25,26,correlation_aware,27928,2,72072,689,7.161271841879118e-05,0.00955988455988456,0.9904401154401155
0.01,0.25,26,three_source_diverse,27928,73,72072,154,0.002613864222285878,0.002136752136752137,0.9978632478632479
0.01,0.25,27,single_source,27861,231,72139,525,0.008291159685581997,0.007277616823077669,0.9927223831769223
0.01,0.25,27,redundant_fail_closed,27861,65,72139,937,0.0023330103011377913,0.012988813263283383,0.9870111867367166
0.01,0.25,27,correlation_aware,27861,3,72139,656,0.0001076773985140519,0.009093555497026574,0.9909064445029734
0.01,0.25,27,three_source_diverse,27861,68,72139,139,0.002440687699651843,0.0019268356922053258,0.9980731643077947
0.01,0.25,28,single_source,27972,223,72028,578,0.007972257972257972,0.008024657077803076,0.9919753429221969
0.01,0.25,28,redundant_fail_closed,27972,69,72028,981,0.0024667524667524665,0.013619703448658855,0.9863802965513412
0.01,0.25,28,correlation_aware,27972,8,72028,736,0.000286000286000286,0.010218248458932638,0.9897817515410674
0.01,0.25,28,three_source_diverse,27972,77,72028,177,0.0027527527527527527,0.0024573776864552674,0.9975426223135447
0.01,0.25,29,single_source,28011,241,71989,544,0.008603762807468494,0.007556710052924753,0.9924432899470752
0.01,0.25,29,redundant_fail_closed,28011,66,71989,925,0.0023562172003855626,0.01284918529219742,0.9871508147078025
0.01,0.25,29,correlation_aware,28011,2,71989,715,7.140052122380494e-05,0.009932072955590437,0.9900679270444096
0.01,0.25,29,three_source_diverse,28011,68,71989,165,0.0024276177216093677,0.0022920168359054855,0.9977079831640945
0.01,0.5,0,single_source,28045,215,71955,537,0.007666250668568372,0.007462997706900146,0.9925370022930998
0.01,0.5,0,redundant_fail_closed,28045,92,71955,792,0.003280442146550187,0.011006879299562226,0.9889931207004378
0.01,0.5,0,correlation_aware,28045,2,71955,855,7.131395970761276e-05,0.011882426516572859,0.9881175734834271
0.01,0.5,0,three_source_diverse,28045,93,71955,292,0.0033160991264039935,0.0040580918629699115,0.9959419081370301
0.01,0.5,1,single_source,28192,235,71808,542,0.008335698070374575,0.007547905525846703,0.9924520944741533
0.01,0.5,1,redundant_fail_closed,28192,111,71808,820,0.003937287173666288,0.01141934046345811,0.9885806595365418
0.01,0.5,1,correlation_aware,28192,2,71808,876,7.094211123723042e-05,0.012199197860962567,0.9878008021390374
0.01,0.5,1,three_source_diverse,28192,113,71808,299,0.004008229284903519,0.004163881461675579,0.9958361185383244
0.01,0.5,2,single_source,28230,237,71770,511,0.008395324123273113,0.007119966559843946,0.9928800334401561
0.01,0.5,2,redundant_fail_closed,28230,120,71770,791,0.004250797024442083,0.011021318099484465,0.9889786819005155
0.01,0.5,2,correlation_aware,28230,1,71770,745,3.5423308537017356e-05,0.01038038177511495,0.9896196182248851
0.01,0.5,2,three_source_diverse,28230,121,71770,270,0.0042862203329791,0.003762017556081928,0.996237982443918
0.01,0.5,3,single_source,28063,215,71937,516,0.007661333428357624,0.007172942991784478,0.9928270570082155
0.01,0.5,3,redundant_fail_closed,28063,105,71937,787,0.0037415814417560487,0.010940128167702295,0.9890598718322977
0.01,0.5,3,correlation_aware,28063,4,71937,774,0.0001425364358764209,0.010759414487676717,0.9892405855123233
0.01,0.5,3,three_source_diverse,28063,108,71937,259,0.0038484837686633645,0.003600372548201899,0.9963996274517981
0.01,0.5,4,single_source,28119,200,71881,547,0.007112628471851773,0.007609799529778384,0.9923902004702216
0.01,0.5,4,redundant_fail_closed,28119,110,71881,814,0.003911945659518475,0.011324272060767101,0.9886757279392329
0.01,0.5,4,correlation_aware,28119,3,71881,820,0.0001066894270777766,0.011407743353598308,0.9885922566464017
0.01,0.5,4,three_source_diverse,28119,112,71881,298,0.003983071944236993,0.004145740877283288,0.9958542591227167
0.01,0.5,5,single_source,27927,223,72073,527,0.007985104021198123,0.007312030857602708,0.9926879691423973
0.01,0.5,5,redundant_fail_closed,27927,117,72073,812,0.004189494038027715,0.011266354945680075,0.9887336450543199
0.01,0.5,5,correlation_aware,27927,2,72073,805,7.161528270132846e-05,0.01116923119614835,0.9888307688038517
0.01,0.5,5,three_source_diverse,27927,118,72073,277,0.004225301679378379,0.003843325517183966,0.9961566744828161
0.01,0.5,6,single_source,28032,216,71968,525,0.007705479452054794,0.007294908848377056,0.992705091151623
0.01,0.5,6,redundant_fail_closed,28032,98,71968,805,0.0034960045662100455,0.01118552690084482,0.9888144730991552
0.01,0.5,6,correlation_aware,28032,6,71968,792,0.00021404109589041095,0.011004891062694531,0.9889951089373055
0.01,0.5,6,three_source_diverse,28032,103,71968,277,0.0036743721461187213,0.003848932859048466,0.9961510671409516
0.01,0.5,7,single_source,28233,232,71767,536,0.00821733432508058,0.00746861370825031,0.9925313862917496
0.01,0.5,7,redundant_fail_closed,28233,108,71767,805,0.003825310806503028,0.01121685454317444,0.9887831454568256
0.01,0.5,7,correlation_aware,28233,2,71767,846,7.083908900931534e-05,0.011788147755932392,0.9882118522440676
0.01,0.5,7,three_source_diverse,28233,109,71767,322,0.003860730351007686,0.004486741817269776,0.9955132581827302
0.01,0.5,8,single_source,27970,218,72030,558,0.007794065069717555,0.007746772178259058,0.992253227821741
0.01,0.5,8,redundant_fail_closed,27970,116,72030,808,0.004147300679299249,0.01121754824378731,0.9887824517562127
0.01,0.5,8,correlation_aware,27970,4,72030,801,0.00014301036825169826,0.011120366513952519,0.9888796334860475
0.01,0.5,8,three_source_diverse,27970,117,72030,292,0.004183053271362174,0.004053866444536998,0.995946133555463
0.01,0.5,9,single_source,27967,221,72033,555,0.00790217041513212,0.00770480196576569,0.9922951980342343
0.01,0.5,9,redundant_fail_closed,27967,125,72033,828,0.0044695534022240494,0.011494731581358544,0.9885052684186415
0.01,0.5,9,correlation_aware,27967,5,72033,822,0.00017878213608896198,0.011411436424971888,0.9885885635750281
0.01,0.5,9,three_source_diverse,27967,128,72033,290,0.004576822683877427,0.004025932558688379,0.9959740674413117
0.01,0.5,10,single_source,27722,238,72278,526,0.00858523916023375,0.00727745648745123,0.9927225435125487
0.01,0.5,10,redundant_fail_closed,27722,118,72278,781,0.0042565471466705146,0.010805500982318271,0.9891944990176817
0.01,0.5,10,correlation_aware,27722,3,72278,784,0.00010821730033908087,0.010847007388140236,0.9891529926118597
0.01,0.5,10,three_source_diverse,27722,121,72278,282,0.004364764447009595,0.003901602147264728,0.9960983978527352
0.01,0.5,11,single_source,28028,227,71972,522,0.008099043813329527,0.007252820541321625,0.9927471794586784
0.01,0.5,11,redundant_fail_closed,28028,115,71972,772,0.004103039817325531,0.010726393597510143,0.9892736064024898
0.01,0.5,11,correlation_aware,28028,0,71972,761,0.0,0.010573556383037848,0.9894264436169622
0.01,0.5,11,three_source_diverse,28028,115,71972,280,0.004103039817325531,0.00389040182293114,0.9961095981770689
0.01,0.5,12,single_source,28118,223,71882,540,0.007930862792517248,0.007512311844411675,0.9924876881555883
0.01,0.5,12,redundant_fail_closed,28118,110,71882,790,0.003912084785546625,0.010990233994602265,0.9890097660053977
0.01,0.5,12,correlation_aware,28118,3,71882,802,0.00010669322142399886,0.011157174257811413,0.9888428257421886
0.01,0.5,12,three_source_diverse,28118,112,71882,295,0.003983213599829291,0.004103948137224896,0.9958960518627751
0.01,0.5,13,single_source,28203,231,71797,538,0.008190618019359643,0.00749334930428848,0.9925066506957115
0.01,0.5,13,redundant_fail_closed,28203,108,71797,794,0.0038293798532071056,0.011058957895176679,0.9889410421048234
0.01,0.5,13,correlation_aware,28203,5,71797,839,0.00017728610431514379,0.011685725030293744,0.9883142749697063
0.01,0.5,13,three_source_diverse,28203,112,71797,303,0.003971208736659221,0.004220232043121579,0.9957797679568784
0.01,0.5,14,single_source,28034,252,71966,532,0.008989084682885068,0.007392379734874802,0.9926076202651252
0.01,0.5,14,redundant_fail_closed,28034,131,71966,820,0.004672897196261682,0.01139426951616041,0.9886057304838396
0.01,0.5,14,correlation_aware,28034,8,71966,796,0.0002853677677106371,0.011060778701053275,0.9889392212989467
0.01,0.5,14,three_source_diverse,28034,135,71966,273,0.004815581080117001,0.0037934580218436484,0.9962065419781564
0.01,0.5,15,single_source,28194,247,71806,538,0.008760729233170178,0.007492410105005153,0.9925075898949949
0.01,0.5,15,redundant_fail_closed,28194,136,71806,798,0.00482372135915443,0.011113277441996491,0.9888867225580035
0.01,0.5,15,correlation_aware,28194,4,71806,813,0.00014187415762218912,0.011322173634515221,0.9886778263654847
0.01,0.5,15,three_source_diverse,28194,140,71806,291,0.0049655955167766195,0.004052586134863382,0.9959474138651366
0.01,0.5,16,single_source,27819,216,72181,565,0.007764477515367195,0.007827544644712598,0.9921724553552874
0.01,0.5,16,redundant_fail_closed,27819,111,72181,822,0.003990078723174808,0.011388038403457973,0.9886119615965421
0.01,0.5,16,correlation_aware,27819,2,72181,843,7.189331032747403e-05,0.011678973691137557,0.9883210263088624
0.01,0.5,16,three_source_diverse,27819,113,72181,303,0.004061972033502283,0.004197780579376844,0.9958022194206232
0.01,0.5,17,single_source,28057,244,71943,533,0.00869658195815661,0.007408642953449259,0.9925913570465508
0.01,0.5,17,redundant_fail_closed,28057,134,71943,802,0.004775991731118794,0.011147714162600948,0.988852285837399
0.01,0.5,17,correlation_aware,28057,5,71943,823,0.00017820864668353708,0.011439611914988254,0.9885603880850118
0.01,0.5,17,three_source_diverse,28057,138,71943,277,0.004918558648465623,0.0038502703529182825,0.9961497296470817
0.01,0.5,18,single_source,28089,244,71911,563,0.008686674498914165,0.007829122109273964,0.992170877890726
0.01,0.5,18,redundant_fail_closed,28089,128,71911,834,0.004556943999430382,0.011597669341269068,0.988402330658731
0.01,0.5,18,correlation_aware,28089,2,71911,816,7.120224999109972e-05,0.011347359931025851,0.9886526400689741
0.01,0.5,18,three_source_diverse,28089,130,71911,304,0.004628146249421481,0.004227447817441003,0.995772552182559
0.01,0.5,19,single_source,28419,247,71581,566,0.008691368450684401,0.007907126192704768,0.9920928738072953
0.01,0.5,19,redundant_fail_closed,28419,136,71581,837,0.004785530806854569,0.011693047037621715,0.9883069529623782
0.01,0.5,19,correlation_aware,28419,8,71581,790,0.00028150181216791585,0.011036448219499588,0.9889635517805004
0.01,0.5,19,three_source_diverse,28419,139,71581,293,0.004891093986417538,0.004093264972548582,0.9959067350274514
0.01,0.5,20,single_source,27967,226,72033,512,0.008080952551221082,0.007107853344994655,0.9928921466550054
0.01,0.5,20,redundant_fail_closed,27967,105,72033,760,0.003754424857868202,0.010550719808976441,0.9894492801910235
0.01,0.5,20,correlation_aware,27967,3,72033,785,0.0001072692816533772,0.010897782960587509,0.9891022170394125
0.01,0.5,20,three_source_diverse,27967,107,72033,268,0.0038259377123037864,0.00372051698527064,0.9962794830147294
0.01,0.5,21,single_source,27934,202,72066,591,0.007231330994487005,0.008200815918741155,0.9917991840812589
0.01,0.5,21,redundant_fail_closed,27934,100,72066,846,0.003579866828953963,0.011739239030888353,0.9882607609691116
0.01,0.5,21,correlation_aware,27934,3,72066,817,0.00010739600486861888,0.011336830127938279,0.9886631698720617
0.01,0.5,21,three_source_diverse,27934,102,72066,330,0.0036514641655330422,0.004579135792190492,0.9954208642078095
0.01,0.5,22,single_source,28169,231,71831,583,0.00820050410025205,0.008116272918377859,0.9918837270816221
0.01,0.5,22,redundant_fail_closed,28169,116,71831,865,0.00411800205900103,0.012042154501538333,0.9879578454984617
0.01,0.5,22,correlation_aware,28169,8,71831,832,0.000284000142000071,0.011582742826913172,0.9884172571730868
0.01,0.5,22,three_source_diverse,28169,124,71831,317,0.004402002201001101,0.0044131363895811,0.9955868636104189
0.01,0.5,23,single_source,27881,269,72119,558,0.009648147483949644,0.007737212107766331,0.9922627878922337
0.01,0.5,23,redundant_fail_closed,27881,137,72119,821,0.004913740540152792,0.011383962617340784,0.9886160373826592
0.01,0.5,23,correlation_aware,27881,4,72119,821,0.00014346687708475305,0.011383962617340784,0.9886160373826592
0.01,0.5,23,three_source_diverse,27881,140,72119,296,0.005021340697966357,0.004104327569711172,0.9958956724302889
0.01,0.5,24,single_source,28148,235,71852,506,0.008348728151200796,0.007042253521126761,0.9929577464788732
0.01,0.5,24,redundant_fail_closed,28148,112,71852,767,0.003978968310359528,0.010674720258308746,0.9893252797416913
0.01,0.5,24,correlation_aware,28148,7,71852,785,0.0002486855193974705,0.010925235205700606,0.9890747647942993
0.01,0.5,24,three_source_diverse,28148,117,71852,263,0.004156600824214865,0.0036603017313366366,0.9963396982686633
0.01,0.5,25,single_source,27894,217,72106,529,0.0077794507779450775,0.007336421379635537,0.9926635786203645
0.01,0.5,25,redundant_fail_closed,27894,104,72106,763,0.0037284003728400373,0.010581643691232353,0.9894183563087676
0.01,0.5,25,correlation_aware,27894,3,72106,823,0.00010755001075500108,0.011413751976257177,0.9885862480237428
0.01,0.5,25,three_source_diverse,27894,106,72106,292,0.003800100380010038,0.00404959365378748,0.9959504063462126
0.01,0.5,26,single_source,27928,263,72072,545,0.00941707247207104,0.007561882561882562,0.9924381174381174
0.01,0.5,26,redundant_fail_closed,27928,129,72072,798,0.004619020338012031,0.011072261072261072,0.9889277389277389
0.01,0.5,26,correlation_aware,27928,3,72072,807,0.00010741907762818677,0.011197136197136198,0.9888028638028638
0.01,0.5,26,three_source_diverse,27928,131,72072,269,0.004690633056430822,0.0037323787323787325,0.9962676212676213
0.01,0.5,27,single_source,27861,240,72139,543,0.008614191881124151,0.007527135114154618,0.9924728648858454
0.01,0.5,27,redundant_fail_closed,27861,124,72139,820,0.004450665805247478,0.011366944371283216,0.9886330556287168
0.01,0.5,27,correlation_aware,27861,4,72139,804,0.00014356986468540254,0.011145150334770374,0.9888548496652296
0.01,0.5,27,three_source_diverse,27861,127,72139,277,0.0045583432037615305,0.003839809257128599,0.9961601907428714
0.01,0.5,28,single_source,27972,229,72028,573,0.008186758186758188,0.007955239629033153,0.9920447603709669
0.01,0.5,28,redundant_fail_closed,27972,126,72028,854,0.0045045045045045045,0.011856500249902816,0.9881434997500972
0.01,0.5,28,correlation_aware,27972,6,72028,864,0.0002145002145002145,0.011995335147442662,0.9880046648525573
0.01,0.5,28,three_source_diverse,27972,131,72028,304,0.004683254683254683,0.004220580885211307,0.9957794191147887
0.01,0.5,29,single_source,28011,253,71989,533,0.009032165934811324,0.007403908930531053,0.992596091069469
0.01,0.5,29,redundant_fail_closed,28011,126,71989,781,0.004498232837099711,0.010848879689952632,0.9891511203100474
0.01,0.5,29,correlation_aware,28011,1,71989,843,3.570026061190247e-05,0.011710122379808027,0.9882898776201919
0.01,0.5,29,three_source_diverse,28011,127,71989,290,0.0045339330977116135,0.004028393226742975,0.995971606773257
0.01,0.75,0,single_source,28045,216,71955,527,0.007701907648422179,0.0073240219581683,0.9926759780418317
0.01,0.75,0,redundant_fail_closed,28045,150,71955,643,0.005348546978070958,0.008936140643457716,0.9910638593565423
0.01,0.75,0,correlation_aware,28045,2,71955,968,7.131395970761276e-05,0.01345285247724272,0.9865471475227573
0.01,0.75,0,three_source_diverse,28045,151,71955,404,0.0053842039579247635,0.0056146202487665905,0.9943853797512334
0.01,0.75,1,single_source,28192,218,71808,551,0.0077326901248581156,0.007673239750445633,0.9923267602495544
0.01,0.75,1,redundant_fail_closed,28192,168,71808,686,0.005959137343927355,0.00955325311942959,0.9904467468805704
0.01,0.75,1,correlation_aware,28192,2,71808,1001,7.094211123723042e-05,0.013939950980392158,0.9860600490196079
0.01,0.75,1,three_source_diverse,28192,169,71808,419,0.00599460839954597,0.005835004456327985,0.994164995543672
0.01,0.75,2,single_source,28230,236,71770,507,0.008359900814736096,0.00706423296642051,0.9929357670335794
0.01,0.75,2,redundant_fail_closed,28230,168,71770,641,0.005951115834218916,0.008931308346105615,0.9910686916538944
0.01,0.75,2,correlation_aware,28230,2,71770,858,7.084661707403471e-05,0.011954855789327017,0.988045144210673
0.01,0.75,2,three_source_diverse,28230,169,71770,381,0.005986539142755934,0.005308624773582277,0.9946913752264177
0.01,0.75,3,single_source,28063,198,71937,539,0.007055553575882835,0.007492667194906655,0.9925073328050933
0.01,0.75,3,redundant_fail_closed,28063,146,71937,662,0.005202579909489363,0.009202496628994816,0.9907975033710051
0.01,0.75,3,correlation_aware,28063,2,71937,923,7.126821793821046e-05,0.012830671281816034,0.987169328718184
0.01,0.75,3,three_source_diverse,28063,147,71937,408,0.005238214018458469,0.005671629342341215,0.9943283706576588
0.01,0.75,4,single_source,28119,212,71881,575,0.007539386180162879,0.00799933222965735,0.9920006677703427
0.01,0.75,4,redundant_fail_closed,28119,164,71881,713,0.005832355346918454,0.009919171964775115,0.9900808280352249
0.01,0.75,4,correlation_aware,28119,4,71881,950,0.00014225256943703547,0.013216288031607796,0.9867837119683922
0.01,0.75,4,three_source_diverse,28119,166,71881,426,0.005903481631636971,0.005926461791015706,0.9940735382089843
0.01,0.75,5,single_source,27927,220,72073,539,0.00787768109714613,0.0074785287139428076,0.9925214712860572
0.01,0.75,5,redundant_fail_closed,27927,173,72073,686,0.006194721953664912,0.009518127454109028,0.9904818725458909
0.01,0.75,5,correlation_aware,27927,2,72073,943,7.161528270132846e-05,0.013083956544059494,0.9869160434559405
0.01,0.75,5,three_source_diverse,27927,174,72073,410,0.006230529595015576,0.005688676758286737,0.9943113232417132
0.01,0.75,6,single_source,28032,210,71968,523,0.007491438356164383,0.007267118719430858,0.9927328812805691
0.01,0.75,6,redundant_fail_closed,28032,150,71968,644,0.005351027397260274,0.008948421520675856,0.9910515784793241
0.01,0.75,6,correlation_aware,28032,5,71968,923,0.0001783675799086758,0.01282514450867052,0.9871748554913294
0.01,0.75,6,three_source_diverse,28032,153,71968,403,0.00545804794520548,0.005599710982658959,0.994400289017341
0.01,0.75,7,single_source,28233,230,71767,565,0.008146495236071263,0.00787269915142057,0.9921273008485795
0.01,0.75,7,redundant_fail_closed,28233,158,71767,709,0.005596288031735912,0.009879192386472892,0.990120807613527
0.01,0.75,7,correlation_aware,28233,1,71767,980,3.541954450465767e-05,0.01365530118299497,0.986344698817005
0.01,0.75,7,three_source_diverse,28233,158,71767,455,0.005596288031735912,0.006339961263533379,0.9936600387364666
0.01,0.75,8,single_source,27970,219,72030,561,0.007829817661780479,0.007788421491045398,0.9922115785089546
0.01,0.75,8,redundant_fail_closed,27970,177,72030,686,0.006328208795137648,0.009523809523809525,0.9904761904761905
0.01,0.75,8,correlation_aware,27970,4,72030,933,0.00014301036825169826,0.012952936276551436,0.9870470637234485
0.01,0.75,8,three_source_diverse,27970,178,72030,424,0.006363961387200572,0.005886436207135915,0.9941135637928641
0.01,0.75,9,single_source,27967,223,72033,549,0.007973683269567705,0.007621506809379034,0.992378493190621
0.01,0.75,9,redundant_fail_closed,27967,181,72033,692,0.006471913326420424,0.009606708036594339,0.9903932919634056
0.01,0.75,9,correlation_aware,27967,4,72033,960,0.0001430257088711696,0.013327225021864978,0.986672774978135
0.01,0.75,9,three_source_diverse,27967,181,72033,424,0.006471913326420424,0.005886191051323699,0.9941138089486763
0.01,0.75,10,single_source,27722,235,72278,539,0.008477021859894669,0.007457317579346413,0.9925426824206536
0.01,0.75,10,redundant_fail_closed,27722,172,72278,660,0.00620445855277397,0.009131409280832342,0.9908685907191677
0.01,0.75,10,correlation_aware,27722,3,72278,929,0.00010821730033908087,0.012853150336201886,0.9871468496637981
0.01,0.75,10,three_source_diverse,27722,173,72278,423,0.0062405309862203304,0.005852403220897091,0.9941475967791029
0.01,0.75,11,single_source,28028,216,71972,543,0.007706579135150563,0.007544600678041461,0.9924553993219586
0.01,0.75,11,redundant_fail_closed,28028,165,71972,672,0.005886970172684459,0.009336964375034736,0.9906630356249653
0.01,0.75,11,correlation_aware,28028,0,71972,898,0.0,0.012477074417829156,0.9875229255821708
0.01,0.75,11,three_source_diverse,28028,165,71972,410,0.005886970172684459,0.005696659812149169,0.9943033401878508
0.01,0.75,12,single_source,28118,220,71882,545,0.00782416957109325,0.0075818702874154865,0.9924181297125845
0.01,0.75,12,redundant_fail_closed,28118,163,71882,673,0.005796998364037271,0.009362566428313068,0.990637433571687
0.01,0.75,12,correlation_aware,28118,1,71882,936,3.556440714133296e-05,0.01302134053031357,0.9869786594696864
0.01,0.75,12,three_source_diverse,28118,163,71882,426,0.005796998364037271,0.005926379343924765,0.9940736206560752
0.01,0.75,13,single_source,28203,244,71797,571,0.008651561890579017,0.007952978536707662,0.9920470214632924
0.01,0.75,13,redundant_fail_closed,28203,174,71797,712,0.006169556430167003,0.009916848893407803,0.9900831511065922
0.01,0.75,13,correlation_aware,28203,4,71797,978,0.00014182888345211502,0.013621739069877572,0.9863782609301224
0.01,0.75,13,three_source_diverse,28203,176,71797,440,0.006240470871893061,0.006128389765589092,0.993871610234411
0.01,0.75,14,single_source,28034,247,71966,543,0.00881072982806592,0.007545229691798905,0.9924547703082011
0.01,0.75,14,redundant_fail_closed,28034,183,71966,684,0.006527787686380823,0.009504488230553316,0.9904955117694467
0.01,0.75,14,correlation_aware,28034,7,71966,928,0.00024969679674680746,0.012894978184142512,0.9871050218158575
0.01,0.75,14,three_source_diverse,28034,185,71966,400,0.006599129628308483,0.005558180251785566,0.9944418197482144
0.01,0.75,15,single_source,28194,254,71806,554,0.009009009009009009,0.0077152327103584654,0.9922847672896415
0.01,0.75,15,redundant_fail_closed,28194,198,71806,689,0.007022770802298362,0.009595298443027044,0.9904047015569729
0.01,0.75,15,correlation_aware,28194,2,71806,940,7.093707881109456e-05,0.013090828064507145,0.9869091719354929
0.01,0.75,15,three_source_diverse,28194,198,71806,417,0.007022770802298362,0.0058073141520207225,0.9941926858479793
0.01,0.75,16,single_source,27819,226,72181,565,0.008123944067004566,0.007827544644712598,0.9921724553552874
0.01,0.75,16,redundant_fail_closed,27819,171,72181,689,0.0061468780329990294,0.009545448248153947,0.990454551751846
0.01,0.75,16,correlation_aware,27819,0,72181,977,0.0,0.01353541790775966,0.9864645820922403
0.01,0.75,16,three_source_diverse,27819,171,72181,439,0.0061468780329990294,0.006081932918635098,0.9939180670813649
0.01,0.75,17,single_source,28057,262,71943,519,0.009338133086217342,0.007214044451857721,0.9927859555481423
0.01,0.75,17,redundant_fail_closed,28057,198,71943,644,0.007057062408668068,0.008951531073210737,0.9910484689267892
0.01,0.75,17,correlation_aware,28057,2,71943,947,7.128345867341483e-05,0.013163198643370446,0.9868368013566295
0.01,0.75,17,three_source_diverse,28057,199,71943,401,0.007092704138004776,0.005573857081300474,0.9944261429186996
0.01,0.75,18,single_source,28089,241,71911,591,0.008579871123927517,0.008218492302985636,0.9917815076970143
0.01,0.75,18,redundant_fail_closed,28089,186,71911,728,0.006621809249172274,0.010123625036503455,0.9898763749634966
0.01,0.75,18,correlation_aware,28089,2,71911,963,7.120224999109972e-05,0.013391553448012126,0.9866084465519879
0.01,0.75,18,three_source_diverse,28089,187,71911,449,0.006657410374167823,0.006243829177733588,0.9937561708222664
0.01,0.75,19,single_source,28419,249,71581,549,0.00876174390372638,0.007669633003171233,0.9923303669968287
0.01,0.75,19,redundant_fail_closed,28419,193,71581,698,0.006791231218550969,0.009751190958494572,0.9902488090415055
0.01,0.75,19,correlation_aware,28419,8,71581,922,0.00028150181216791585,0.012880512985289392,0.9871194870147106
0.01,0.75,19,three_source_diverse,28419,194,71581,422,0.006826418945071959,0.005895419175479527,0.9941045808245205
0.01,0.75,20,single_source,27967,224,72033,500,0.008009439696785497,0.006941263032221343,0.9930587369677787
0.01,0.75,20,redundant_fail_closed,27967,157,72033,620,0.0056137590731934065,0.008607166159954466,0.9913928338400455
0.01,0.75,20,correlation_aware,27967,2,72033,906,7.15128544355848e-05,0.012577568614385073,0.9874224313856149
0.01,0.75,20,three_source_diverse,27967,158,72033,387,0.0056495155004111985,0.005372537586939319,0.9946274624130607
0.01,0.75,21,single_source,27934,194,72066,605,0.006944941648170688,0.00839508228568257,0.9916049177143175
0.01,0.75,21,redundant_fail_closed,27934,146,72066,724,0.005226605570272786,0.010046346404684594,0.9899536535953154
0.01,0.75,21,correlation_aware,27934,2,72066,960,7.159733657907926e-05,0.01332112230455416,0.9866788776954458
0.01,0.75,21,three_source_diverse,27934,147,72066,468,0.005262404238562325,0.006494047123470153,0.9935059528765299
0.01,0.75,22,single_source,28169,233,71831,578,0.008271504135752068,0.008046665088889198,0.9919533349111108
0.01,0.75,22,redundant_fail_closed,28169,173,71831,721,0.006141503070751535,0.0100374490122649,0.9899625509877351
0.01,0.75,22,correlation_aware,28169,5,71831,964,0.00017750008875004437,0.013420389525413818,0.9865796104745862
0.01,0.75,22,three_source_diverse,28169,178,71831,449,0.00631900315950158,0.006250783088081748,0.9937492169119182
0.01,0.75,23,single_source,27881,264,72119,577,0.009468813887593701,0.008000665566632927,0.9919993344333671
0.01,0.75,23,redundant_fail_closed,27881,193,72119,712,0.006922276819339335,0.009872571721737684,0.9901274282782623
0.01,0.75,23,correlation_aware,27881,4,72119,984,0.00014346687708475305,0.013644115974985787,0.9863558840250142
0.01,0.75,23,three_source_diverse,27881,195,72119,457,0.006994010257881712,0.006336748984317586,0.9936632510156824
0.01,0.75,24,single_source,28148,232,71852,528,0.008242148642887593,0.007348438456827924,0.992651561543172
0.01,0.75,24,redundant_fail_closed,28148,172,71852,660,0.006110558476623561,0.009185548071034905,0.9908144519289651
0.01,0.75,24,correlation_aware,28148,6,71852,921,0.0002131590166264033,0.01281801480821689,0.9871819851917831
0.01,0.75,24,three_source_diverse,28148,176,71852,399,0.00625266448770783,0.00555308133385292,0.9944469186661471
0.01,0.75,25,single_source,27894,215,72106,530,0.007707750770775077,0.007350289851052617,0.9926497101489474
0.01,0.75,25,redundant_fail_closed,27894,161,72106,648,0.005771850577185058,0.008986769478268106,0.9910132305217318
0.01,0.75,25,correlation_aware,27894,1,72106,956,3.5850003585000356e-05,0.013258258674728872,0.9867417413252711
0.01,0.75,25,three_source_diverse,27894,161,72106,422,0.005771850577185058,0.005852494938007932,0.9941475050619921
0.01,0.75,26,single_source,27928,266,72072,514,0.009524491549699227,0.007131757131757132,0.9928682428682428
0.01,0.75,26,redundant_fail_closed,27928,198,72072,650,0.007089659123460327,0.009018759018759018,0.990981240981241
0.01,0.75,26,correlation_aware,27928,3,72072,927,0.00010741907762818677,0.012862137862137862,0.9871378621378621
0.01,0.75,26,three_source_diverse,27928,200,72072,383,0.007161271841879118,0.005314130314130314,0.9946858696858697
0.01,0.75,27,single_source,27861,230,72139,529,0.008255267219410646,0.007333065332205881,0.9926669346677941
0.01,0.75,27,redundant_fail_closed,27861,180,72139,677,0.006460643910843114,0.00938466016994968,0.9906153398300503
0.01,0.75,27,correlation_aware,27861,3,72139,923,0.0001076773985140519,0.012794743481334645,0.9872052565186653
0.01,0.75,27,three_source_diverse,27861,182,72139,398,0.006532428843185815,0.0055171266582569765,0.994482873341743
0.01,0.75,28,single_source,27972,229,72028,560,0.008186758186758188,0.007774754262231355,0.9922252457377686
0.01,0.75,28,redundant_fail_closed,27972,182,72028,706,0.0065065065065065065,0.0098017437663131,0.9901982562336868
0.01,0.75,28,correlation_aware,27972,2,72028,981,7.15000715000715e-05,0.013619703448658855,0.9863802965513412
0.01,0.75,28,three_source_diverse,27972,183,72028,421,0.006542256542256542,0.0058449491864275005,0.9941550508135725
0.01,0.75,29,single_source,28011,238,71989,541,0.008496662025632788,0.007515037019544653,0.9924849629804553
0.01,0.75,29,redundant_fail_closed,28011,176,71989,670,0.006283245867694834,0.009306977454888942,0.990693022545111
0.01,0.75,29,correlation_aware,28011,2,71989,988,7.140052122380494e-05,0.013724318993179514,0.9862756810068205
0.01,0.75,29,three_source_diverse,28011,177,71989,428,0.0063189461283067365,0.005945352762227562,0.9940546472377725
0.01,1.0,0,single_source,28045,212,71955,524,0.007559279729006953,0.007282329233548746,0.9927176707664512
0.01,1.0,0,redundant_fail_closed,28045,212,71955,524,0.007559279729006953,0.007282329233548746,0.9927176707664512
0.01,1.0,0,correlation_aware,28045,1,71955,1096,3.565697985380638e-05,0.015231742061010354,0.9847682579389897
0.01,1.0,0,three_source_diverse,28045,212,71955,524,0.007559279729006953,0.007282329233548746,0.9927176707664512
0.01,1.0,1,single_source,28192,232,71808,560,0.008229284903518728,0.007798573975044563,0.9922014260249554
0.01,1.0,1,redundant_fail_closed,28192,232,71808,560,0.008229284903518728,0.007798573975044563,0.9922014260249554
0.01,1.0,1,correlation_aware,28192,1,71808,1144,3.547105561861521e-05,0.015931372549019607,0.9840686274509804
0.01,1.0,1,three_source_diverse,28192,232,71808,560,0.008229284903518728,0.007798573975044563,0.9922014260249554
0.01,1.0,2,single_source,28230,214,71770,506,0.007580588026921714,0.007050299568064651,0.9929497004319353
0.01,1.0,2,redundant_fail_closed,28230,214,71770,506,0.007580588026921714,0.007050299568064651,0.9929497004319353
0.01,1.0,2,correlation_aware,28230,2,71770,986,7.084661707403471e-05,0.013738330778876968,0.986261669221123
0.01,1.0,2,three_source_diverse,28230,214,71770,506,0.007580588026921714,0.007050299568064651,0.9929497004319353
0.01,1.0,3,single_source,28063,187,71937,532,0.0066635783772226774,0.0073953598287390355,0.9926046401712609
0.01,1.0,3,redundant_fail_closed,28063,187,71937,532,0.0066635783772226774,0.0073953598287390355,0.9926046401712609
0.01,1.0,3,correlation_aware,28063,2,71937,1046,7.126821793821046e-05,0.014540500715904193,0.9854594992840958
0.01,1.0,3,three_source_diverse,28063,187,71937,532,0.0066635783772226774,0.0073953598287390355,0.9926046401712609
0.01,1.0,4,single_source,28119,211,71881,563,0.00750382303780362,0.007832389643994936,0.9921676103560051
0.01,1.0,4,redundant_fail_closed,28119,211,71881,563,0.00750382303780362,0.007832389643994936,0.9921676103560051
0.01,1.0,4,correlation_aware,28119,2,71881,1094,7.112628471851773e-05,0.015219599059556768,0.9847804009404433
0.01,1.0,4,three_source_diverse,28119,211,71881,563,0.00750382303780362,0.007832389643994936,0.9921676103560051
0.01,1.0,5,single_source,27927,215,72073,531,0.00769864289039281,0.007367530143049408,0.9926324698569506
0.01,1.0,5,redundant_fail_closed,27927,215,72073,531,0.00769864289039281,0.007367530143049408,0.9926324698569506
0.01,1.0,5,correlation_aware,27927,2,72073,1066,7.161528270132846e-05,0.014790559571545516,0.9852094404284545
0.01,1.0,5,three_source_diverse,27927,215,72073,531,0.00769864289039281,0.007367530143049408,0.9926324698569506
0.01,1.0,6,single_source,28032,206,71968,550,0.0073487442922374425,0.0076422854602045355,0.9923577145397955
0.01,1.0,6,redundant_fail_closed,28032,206,71968,550,0.0073487442922374425,0.0076422854602045355,0.9923577145397955
0.01,1.0,6,correlation_aware,28032,3,71968,1076,0.00010702054794520547,0.01495108937305469,0.9850489106269453
0.01,1.0,6,three_source_diverse,28032,206,71968,550,0.0073487442922374425,0.0076422854602045355,0.9923577145397955
0.01,1.0,7,single_source,28233,218,71767,579,0.007721460702015372,0.008067774882606212,0.9919322251173938
0.01,1.0,7,redundant_fail_closed,28233,218,71767,579,0.007721460702015372,0.008067774882606212,0.9919322251173938
0.01,1.0,7,correlation_aware,28233,3,71767,1114,0.00010625863351397301,0.015522454610057548,0.9844775453899425
0.01,1.0,7,three_source_diverse,28233,218,71767,579,0.007721460702015372,0.008067774882606212,0.9919322251173938
0.01,1.0,8,single_source,27970,227,72030,555,0.008115838398283875,0.0077051228654727195,0.9922948771345272
0.01,1.0,8,redundant_fail_closed,27970,227,72030,555,0.008115838398283875,0.0077051228654727195,0.9922948771345272
0.01,1.0,8,correlation_aware,27970,5,72030,1066,0.0001787629603146228,0.014799389143412467,0.9852006108565875
0.01,1.0,8,three_source_diverse,27970,227,72030,555,0.008115838398283875,0.0077051228654727195,0.9922948771345272
0.01,1.0,9,single_source,27967,253,72033,526,0.009046376086101477,0.007302208709896853,0.9926977912901032
0.01,1.0,9,redundant_fail_closed,27967,253,72033,526,0.009046376086101477,0.007302208709896853,0.9926977912901032
0.01,1.0,9,correlation_aware,27967,4,72033,1068,0.0001430257088711696,0.014826537836824789,0.9851734621631753
0.01,1.0,9,three_source_diverse,27967,253,72033,526,0.009046376086101477,0.007302208709896853,0.9926977912901032
0.01,1.0,10,single_source,27722,237,72278,541,0.00854916672678739,0.007484988516561056,0.9925150114834389
0.01,1.0,10,redundant_fail_closed,27722,237,72278,541,0.00854916672678739,0.007484988516561056,0.9925150114834389
0.01,1.0,10,correlation_aware,27722,4,72278,1050,0.00014428973378544116,0.014527242037687816,0.9854727579623122
0.01,1.0,10,three_source_diverse,27722,237,72278,541,0.00854916672678739,0.007484988516561056,0.9925150114834389
0.01,1.0,11,single_source,28028,225,71972,539,0.00802768659911517,0.007489023509142444,0.9925109764908575
0.01,1.0,11,redundant_fail_closed,28028,225,71972,539,0.00802768659911517,0.007489023509142444,0.9925109764908575
0.01,1.0,11,correlation_aware,28028,1,71972,1031,3.5678607107178535e-05,0.014325015283721447,0.9856749847162786
0.01,1.0,11,three_source_diverse,28028,225,71972,539,0.00802768659911517,0.007489023509142444,0.9925109764908575
0.01,1.0,12,single_source,28118,224,71882,550,0.007966427199658581,0.007651428730419298,0.9923485712695806
0.01,1.0,12,redundant_fail_closed,28118,224,71882,550,0.007966427199658581,0.007651428730419298,0.9923485712695806
0.01,1.0,12,correlation_aware,28118,2,71882,1064,7.112881428266591e-05,0.014802036671211152,0.9851979633287888
0.01,1.0,12,three_source_diverse,28118,224,71882,550,0.007966427199658581,0.007651428730419298,0.9923485712695806
0.01,1.0,13,single_source,28203,242,71797,567,0.008580647448852959,0.007897265902475034,0.9921027340975249
0.01,1.0,13,redundant_fail_closed,28203,242,71797,567,0.008580647448852959,0.007897265902475034,0.9921027340975249
0.01,1.0,13,correlation_aware,28203,2,71797,1108,7.091444172605751e-05,0.015432399682437984,0.984567600317562
0.01,1.0,13,three_source_diverse,28203,242,71797,567,0.008580647448852959,0.007897265902475034,0.9921027340975249
0.01,1.0,14,single_source,28034,233,71966,525,0.008311336234572305,0.007295111580468554,0.9927048884195314
0.01,1.0,14,redundant_fail_closed,28034,233,71966,525,0.008311336234572305,0.007295111580468554,0.9927048884195314
0.01,1.0,14,correlation_aware,28034,6,71966,1052,0.00021402582578297782,0.014618014062196037,0.985381985937804
0.01,1.0,14,three_source_diverse,28034,233,71966,525,0.008311336234572305,0.007295111580468554,0.9927048884195314
0.01,1.0,15,single_source,28194,238,71806,555,0.008441512378520253,0.007729159123193048,0.992270840876807
0.01,1.0,15,redundant_fail_closed,28194,238,71806,555,0.008441512378520253,0.007729159123193048,0.992270840876807
0.01,1.0,15,correlation_aware,28194,2,71806,1084,7.093707881109456e-05,0.015096231512686962,0.9849037684873131
0.01,1.0,15,three_source_diverse,28194,238,71806,555,0.008441512378520253,0.007729159123193048,0.992270840876807
0.01,1.0,16,single_source,27819,219,72181,569,0.007872317480858405,0.0078829608899849,0.9921170391100151
0.01,1.0,16,redundant_fail_closed,27819,219,72181,569,0.007872317480858405,0.0078829608899849,0.9921170391100151
0.01,1.0,16,correlation_aware,27819,0,72181,1108,0.0,0.015350299940427536,0.9846497000595724
0.01,1.0,16,three_source_diverse,27819,219,72181,569,0.007872317480858405,0.0078829608899849,0.9921170391100151
0.01,1.0,17,single_source,28057,252,71943,535,0.00898171579285027,0.007436442739390907,0.9925635572606091
0.01,1.0,17,redundant_fail_closed,28057,252,71943,535,0.00898171579285027,0.007436442739390907,0.9925635572606091
0.01,1.0,17,correlation_aware,28057,1,71943,1091,3.5641729336707415e-05,0.01516478323116912,0.9848352167688309
0.01,1.0,17,three_source_diverse,28057,252,71943,535,0.00898171579285027,0.007436442739390907,0.9925635572606091
0.01,1.0,18,single_source,28089,254,71911,559,0.009042685748869664,0.007773497795886582,0.9922265022041135
0.01,1.0,18,redundant_fail_closed,28089,254,71911,559,0.009042685748869664,0.007773497795886582,0.9922265022041135
0.01,1.0,18,correlation_aware,28089,1,71911,1076,3.560112499554986e-05,0.014962940301205657,0.9850370596987943
0.01,1.0,18,three_source_diverse,28089,254,71911,559,0.009042685748869664,0.007773497795886582,0.9922265022041135
0.01,1.0,19,single_source,28419,259,71581,531,0.009113621168936275,0.007418169626018077,0.992581830373982
0.01,1.0,19,redundant_fail_closed,28419,259,71581,531,0.009113621168936275,0.007418169626018077,0.992581830373982
0.01,1.0,19,correlation_aware,28419,8,71581,1033,0.00028150181216791585,0.014431203811067182,0.9855687961889328
0.01,1.0,19,three_source_diverse,28419,259,71581,531,0.009113621168936275,0.007418169626018077,0.992581830373982
0.01,1.0,20,single_source,27967,214,72033,509,0.007651875424607573,0.007066205766801327,0.9929337942331987
0.01,1.0,20,redundant_fail_closed,27967,214,72033,509,0.007651875424607573,0.007066205766801327,0.9929337942331987
0.01,1.0,20,correlation_aware,27967,1,72033,1032,3.57564272177924e-05,0.014326766898504852,0.9856732331014951
0.01,1.0,20,three_source_diverse,27967,214,72033,509,0.007651875424607573,0.007066205766801327,0.9929337942331987
0.01,1.0,21,single_source,27934,213,72066,597,0.007625116345671941,0.008284072933144617,0.9917159270668554
0.01,1.0,21,redundant_fail_closed,27934,213,72066,597,0.007625116345671941,0.008284072933144617,0.9917159270668554
0.01,1.0,21,correlation_aware,27934,2,72066,1092,7.159733657907926e-05,0.015152776621430355,0.9848472233785697
0.01,1.0,21,three_source_diverse,27934,213,72066,597,0.007625116345671941,0.008284072933144617,0.9917159270668554
0.01,1.0,22,single_source,28169,240,71831,572,0.00852000426000213,0.007963135693502805,0.9920368643064972
0.01,1.0,22,redundant_fail_closed,28169,240,71831,572,0.00852000426000213,0.007963135693502805,0.9920368643064972
0.01,1.0,22,correlation_aware,28169,0,71831,1088,0.0,0.015146663696732609,0.9848533363032674
0.01,1.0,22,three_source_diverse,28169,240,71831,572,0.00852000426000213,0.007963135693502805,0.9920368643064972
0.01,1.0,23,single_source,27881,268,72119,611,0.009612280764678455,0.008472108598288938,0.991527891401711
0.01,1.0,23,redundant_fail_closed,27881,268,72119,611,0.009612280764678455,0.008472108598288938,0.991527891401711
0.01,1.0,23,correlation_aware,27881,2,72119,1138,7.173343854237653e-05,0.01577947558895714,0.9842205244110429
0.01,1.0,23,three_source_diverse,27881,268,72119,611,0.009612280764678455,0.008472108598288938,0.991527891401711
0.01,1.0,24,single_source,28148,224,71852,528,0.007957936620719057,0.007348438456827924,0.992651561543172
0.01,1.0,24,redundant_fail_closed,28148,224,71852,528,0.007957936620719057,0.007348438456827924,0.992651561543172
0.01,1.0,24,correlation_aware,28148,2,71852,1052,7.105300554213443e-05,0.014641206925346546,0.9853587930746535
0.01,1.0,24,three_source_diverse,28148,224,71852,528,0.007957936620719057,0.007348438456827924,0.992651561543172
0.01,1.0,25,single_source,27894,207,72106,570,0.007420950742095075,0.007905028707735833,0.9920949712922642
0.01,1.0,25,redundant_fail_closed,27894,207,72106,570,0.007420950742095075,0.007905028707735833,0.9920949712922642
0.01,1.0,25,correlation_aware,27894,2,72106,1111,7.170000717000071e-05,0.015407871744376335,0.9845921282556237
0.01,1.0,25,three_source_diverse,27894,207,72106,570,0.007420950742095075,0.007905028707735833,0.9920949712922642
0.01,1.0,26,single_source,27928,252,72072,504,0.009023202520767689,0.006993006993006993,0.993006993006993
0.01,1.0,26,redundant_fail_closed,27928,252,72072,504,0.009023202520767689,0.006993006993006993,0.993006993006993
0.01,1.0,26,correlation_aware,27928,1,72072,1052,3.580635920939559e-05,0.014596514596514596,0.9854034854034854
0.01,1.0,26,three_source_diverse,27928,252,72072,504,0.009023202520767689,0.006993006993006993,0.993006993006993
0.01,1.0,27,single_source,27861,235,72139,515,0.0084347295502674,0.007138995550257142,0.9928610044497429
0.01,1.0,27,redundant_fail_closed,27861,235,72139,515,0.0084347295502674,0.007138995550257142,0.9928610044497429
0.01,1.0,27,correlation_aware,27861,2,72139,1043,7.178493234270127e-05,0.01445819875518097,0.985541801244819
0.01,1.0,27,three_source_diverse,27861,235,72139,515,0.0084347295502674,0.007138995550257142,0.9928610044497429
0.01,1.0,28,single_source,27972,237,72028,533,0.008472758472758473,0.0073999000388737714,0.9926000999611262
0.01,1.0,28,redundant_fail_closed,27972,237,72028,533,0.008472758472758473,0.0073999000388737714,0.9926000999611262
0.01,1.0,28,correlation_aware,27972,1,72028,1094,3.575003575003575e-05,0.015188537790859111,0.9848114622091408
0.01,1.0,28,three_source_diverse,27972,237,72028,533,0.008472758472758473,0.0073999000388737714,0.9926000999611262
0.01,1.0,29,single_source,28011,236,71989,548,0.008425261504408981,0.007612274097431552,0.9923877259025684
0.01,1.0,29,redundant_fail_closed,28011,236,71989,548,0.008425261504408981,0.007612274097431552,0.9923877259025684
0.01,1.0,29,correlation_aware,28011,2,71989,1114,7.140052122380494e-05,0.015474586395143703,0.9845254136048563
0.01,1.0,29,three_source_diverse,28011,236,71989,548,0.008425261504408981,0.007612274097431552,0.9923877259025684
0.05,0.0,0,single_source,28045,1148,71955,2612,0.04093421287216973,0.03630046556875825,0.9636995344312418
0.05,0.0,0,redundant_fail_closed,28045,55,71955,5009,0.001961133891959351,0.06961295253978181,0.9303870474602182
0.05,0.0,0,correlation_aware,28045,105,71955,2884,0.0037439828846496702,0.04008060593426447,0.9599193940657356
0.05,0.0,0,three_source_diverse,28045,157,71955,735,0.005598145837047602,0.010214717531790703,0.9897852824682093
0.05,0.0,1,single_source,28192,1128,71808,2606,0.040011350737797956,0.036291221033868094,0.9637087789661319
0.05,0.0,1,redundant_fail_closed,28192,40,71808,5054,0.0014188422247446084,0.07038213012477719,0.9296178698752228
0.05,0.0,1,correlation_aware,28192,102,71808,2970,0.0036180476730987513,0.04136029411764706,0.9586397058823529
0.05,0.0,1,three_source_diverse,28192,141,71808,751,0.0050014188422247445,0.010458444741532976,0.989541555258467
0.05,0.0,2,single_source,28230,1078,71770,2614,0.03818632660290471,0.03642190330221541,0.9635780966977846
0.05,0.0,2,redundant_fail_closed,28230,36,71770,4999,0.0012752391073326248,0.06965305838093912,0.9303469416190608
0.05,0.0,2,correlation_aware,28230,99,71770,2817,0.0035069075451647186,0.039250383168454785,0.9607496168315453
0.05,0.0,2,three_source_diverse,28230,134,71770,683,0.004746723343960326,0.009516511077051693,0.9904834889229484
0.05,0.0,3,single_source,28063,1064,71937,2552,0.037914691943127965,0.03547548549425192,0.964524514505748
0.05,0.0,3,redundant_fail_closed,28063,47,71937,5032,0.0016748031215479456,0.06995009522220832,0.9300499047777917
0.05,0.0,3,correlation_aware,28063,106,71937,2861,0.0037772155507251543,0.03977091065793681,0.9602290893420632
0.05,0.0,3,three_source_diverse,28063,149,71937,681,0.005309482236396679,0.009466616622878352,0.9905333833771216
0.05,0.0,4,single_source,28119,1063,71881,2541,0.037803620327892175,0.03535009251401622,0.9646499074859838
0.05,0.0,4,redundant_fail_closed,28119,57,71881,4852,0.002027099114477755,0.06750045213616951,0.9324995478638305
0.05,0.0,4,correlation_aware,28119,93,71881,2825,0.0033073722394110746,0.03930106704136003,0.96069893295864
0.05,0.0,4,three_source_diverse,28119,147,71881,713,0.005227781926811053,0.009919171964775115,0.9900808280352249
0.05,0.0,5,single_source,27927,1087,72073,2595,0.038922906148172016,0.03600516143354654,0.9639948385664534
0.05,0.0,5,redundant_fail_closed,27927,51,72073,4964,0.0018261897088838758,0.06887461323935454,0.9311253867606455
0.05,0.0,5,correlation_aware,27927,82,72073,2864,0.002936226590754467,0.03973748837983711,0.9602625116201629
0.05,0.0,5,three_source_diverse,27927,131,72073,753,0.004690801016937014,0.010447740485341252,0.9895522595146587
0.05,0.0,6,single_source,28032,1117,71968,2650,0.039847317351598174,0.03682192085371276,0.9631780791462873
0.05,0.0,6,redundant_fail_closed,28032,59,71968,5087,0.0021047374429223743,0.0706841929746554,0.9293158070253446
0.05,0.0,6,correlation_aware,28032,102,71968,2873,0.003638698630136986,0.039920520231213875,0.9600794797687862
0.05,0.0,6,three_source_diverse,28032,157,71968,753,0.00560074200913242,0.010462983548243664,0.9895370164517563
0.05,0.0,7,single_source,28233,1190,71767,2538,0.04214925796054263,0.035364443267797176,0.9646355567322028
0.05,0.0,7,redundant_fail_closed,28233,62,71767,4931,0.0021960117592887754,0.06870845931974305,0.931291540680257
0.05,0.0,7,correlation_aware,28233,102,71767,2745,0.0036127935394750822,0.03824877729318489,0.9617512227068151
0.05,0.0,7,three_source_diverse,28233,162,71767,662,0.0057379662097545425,0.009224295288921092,0.9907757047110789
0.05,0.0,8,single_source,27970,1127,72030,2664,0.04029317125491598,0.036984589754269055,0.9630154102457309
0.05,0.0,8,redundant_fail_closed,27970,49,72030,4988,0.0017518770110833035,0.06924892405941968,0.9307510759405804
0.05,0.0,8,correlation_aware,27970,84,72030,2926,0.0030032177332856634,0.040621963070942665,0.9593780369290573
0.05,0.0,8,three_source_diverse,27970,133,72030,723,0.004755094744368967,0.010037484381507705,0.9899625156184922
0.05,0.0,9,single_source,27967,1059,72033,2677,0.03786605642364215,0.03716352227451307,0.962836477725487
0.05,0.0,9,redundant_fail_closed,27967,57,72033,4999,0.002038116351414167,0.06939874779614899,0.930601252203851
0.05,0.0,9,correlation_aware,27967,87,72033,2902,0.0031108091679479385,0.040287090639012674,0.9597129093609873
0.05,0.0,9,three_source_diverse,27967,143,72033,737,0.005113169092144313,0.01023142170949426,0.9897685782905057
0.05,0.0,10,single_source,27722,1096,72278,2692,0.03953538705721088,0.0372450814909101,0.9627549185090899
0.05,0.0,10,redundant_fail_closed,27722,44,72278,5054,0.0015871870716398528,0.06992445834140402,0.930075541658596
0.05,0.0,10,correlation_aware,27722,109,72278,2889,0.0039318952456532715,0.03997066880655248,0.9600293311934476
0.05,0.0,10,three_source_diverse,27722,152,72278,745,0.0054830098838467645,0.010307424112454689,0.9896925758875453
0.05,0.0,11,single_source,28028,1121,71972,2613,0.03999571856714714,0.03630578558328239,0.9636942144167177
0.05,0.0,11,redundant_fail_closed,28028,58,71972,5017,0.002069359212216355,0.06970766409159117,0.9302923359084089
0.05,0.0,11,correlation_aware,28028,103,71972,2728,0.003674896532039389,0.0379036291891291,0.9620963708108708
0.05,0.0,11,three_source_diverse,28028,155,71972,672,0.005530184101612673,0.009336964375034736,0.9906630356249653
0.05,0.0,12,single_source,28118,1114,71882,2618,0.039618749555444914,0.03642080075679586,0.9635791992432041
0.05,0.0,12,redundant_fail_closed,28118,48,71882,4964,0.0017070915427839818,0.06905762221418436,0.9309423777858157
0.05,0.0,12,correlation_aware,28118,101,71882,2856,0.0035920051212746285,0.0397317826437773,0.9602682173562227
0.05,0.0,12,three_source_diverse,28118,145,71882,730,0.005156839035493278,0.010155532678556524,0.9898444673214435
0.05,0.0,13,single_source,28203,1095,71797,2664,0.03882565684501649,0.03710461439893032,0.9628953856010697
0.05,0.0,13,redundant_fail_closed,28203,49,71797,5063,0.001737403822288409,0.07051826677994902,0.929481733220051
0.05,0.0,13,correlation_aware,28203,97,71797,2859,0.003439350423713789,0.03982060531777094,0.960179394682229
0.05,0.0,13,three_source_diverse,28203,141,71797,737,0.004999468141687054,0.010265052857361729,0.9897349471426383
0.05,0.0,14,single_source,28034,1042,71966,2655,0.03716915174431048,0.03689242142122669,0.9631075785787733
0.05,0.0,14,redundant_fail_closed,28034,47,71966,5030,0.0016765356352999928,0.06989411666620349,0.9301058833337965
0.05,0.0,14,correlation_aware,28034,95,71966,2891,0.0033887422415638155,0.04017174776978017,0.9598282522302198
0.05,0.0,14,three_source_diverse,28034,139,71966,700,0.004958264963972319,0.00972681544062474,0.9902731845593753
0.05,0.0,15,single_source,28194,1131,71806,2500,0.04011491806767397,0.03481603208645517,0.9651839679135448
0.05,0.0,15,redundant_fail_closed,28194,48,71806,4948,0.0017024898914662695,0.06890789070551208,0.9310921092944879
0.05,0.0,15,correlation_aware,28194,93,71806,2764,0.003298574164715897,0.03849260507478484,0.9615073949252152
0.05,0.0,15,three_source_diverse,28194,141,71806,669,0.005001064056182166,0.009316770186335404,0.9906832298136646
0.05,0.0,16,single_source,27819,1064,72181,2546,0.038247241094216185,0.03527244011581995,0.96472755988418
0.05,0.0,16,redundant_fail_closed,27819,64,72181,4896,0.002300585930479169,0.06782948421329713,0.9321705157867028
0.05,0.0,16,correlation_aware,27819,111,72181,2816,0.003990078723174808,0.03901303667170031,0.9609869633282997
0.05,0.0,16,three_source_diverse,27819,167,72181,704,0.006003091412344081,0.009753259167925077,0.990246740832075
0.05,0.0,17,single_source,28057,1090,71943,2723,0.03884948497701109,0.03784940855955409,0.9621505914404459
0.05,0.0,17,redundant_fail_closed,28057,49,71943,5080,0.0017464447374986635,0.07061145629178656,0.9293885437082134
0.05,0.0,17,correlation_aware,28057,107,71943,2994,0.0038136650390276938,0.04161627955464743,0.9583837204453526
0.05,0.0,17,three_source_diverse,28057,151,71943,793,0.00538190112984282,0.011022615125863531,0.9889773848741364
0.05,0.0,18,single_source,28089,1173,71911,2681,0.04176011961977998,0.037282196047892534,0.9627178039521075
0.05,0.0,18,redundant_fail_closed,28089,59,71911,5049,0.0021004663747374417,0.07021178957322245,0.9297882104267775
0.05,0.0,18,correlation_aware,28089,111,71911,2900,0.003951724874506035,0.04032762720585168,0.9596723727941483
0.05,0.0,18,three_source_diverse,28089,166,71911,727,0.0059097867492612765,0.01010971895815661,0.9898902810418434
0.05,0.0,19,single_source,28419,1073,71581,2663,0.037756430557021714,0.037202609631047344,0.9627973903689526
0.05,0.0,19,redundant_fail_closed,28419,57,71581,5076,0.0020057004116964,0.07091267235718976,0.9290873276428102
0.05,0.0,19,correlation_aware,28419,119,71581,2824,0.004187339455997748,0.03945180983780612,0.9605481901621938
0.05,0.0,19,three_source_diverse,28419,171,71581,727,0.006017101235089201,0.010156326399463544,0.9898436736005365
0.05,0.0,20,single_source,27967,1120,72033,2623,0.04004719848392749,0.036413865867033164,0.9635861341329668
0.05,0.0,20,redundant_fail_closed,27967,41,72033,5065,0.0014660135159294883,0.0703149945164022,0.9296850054835978
0.05,0.0,20,correlation_aware,27967,93,72033,2891,0.003325347731254693,0.04013438285230381,0.9598656171476962
0.05,0.0,20,three_source_diverse,27967,130,72033,688,0.004648335538313012,0.009551177932336568,0.9904488220676634
0.05,0.0,21,single_source,27934,1111,72066,2642,0.039772320469678525,0.036660838675658426,0.9633391613243416
0.05,0.0,21,redundant_fail_closed,27934,58,72066,5000,0.0020763227607932984,0.06938084533621958,0.9306191546637804
0.05,0.0,21,correlation_aware,27934,114,72066,2825,0.004081048185007517,0.03920017761496406,0.9607998223850359
0.05,0.0,21,three_source_diverse,27934,168,72066,718,0.006014176272642658,0.009963089390281132,0.9900369106097189
0.05,0.0,22,single_source,28169,1123,71831,2630,0.039866519933259965,0.036613718311035624,0.9633862816889643
0.05,0.0,22,redundant_fail_closed,28169,50,71831,5033,0.0017750008875004437,0.07006724116328604,0.929932758836714
0.05,0.0,22,correlation_aware,28169,96,71831,2889,0.003408001704000852,0.040219403878548256,0.9597805961214517
0.05,0.0,22,three_source_diverse,28169,140,71831,730,0.0049700024850012426,0.010162743105344488,0.9898372568946555
0.05,0.0,23,single_source,27881,1174,72119,2629,0.04210752842437502,0.03645363912422524,0.9635463608757747
0.05,0.0,23,redundant_fail_closed,27881,58,72119,5036,0.0020802697177289193,0.0698290325711671,0.9301709674288329
0.05,0.0,23,correlation_aware,27881,86,72119,2749,0.0030845378573221907,0.03811755570654058,0.9618824442934594
0.05,0.0,23,three_source_diverse,27881,142,72119,657,0.0050930741365087335,0.009109943288176487,0.9908900567118235
0.05,0.0,24,single_source,28148,1160,71852,2603,0.04121074321443797,0.03622724489227857,0.9637727551077214
0.05,0.0,24,redundant_fail_closed,28148,61,71852,4941,0.0021671166690351,0.06876635305906585,0.9312336469409341
0.05,0.0,24,correlation_aware,28148,105,71852,2857,0.0037302827909620577,0.03976228914991928,0.9602377108500807
0.05,0.0,24,three_source_diverse,28148,159,71852,710,0.005648713940599687,0.009881422924901186,0.9901185770750988
0.05,0.0,25,single_source,27894,1099,72106,2626,0.039399153939915395,0.03641860594125316,0.9635813940587469
0.05,0.0,25,redundant_fail_closed,27894,62,72106,4867,0.002222700222270022,0.06749785038693035,0.9325021496130697
0.05,0.0,25,correlation_aware,27894,95,72106,2882,0.0034057503405750342,0.03996893462402574,0.9600310653759743
0.05,0.0,25,three_source_diverse,27894,156,72106,706,0.005592600559260056,0.009791140820458769,0.9902088591795413
0.05,0.0,26,single_source,27928,1068,72072,2648,0.03824119163563449,0.036741036741036744,0.9632589632589632
0.05,0.0,26,redundant_fail_closed,27928,52,72072,5022,0.0018619306788885707,0.06968031968031968,0.9303196803196803
0.05,0.0,26,correlation_aware,27928,84,72072,2908,0.0030077341735892296,0.04034854034854035,0.9596514596514596
0.05,0.0,26,three_source_diverse,27928,135,72072,752,0.004833858493268404,0.010434010434010434,0.9895659895659895
0.05,0.0,27,single_source,27861,1054,72139,2619,0.03783065934460357,0.03630491135169603,0.963695088648304
0.05,0.0,27,redundant_fail_closed,27861,47,72139,4986,0.0016869459100534799,0.06911656662831478,0.9308834333716852
0.05,0.0,27,correlation_aware,27861,99,72139,2858,0.0035533541509637128,0.03961795977210663,0.9603820402278934
0.05,0.0,27,three_source_diverse,27861,143,72139,693,0.005132622662503141,0.009606454206462525,0.9903935457935374
0.05,0.0,28,single_source,27972,1094,72028,2655,0.03911053911053911,0.036860665296829014,0.963139334703171
0.05,0.0,28,redundant_fail_closed,27972,55,72028,5033,0.001966251966251966,0.0698756039318043,0.9301243960681957
0.05,0.0,28,correlation_aware,27972,109,72028,2881,0.0038967538967538966,0.039998333981229525,0.9600016660187705
0.05,0.0,28,three_source_diverse,27972,164,72028,760,0.005863005863005863,0.010551452213028266,0.9894485477869718
0.05,0.0,29,single_source,28011,1164,71989,2522,0.04155510335225447,0.03503313006153718,0.9649668699384628
0.05,0.0,29,redundant_fail_closed,28011,54,71989,4927,0.0019278140730427332,0.06844101182125047,0.9315589881787495
0.05,0.0,29,correlation_aware,28011,103,71989,2866,0.003677126843025954,0.03981163788912195,0.9601883621108781
0.05,0.0,29,three_source_diverse,28011,156,71989,720,0.005569240655456785,0.010001528011223938,0.9899984719887761
0.05,0.25,0,single_source,28045,1102,71955,2672,0.03929399179889463,0.03713432006114933,0.9628656799388506
0.05,0.25,0,redundant_fail_closed,28045,288,71955,4476,0.010269210197896238,0.062205545132374404,0.9377944548676256
0.05,0.25,0,correlation_aware,28045,92,71955,3433,0.003280442146550187,0.04771037453964283,0.9522896254603572
0.05,0.25,0,three_source_diverse,28045,361,71955,1249,0.012872169727224105,0.017358071016607603,0.9826419289833924
0.05,0.25,1,single_source,28192,1155,71808,2615,0.04096906923950057,0.03641655525846702,0.963583444741533
0.05,0.25,1,redundant_fail_closed,28192,321,71808,4441,0.011386208853575483,0.06184547682709447,0.9381545231729055
0.05,0.25,1,correlation_aware,28192,84,71808,3504,0.0029795686719636776,0.04879679144385027,0.9512032085561497
0.05,0.25,1,three_source_diverse,28192,391,71808,1231,0.013869182746878548,0.017142936720142603,0.9828570632798574
0.05,0.25,2,single_source,28230,1082,71770,2624,0.03832801983705278,0.036561237285774,0.963438762714226
0.05,0.25,2,redundant_fail_closed,28230,274,71770,4417,0.009705986539142756,0.061543820537829176,0.9384561794621709
0.05,0.25,2,correlation_aware,28230,89,71770,3324,0.0031526744597945447,0.046314616134875294,0.9536853838651247
0.05,0.25,2,three_source_diverse,28230,349,71770,1148,0.012362734679419058,0.015995541312526125,0.9840044586874739
0.05,0.25,3,single_source,28063,1067,71937,2559,0.03802159427003528,0.03557279286041953,0.9644272071395805
0.05,0.25,3,redundant_fail_closed,28063,293,71937,4441,0.010440793927947832,0.06173457330719936,0.9382654266928007
0.05,0.25,3,correlation_aware,28063,94,71937,3335,0.0033496062430958913,0.046360009452715574,0.9536399905472844
0.05,0.25,3,three_source_diverse,28063,374,71937,1116,0.013327156754445355,0.015513574377580382,0.9844864256224196
0.05,0.25,4,single_source,28119,1042,71881,2528,0.037056794338347736,0.03516923804621527,0.9648307619537847
0.05,0.25,4,redundant_fail_closed,28119,303,71881,4289,0.010775632134855436,0.059668062492174566,0.9403319375078254
0.05,0.25,4,correlation_aware,28119,96,71881,3314,0.003414061666488851,0.046103977407103404,0.9538960225928966
0.05,0.25,4,three_source_diverse,28119,376,71881,1145,0.013371741527081333,0.01592910504862203,0.984070894951378
0.05,0.25,5,single_source,27927,1080,72073,2597,0.03867225265871737,0.036032911076269894,0.9639670889237301
0.05,0.25,5,redundant_fail_closed,27927,287,72073,4410,0.010276793067640634,0.06118796220498661,0.9388120377950134
0.05,0.25,5,correlation_aware,27927,79,72073,3388,0.0028288036667024744,0.04700789477335479,0.9529921052266452
0.05,0.25,5,three_source_diverse,27927,350,72073,1210,0.01253267447273248,0.016788533847626713,0.9832114661523733
0.05,0.25,6,single_source,28032,1084,71968,2635,0.03867009132420091,0.03661349488661628,0.9633865051133838
0.05,0.25,6,redundant_fail_closed,28032,273,71968,4458,0.0097388698630137,0.061944197421076035,0.938055802578924
0.05,0.25,6,correlation_aware,28032,96,71968,3389,0.003424657534246575,0.04709037349933304,0.9529096265006669
0.05,0.25,6,three_source_diverse,28032,349,71968,1199,0.012450057077625571,0.016660182303245886,0.9833398176967542
0.05,0.25,7,single_source,28233,1162,71767,2541,0.04115751071441221,0.0354062452101941,0.9645937547898059
0.05,0.25,7,redundant_fail_closed,28233,285,71767,4346,0.010094570183827437,0.060557080552343,0.939442919447657
0.05,0.25,7,correlation_aware,28233,96,71767,3268,0.0034002762724471363,0.04553624925104853,0.9544637507489515
0.05,0.25,7,three_source_diverse,28233,366,71767,1121,0.012963553288704707,0.015619992475650369,0.9843800075243496
0.05,0.25,8,single_source,27970,1094,72030,2660,0.03911333571683947,0.0369290573372206,0.9630709426627794
0.05,0.25,8,redundant_fail_closed,27970,274,72030,4385,0.00979621022524133,0.06087741218936554,0.9391225878106344
0.05,0.25,8,correlation_aware,27970,83,72030,3460,0.0029674651412227387,0.04803554074691101,0.951964459253089
0.05,0.25,8,three_source_diverse,27970,340,72030,1197,0.01215588130139435,0.01661807580174927,0.9833819241982508
0.05,0.25,9,single_source,27967,1086,72033,2617,0.03883147995852254,0.036330570710646506,0.9636694292893535
0.05,0.25,9,redundant_fail_closed,27967,322,72033,4380,0.011513569564129153,0.06080546416225897,0.939194535837741
0.05,0.25,9,correlation_aware,27967,87,72033,3421,0.0031108091679479385,0.04749212166645843,0.9525078783335416
0.05,0.25,9,three_source_diverse,27967,389,72033,1188,0.013909250187721243,0.01649244096455791,0.9835075590354421
0.05,0.25,10,single_source,27722,1123,72278,2697,0.04050934276026261,0.037314258833946706,0.9626857411660533
0.05,0.25,10,redundant_fail_closed,27722,324,72278,4491,0.011687468436620734,0.06213508951548189,0.9378649104845181
0.05,0.25,10,correlation_aware,27722,97,72278,3402,0.003499026044296948,0.04706826420210852,0.9529317357978915
0.05,0.25,10,three_source_diverse,27722,407,72278,1202,0.014681480412668639,0.01663023326600072,0.9833697667339992
0.05,0.25,11,single_source,28028,1121,71972,2603,0.03999571856714714,0.03616684266103485,0.9638331573389651
0.05,0.25,11,redundant_fail_closed,28028,312,71972,4407,0.011131725417439703,0.06123214583449119,0.9387678541655088
0.05,0.25,11,correlation_aware,28028,92,71972,3236,0.0032824318538604252,0.04496192963930418,0.9550380703606958
0.05,0.25,11,three_source_diverse,28028,385,71972,1132,0.013736263736263736,0.015728338798421608,0.9842716612015784
0.05,0.25,12,single_source,28118,1124,71882,2602,0.03997439362685824,0.03619821373918366,0.9638017862608164
0.05,0.25,12,redundant_fail_closed,28118,303,71882,4375,0.010776015363823886,0.060863637628335326,0.9391363623716646
0.05,0.25,12,correlation_aware,28118,96,71882,3364,0.0034141830855679636,0.04679892045296458,0.9532010795470354
0.05,0.25,12,three_source_diverse,28118,384,71882,1183,0.013656732342271855,0.016457527614701872,0.9835424723852981
0.05,0.25,13,single_source,28203,1099,71797,2621,0.0389674857284686,0.03650570358092956,0.9634942964190705
0.05,0.25,13,redundant_fail_closed,28203,312,71797,4416,0.011062652909264972,0.061506748192821425,0.9384932518071786
0.05,0.25,13,correlation_aware,28203,79,71797,3397,0.0028011204481792717,0.047313954622059416,0.9526860453779405
0.05,0.25,13,three_source_diverse,28203,379,71797,1210,0.013438286707087898,0.01685307185537,0.98314692814463
0.05,0.25,14,single_source,28034,1067,71966,2619,0.03806092601840622,0.03639218519856599,0.963607814801434
0.05,0.25,14,redundant_fail_closed,28034,298,71966,4385,0.01062994934722123,0.06093155101019926,0.9390684489898007
0.05,0.25,14,correlation_aware,28034,92,71966,3385,0.0032817293286723265,0.04703610038073535,0.9529638996192646
0.05,0.25,14,three_source_diverse,28034,375,71966,1149,0.013376614111436114,0.015965872773254036,0.984034127226746
0.05,0.25,15,single_source,28194,1121,71806,2579,0.0397602326736185,0.03591621870038715,0.9640837812996128
0.05,0.25,15,redundant_fail_closed,28194,304,71806,4374,0.010782435979286372,0.06091412973846197,0.939085870261538
0.05,0.25,15,correlation_aware,28194,79,71806,3299,0.002802014613038235,0.04594323594128624,0.9540567640587138
0.05,0.25,15,three_source_diverse,28194,372,71806,1164,0.013194296658863588,0.01621034453945353,0.9837896554605464
0.05,0.25,16,single_source,27819,1083,72181,2613,0.03893022754232719,0.03620066222413101,0.963799337775869
0.05,0.25,16,redundant_fail_closed,27819,328,72181,4378,0.011790502893705741,0.06065308045053407,0.9393469195494659
0.05,0.25,16,correlation_aware,27819,92,72181,3352,0.0033070922750638053,0.04643881353818872,0.9535611864618113
0.05,0.25,16,three_source_diverse,27819,405,72181,1187,0.014558395341313491,0.01644477078455549,0.9835552292154445
0.05,0.25,17,single_source,28057,1107,71943,2708,0.03945539437573511,0.03764091016499173,0.9623590898350083
0.05,0.25,17,redundant_fail_closed,28057,327,71943,4471,0.011654845493103326,0.06214642147255466,0.9378535785274453
0.05,0.25,17,correlation_aware,28057,84,71943,3536,0.002993905264283423,0.049150021544834104,0.950849978455166
0.05,0.25,17,three_source_diverse,28057,398,71943,1287,0.014185408276009552,0.01788916225345065,0.9821108377465494
0.05,0.25,18,single_source,28089,1135,71911,2672,0.04040727686994909,0.037157041342770925,0.9628429586572291
0.05,0.25,18,redundant_fail_closed,28089,316,71911,4474,0.011249955498593756,0.062215794523786346,0.9377842054762137
0.05,0.25,18,correlation_aware,28089,93,71911,3410,0.003310904624586137,0.047419727162742835,0.9525802728372572
0.05,0.25,18,three_source_diverse,28089,396,71911,1178,0.014098045498237744,0.01638136029258389,0.9836186397074161
0.05,0.25,19,single_source,28419,1104,71581,2717,0.038847250079172384,0.03795699976250681,0.9620430002374932
0.05,0.25,19,redundant_fail_closed,28419,329,71581,4550,0.011576762025405538,0.06356435366926978,0.9364356463307302
0.05,0.25,19,correlation_aware,28419,118,71581,3389,0.004152151729476758,0.04734496584289127,0.9526550341571087
0.05,0.25,19,three_source_diverse,28419,427,71581,1227,0.015025159224462507,0.017141420209273412,0.9828585797907265
0.05,0.25,20,single_source,27967,1185,72033,2653,0.04237136625308399,0.036830341648966446,0.9631696583510335
0.05,0.25,20,redundant_fail_closed,27967,323,72033,4484,0.011549325991346945,0.062249246872961,0.937750753127039
0.05,0.25,20,correlation_aware,27967,98,72033,3393,0.003504129867343655,0.04710341093665403,0.952896589063346
0.05,0.25,20,three_source_diverse,27967,401,72033,1154,0.014338327314334752,0.01602043507836686,0.9839795649216332
0.05,0.25,21,single_source,27934,1099,72066,2690,0.03934273645020405,0.037326894790886134,0.9626731052091139
0.05,0.25,21,redundant_fail_closed,27934,276,72066,4474,0.009880432447912937,0.06208198040684928,0.9379180195931507
0.05,0.25,21,correlation_aware,27934,95,72066,3388,0.003400873487506265,0.04701246079982239,0.9529875392001776
0.05,0.25,21,three_source_diverse,27934,359,72066,1218,0.012851721915944726,0.016901173923903088,0.9830988260760969
0.05,0.25,22,single_source,28169,1145,71831,2636,0.040647520323760164,0.03669724770642202,0.963302752293578
0.05,0.25,22,redundant_fail_closed,28169,317,71831,4446,0.011253505626752813,0.06189528198131726,0.9381047180186828
0.05,0.25,22,correlation_aware,28169,82,71831,3441,0.0029110014555007277,0.04790410825409642,0.9520958917459036
0.05,0.25,22,three_source_diverse,28169,381,71831,1212,0.013525506762753381,0.0168729378680514,0.9831270621319486
0.05,0.25,23,single_source,27881,1150,72119,2611,0.0412467271618665,0.03620405163687794,0.9637959483631221
0.05,0.25,23,redundant_fail_closed,27881,299,72119,4439,0.01072414906208529,0.06155104757414828,0.9384489524258517
0.05,0.25,23,correlation_aware,27881,86,72119,3281,0.0030845378573221907,0.04549425255480525,0.9545057474451948
0.05,0.25,23,three_source_diverse,27881,374,72119,1134,0.013414153007424412,0.015724011702879962,0.98427598829712
0.05,0.25,24,single_source,28148,1170,71852,2586,0.04156600824214864,0.035990647441964035,0.964009352558036
0.05,0.25,24,redundant_fail_closed,28148,322,71852,4365,0.011439533892283643,0.06074987474252631,0.9392501252574736
0.05,0.25,24,correlation_aware,28148,88,71852,3382,0.003126332243853915,0.04706897511551523,0.9529310248844848
0.05,0.25,24,three_source_diverse,28148,398,71852,1169,0.014139548102884753,0.01626955408339364,0.9837304459166064
0.05,0.25,25,single_source,27894,1110,72106,2667,0.0397935039793504,0.036987213269353454,0.9630127867306465
0.05,0.25,25,redundant_fail_closed,27894,313,72106,4340,0.011221051122105112,0.06018916595012898,0.939810834049871
0.05,0.25,25,correlation_aware,27894,82,72106,3412,0.0029397002939700293,0.04731922447507836,0.9526807755249216
0.05,0.25,25,three_source_diverse,27894,385,72106,1202,0.013802251380225138,0.016669902643330653,0.9833300973566693
0.05,0.25,26,single_source,27928,1121,72072,2645,0.040138928673732456,0.036699411699411696,0.9633005883005883
0.05,0.25,26,redundant_fail_closed,27928,318,72072,4429,0.011386422228587796,0.061452436452436456,0.9385475635475635
0.05,0.25,26,correlation_aware,27928,80,72072,3428,0.002864508736751647,0.04756354756354756,0.9524364524364525
0.05,0.25,26,three_source_diverse,27928,385,72072,1195,0.013785448295617302,0.01658064158064158,0.9834193584193585
0.05,0.25,27,single_source,27861,1053,72139,2577,0.037794766878432216,0.035722702005849816,0.9642772979941502
0.05,0.25,27,redundant_fail_closed,27861,287,72139,4395,0.010301137791177632,0.060924049404621636,0.9390759505953784
0.05,0.25,27,correlation_aware,27861,91,72139,3333,0.0032662144215929076,0.04620247023108166,0.9537975297689183
0.05,0.25,27,three_source_diverse,27861,363,72139,1124,0.01302896522020028,0.01558103106502724,0.9844189689349727
0.05,0.25,28,single_source,27972,1091,72028,2665,0.039003289003289004,0.03699950019436886,0.9630004998056312
0.05,0.25,28,redundant_fail_closed,27972,332,72028,4482,0.011869011869011868,0.062225801077358804,0.9377741989226412
0.05,0.25,28,correlation_aware,27972,92,72028,3401,0.003289003289003289,0.04721774865330149,0.9527822513466985
0.05,0.25,28,three_source_diverse,27972,410,72028,1228,0.014657514657514657,0.017048925417893043,0.982951074582107
0.05,0.25,29,single_source,28011,1169,71989,2545,0.041733604655313984,0.03535262331745128,0.9646473766825487
0.05,0.25,29,redundant_fail_closed,28011,332,71989,4322,0.01185248652315162,0.06003695008959702,0.939963049910403
0.05,0.25,29,correlation_aware,28011,94,71989,3397,0.003355824497518832,0.047187764797399605,0.9528122352026004
0.05,0.25,29,three_source_diverse,28011,413,71989,1185,0.014744207632715719,0.016460848185139397,0.9835391518148606
0.05,0.5,0,single_source,28045,1061,71955,2719,0.037832055624888575,0.03778750608018901,0.962212493919811
0.05,0.5,0,redundant_fail_closed,28045,508,71955,3927,0.018113745765733644,0.05457577652699604,0.9454242234730039
0.05,0.5,0,correlation_aware,28045,75,71955,4007,0.002674273489035479,0.05568758251685081,0.9443124174831492
0.05,0.5,0,three_source_diverse,28045,559,71955,1753,0.019932251738277767,0.024362448752692657,0.9756375512473073
0.05,0.5,1,single_source,28192,1154,71808,2639,0.04093359818388195,0.036750779857397504,0.9632492201426025
0.05,0.5,1,redundant_fail_closed,28192,577,71808,3896,0.020466799091940976,0.05425579322638146,0.9457442067736186
0.05,0.5,1,correlation_aware,28192,80,71808,4029,0.0028376844494892167,0.056107954545454544,0.9438920454545454
0.05,0.5,1,three_source_diverse,28192,631,71808,1679,0.022382236095346196,0.023381795900178252,0.9766182040998217
0.05,0.5,2,single_source,28230,1077,71770,2644,0.0381509032943677,0.03683990525289118,0.9631600947471088
0.05,0.5,2,redundant_fail_closed,28230,542,71770,3847,0.019199433227063408,0.05360178347498955,0.9463982165250104
0.05,0.5,2,correlation_aware,28230,81,71770,3870,0.002869287991498406,0.053922251637174304,0.9460777483628257
0.05,0.5,2,three_source_diverse,28230,590,71770,1646,0.02089975203684024,0.022934373693743904,0.977065626306256
0.05,0.5,3,single_source,28063,1066,71937,2542,0.03798596016106617,0.035336474971155316,0.9646635250288447
0.05,0.5,3,redundant_fail_closed,28063,551,71937,3780,0.01963439404197698,0.0525459777305142,0.9474540222694858
0.05,0.5,3,correlation_aware,28063,76,71937,3824,0.002708192281651997,0.053157624032139236,0.9468423759678608
0.05,0.5,3,three_source_diverse,28063,600,71937,1545,0.021380465381463137,0.021477125818424456,0.9785228741815756
0.05,0.5,4,single_source,28119,1073,71881,2590,0.03815925175148476,0.036031774738804416,0.9639682252611956
0.05,0.5,4,redundant_fail_closed,28119,563,71881,3767,0.02002204914826274,0.05240606001585955,0.9475939399841404
0.05,0.5,4,correlation_aware,28119,83,71881,3836,0.0029517408158184857,0.05336597988341843,0.9466340201165816
0.05,0.5,4,three_source_diverse,28119,613,71881,1632,0.021800206266225683,0.02270419165008834,0.9772958083499117
0.05,0.5,5,single_source,27927,1040,72073,2573,0.0372399470046908,0.03569991536358969,0.9643000846364103
0.05,0.5,5,redundant_fail_closed,27927,506,72073,3777,0.018118666523436102,0.052405200283046356,0.9475947997169536
0.05,0.5,5,correlation_aware,27927,64,72073,3918,0.002291689046442511,0.054361550095042524,0.9456384499049575
0.05,0.5,5,three_source_diverse,27927,549,72073,1670,0.019658395101514663,0.023170951673997197,0.9768290483260028
0.05,0.5,6,single_source,28032,1096,71968,2603,0.039098173515981736,0.0361688528234771,0.9638311471765229
0.05,0.5,6,redundant_fail_closed,28032,536,71968,3815,0.019121004566210045,0.05300967096487328,0.9469903290351267
0.05,0.5,6,correlation_aware,28032,90,71968,3899,0.003210616438356164,0.054176856380613606,0.9458231436193864
0.05,0.5,6,three_source_diverse,28032,593,71968,1650,0.02115439497716895,0.022926856380613606,0.9770731436193864
0.05,0.5,7,single_source,28233,1123,71767,2569,0.039776148478730566,0.035796396672565386,0.9642036033274346
0.05,0.5,7,redundant_fail_closed,28233,546,71767,3788,0.019339071299543088,0.05278191926651525,0.9472180807334848
0.05,0.5,7,correlation_aware,28233,80,71767,3819,0.0028335635603726136,0.05321387267128346,0.9467861273287166
0.05,0.5,7,three_source_diverse,28233,600,71767,1626,0.021251726702794602,0.02265665277913247,0.9773433472208676
0.05,0.5,8,single_source,27970,1101,72030,2662,0.03936360386127994,0.03695682354574483,0.9630431764542552
0.05,0.5,8,redundant_fail_closed,27970,547,72030,3828,0.019556667858419734,0.053144523115368596,0.9468554768846315
0.05,0.5,8,correlation_aware,27970,76,72030,3974,0.002717196996782267,0.05517145633763709,0.9448285436623629
0.05,0.5,8,three_source_diverse,27970,590,72030,1653,0.021094029317125493,0.022948771345272803,0.9770512286547272
0.05,0.5,9,single_source,27967,1115,72033,2701,0.039868416347838526,0.03749670290005969,0.9625032970999403
0.05,0.5,9,redundant_fail_closed,27967,597,72033,3911,0.02134658704902206,0.05429455943803534,0.9457054405619647
0.05,0.5,9,correlation_aware,27967,89,72033,3987,0.0031823220223835234,0.05534963141893299,0.944650368581067
0.05,0.5,9,three_source_diverse,27967,648,72033,1701,0.023170164837129473,0.02361417683561701,0.9763858231643829
0.05,0.5,10,single_source,27722,1143,72278,2638,0.04123079142918981,0.03649796618611472,0.9635020338138853
0.05,0.5,10,redundant_fail_closed,27722,583,72278,3805,0.02103022869922805,0.05264395805085918,0.9473560419491408
0.05,0.5,10,correlation_aware,27722,82,72278,3943,0.0029579395426015437,0.05455325271866958,0.9454467472813304
0.05,0.5,10,three_source_diverse,27722,639,72278,1647,0.023050284972224225,0.02278701679625889,0.9772129832037411
0.05,0.5,11,single_source,28028,1107,71972,2596,0.03949621806764664,0.036069582615461566,0.9639304173845384
0.05,0.5,11,redundant_fail_closed,28028,573,71972,3762,0.020443841872413302,0.05227032734952482,0.9477296726504751
0.05,0.5,11,correlation_aware,28028,78,71972,3784,0.0027829313543599257,0.052576001778469404,0.9474239982215306
0.05,0.5,11,three_source_diverse,28028,625,71972,1631,0.022299129441986584,0.02266159061857389,0.9773384093814261
0.05,0.5,12,single_source,28118,1156,71882,2635,0.041112454655380895,0.03665729946300882,0.9633427005369912
0.05,0.5,12,redundant_fail_closed,28118,598,71882,3816,0.021267515470517105,0.053087003700509165,0.9469129962994909
0.05,0.5,12,correlation_aware,28118,83,71882,3909,0.0029518457927306353,0.05438079074038007,0.94561920925962
0.05,0.5,12,three_source_diverse,28118,654,71882,1661,0.023259122270431754,0.02310731476586628,0.9768926852341338
0.05,0.5,13,single_source,28203,1098,71797,2517,0.038932028507605576,0.035057175090881236,0.9649428249091188
0.05,0.5,13,redundant_fail_closed,28203,570,71797,3703,0.02021061589192639,0.051575971140855464,0.9484240288591446
0.05,0.5,13,correlation_aware,28203,73,71797,3893,0.002588377123001099,0.0542223212669053,0.9457776787330947
0.05,0.5,13,three_source_diverse,28203,617,71797,1631,0.02187710527248874,0.02271682660835411,0.9772831733916459
0.05,0.5,14,single_source,28034,1111,71966,2596,0.03963044874081473,0.03607258983408832,0.9639274101659117
0.05,0.5,14,redundant_fail_closed,28034,577,71966,3792,0.0205821502461297,0.05269154878692716,0.9473084512130728
0.05,0.5,14,correlation_aware,28034,76,71966,3916,0.002710993793251052,0.054414584664980684,0.9455854153350193
0.05,0.5,14,three_source_diverse,28034,621,71966,1645,0.022151672968538205,0.022858016285468137,0.9771419837145319
0.05,0.5,15,single_source,28194,1108,71806,2620,0.03929914166134638,0.03648720162660502,0.963512798373395
0.05,0.5,15,redundant_fail_closed,28194,567,71806,3825,0.02011066184294531,0.05326852909227641,0.9467314709077236
0.05,0.5,15,correlation_aware,28194,66,71806,3844,0.0023409236007661204,0.05353313093613347,0.9464668690638666
0.05,0.5,15,three_source_diverse,28194,612,71806,1656,0.021706746116194935,0.023062139654067906,0.9769378603459321
0.05,0.5,16,single_source,27819,1074,72181,2616,0.038606707645853555,0.03624222440808523,0.9637577755919148
0.05,0.5,16,redundant_fail_closed,27819,563,72181,3779,0.020237966857183938,0.052354497721006914,0.9476455022789931
0.05,0.5,16,correlation_aware,27819,76,72181,3876,0.002731945792444013,0.05369834166886023,0.9463016583311398
0.05,0.5,16,three_source_diverse,27819,615,72181,1647,0.022107192925698262,0.022817638990870175,0.9771823610091298
0.05,0.5,17,single_source,28057,1158,71943,2699,0.04127312257190719,0.03751581112825431,0.9624841888717457
0.05,0.5,17,redundant_fail_closed,28057,611,71943,3844,0.02177709662472823,0.05343118857984794,0.946568811420152
0.05,0.5,17,correlation_aware,28057,72,71943,4082,0.002566204512242934,0.05673936310690408,0.9432606368930959
0.05,0.5,17,three_source_diverse,28057,657,71943,1754,0.023416616174216774,0.024380412270825515,0.9756195877291745
0.05,0.5,18,single_source,28089,1104,71911,2700,0.03930364199508705,0.037546411536482596,0.9624535884635174
0.05,0.5,18,redundant_fail_closed,28089,551,71911,3899,0.019616219872547972,0.05421979947435024,0.9457802005256497
0.05,0.5,18,correlation_aware,28089,78,71911,3969,0.002776887749652889,0.05519322495862942,0.9448067750413706
0.05,0.5,18,three_source_diverse,28089,607,71911,1672,0.021609882872298765,0.02325096299592552,0.9767490370040744
0.05,0.5,19,single_source,28419,1101,71581,2719,0.03874168689960942,0.03798494013774605,0.962015059862254
0.05,0.5,19,redundant_fail_closed,28419,571,71581,3983,0.020092191843484992,0.05564325728894539,0.9443567427110546
0.05,0.5,19,correlation_aware,28419,104,71581,3921,0.0036595235581829057,0.05477710565652897,0.9452228943434711
0.05,0.5,19,three_source_diverse,28419,644,71581,1685,0.022660895879517223,0.023539766139059247,0.9764602338609407
0.05,0.5,20,single_source,27967,1193,72033,2601,0.04265741767082633,0.036108450293615424,0.9638915497063846
0.05,0.5,20,redundant_fail_closed,27967,592,72033,3838,0.0211678049129331,0.05328113503533103,0.946718864964669
0.05,0.5,20,correlation_aware,27967,80,72033,3898,0.0028605141774233917,0.05411408659919759,0.9458859134008024
0.05,0.5,20,three_source_diverse,27967,643,72033,1606,0.02299138270104051,0.022295336859494953,0.9777046631405051
0.05,0.5,21,single_source,27934,1096,72066,2708,0.039235340445335436,0.03757666583409652,0.9624233341659034
0.05,0.5,21,redundant_fail_closed,27934,555,72066,3894,0.019868260900694493,0.054033802347847805,0.9459661976521522
0.05,0.5,21,correlation_aware,27934,84,72066,3925,0.003007088136321329,0.054463963588932365,0.9455360364110676
0.05,0.5,21,three_source_diverse,27934,618,72066,1698,0.02212357700293549,0.023561735076180167,0.9764382649238198
0.05,0.5,22,single_source,28169,1100,71831,2612,0.03905001952500976,0.03636313012487644,0.9636368698751235
0.05,0.5,22,redundant_fail_closed,28169,527,71831,3849,0.018708509354254676,0.05358410714037115,0.9464158928596289
0.05,0.5,22,correlation_aware,28169,74,71831,3945,0.0026270013135006568,0.05492057746655344,0.9450794225334466
0.05,0.5,22,three_source_diverse,28169,572,71831,1662,0.020306010153005077,0.023137642522030877,0.9768623574779691
0.05,0.5,23,single_source,27881,1130,72119,2595,0.04052939277644274,0.035982196092569224,0.9640178039074307
0.05,0.5,23,redundant_fail_closed,27881,559,72119,3818,0.02004949607259424,0.0529402792606664,0.9470597207393336
0.05,0.5,23,correlation_aware,27881,72,72119,3787,0.0025824037875255552,0.05251043414356827,0.9474895658564317
0.05,0.5,23,three_source_diverse,27881,604,72119,1567,0.021663498439797712,0.02172797737073448,0.9782720226292655
0.05,0.5,24,single_source,28148,1185,71852,2573,0.04209890578371465,0.035809719979958805,0.9641902800200411
0.05,0.5,24,redundant_fail_closed,28148,604,71852,3773,0.021458007673724598,0.05251071647274954,0.9474892835272505
0.05,0.5,24,correlation_aware,28148,67,71852,3891,0.0023802756856615035,0.054152981127873964,0.9458470188721261
0.05,0.5,24,three_source_diverse,28148,651,71852,1629,0.023127753303964757,0.022671602738963424,0.9773283972610366
0.05,0.5,25,single_source,27894,1089,72106,2639,0.039040653904065394,0.0365988960696752,0.9634011039303247
0.05,0.5,25,redundant_fail_closed,27894,564,72106,3756,0.0202194020219402,0.05208997864255402,0.947910021357446
0.05,0.5,25,correlation_aware,27894,59,72106,3916,0.0021151502115150213,0.054308934069286885,0.9456910659307132
0.05,0.5,25,three_source_diverse,27894,604,72106,1635,0.021653402165340216,0.02267495076692647,0.9773250492330735
0.05,0.5,26,single_source,27928,1124,72072,2613,0.04024634775136064,0.036255411255411256,0.9637445887445888
0.05,0.5,26,redundant_fail_closed,27928,570,72072,3783,0.020409624749355485,0.05248917748917749,0.9475108225108225
0.05,0.5,26,correlation_aware,27928,73,72072,3944,0.002613864222285878,0.05472305472305472,0.9452769452769453
0.05,0.5,26,three_source_diverse,27928,617,72072,1643,0.02209252363219708,0.022796647796647796,0.9772033522033522
0.05,0.5,27,single_source,27861,1079,72139,2587,0.038727970998887334,0.035861323278670344,0.9641386767213297
0.05,0.5,27,redundant_fail_closed,27861,552,72139,3795,0.01981264132658555,0.05260677303539001,0.94739322696461
0.05,0.5,27,correlation_aware,27861,90,72139,3868,0.003230321955421557,0.05361870832697986,0.9463812916730201
0.05,0.5,27,three_source_diverse,27861,610,72139,1600,0.021894404364523886,0.022179403651284325,0.9778205963487157
0.05,0.5,28,single_source,27972,1090,72028,2635,0.03896753896753897,0.03658299550174932,0.9634170044982506
0.05,0.5,28,redundant_fail_closed,27972,592,72028,3857,0.021164021164021163,0.053548619981118456,0.9464513800188815
0.05,0.5,28,correlation_aware,27972,86,72028,3898,0.0030745030745030744,0.054117843061031824,0.9458821569389682
0.05,0.5,28,three_source_diverse,27972,648,72028,1675,0.023166023166023165,0.02325484533792414,0.9767451546620759
0.05,0.5,29,single_source,28011,1203,71989,2536,0.042947413516118665,0.03522760421731098,0.964772395782689
0.05,0.5,29,redundant_fail_closed,28011,592,71989,3730,0.02113455428224626,0.05181347150259067,0.9481865284974094
0.05,0.5,29,correlation_aware,28011,83,71989,3905,0.002963121630787905,0.054244398449763157,0.9457556015502369
0.05,0.5,29,three_source_diverse,28011,653,71989,1645,0.02331227017957231,0.022850713303421356,0.9771492866965786
0.05,0.75,0,single_source,28045,1051,71955,2754,0.037475485826350505,0.03827392120075047,0.9617260787992495
0.05,0.75,0,redundant_fail_closed,28045,768,71955,3376,0.0273845605277233,0.04691821277187131,0.9530817872281286
0.05,0.75,0,correlation_aware,28045,67,71955,4573,0.0023890176502050276,0.0635536098950733,0.9364463901049267
0.05,0.75,0,three_source_diverse,28045,800,71955,2252,0.028525583883045106,0.031297338614411786,0.9687026613855882
0.05,0.75,1,single_source,28192,1113,71808,2644,0.03947928490351873,0.03682040998217469,0.9631795900178253
0.05,0.75,1,redundant_fail_closed,28192,843,71808,3315,0.02990209988649262,0.04616477272727273,0.9538352272727273
0.05,0.75,1,correlation_aware,28192,67,71808,4570,0.002376560726447219,0.06364193404634581,0.9363580659536542
0.05,0.75,1,three_source_diverse,28192,871,71808,2160,0.030895289443813846,0.030080213903743314,0.9699197860962567
0.05,0.75,2,single_source,28230,1055,71770,2603,0.03737159050655331,0.03626863592030096,0.9637313640796991
0.05,0.75,2,redundant_fail_closed,28230,792,71770,3193,0.02805526036131775,0.04448934095025777,0.9555106590497422
0.05,0.75,2,correlation_aware,28230,69,71770,4388,0.0024442082890541975,0.061139751985509264,0.9388602480144908
0.05,0.75,2,three_source_diverse,28230,814,71770,2112,0.02883457314913213,0.029427337327574195,0.9705726626724258
0.05,0.75,3,single_source,28063,1075,71937,2590,0.03830666714178812,0.03600372548201899,0.963996274517981
0.05,0.75,3,redundant_fail_closed,28063,803,71937,3187,0.0286141895021915,0.04430265371088592,0.9556973462891141
0.05,0.75,3,correlation_aware,28063,67,71937,4428,0.0023874853009300504,0.061553859627173774,0.9384461403728263
0.05,0.75,3,three_source_diverse,28063,832,71937,2100,0.02964757866229555,0.029192209850285665,0.9708077901497143
0.05,0.75,4,single_source,28119,1074,71881,2678,0.03819481489384402,0.03725602036699545,0.9627439796330045
0.05,0.75,4,redundant_fail_closed,28119,821,71881,3247,0.029197339876951528,0.0451718813038216,0.9548281186961785
0.05,0.75,4,correlation_aware,28119,68,71881,4425,0.0024182936804296026,0.06156007846301526,0.9384399215369847
0.05,0.75,4,three_source_diverse,28119,844,71881,2164,0.03001529215121448,0.030105312947788707,0.9698946870522113
0.05,0.75,5,single_source,27927,1028,72073,2554,0.03681025530848283,0.03543629375771787,0.9645637062422822
0.05,0.75,5,redundant_fail_closed,27927,782,72073,3190,0.02800157553621943,0.044260680143743146,0.9557393198562568
0.05,0.75,5,correlation_aware,27927,56,72073,4438,0.002005227915637197,0.06157645720311351,0.9384235427968864
0.05,0.75,5,three_source_diverse,27927,806,72073,2122,0.028860958928635373,0.029442370929474285,0.9705576290705257
0.05,0.75,6,single_source,28032,1069,71968,2539,0.03813498858447489,0.035279568697198754,0.9647204313028013
0.05,0.75,6,redundant_fail_closed,28032,783,71968,3120,0.02793236301369863,0.04335260115606936,0.9566473988439307
0.05,0.75,6,correlation_aware,28032,70,71968,4400,0.002497146118721461,0.061138283681636284,0.9388617163183637
0.05,0.75,6,three_source_diverse,28032,809,71968,2080,0.028859874429223744,0.028901734104046242,0.9710982658959537
0.05,0.75,7,single_source,28233,1123,71767,2637,0.039776148478730566,0.036743907366895645,0.9632560926331044
0.05,0.75,7,redundant_fail_closed,28233,814,71767,3251,0.028831509226791344,0.04529937157746597,0.954700628422534
0.05,0.75,7,correlation_aware,28233,63,71767,4382,0.0022314313037934334,0.06105870386110608,0.9389412961388939
0.05,0.75,7,three_source_diverse,28233,835,71767,2151,0.029575319661389154,0.02997199269859406,0.9700280073014059
0.05,0.75,8,single_source,27970,1094,72030,2667,0.03911333571683947,0.03702623906705539,0.9629737609329446
0.05,0.75,8,redundant_fail_closed,27970,822,72030,3260,0.02938863067572399,0.04525891989448841,0.9547410801055116
0.05,0.75,8,correlation_aware,27970,69,72030,4518,0.002466928852341795,0.06272386505622657,0.9372761349437735
0.05,0.75,8,three_source_diverse,27970,844,72030,2159,0.03017518770110833,0.029973622101901985,0.970026377898098
0.05,0.75,9,single_source,27967,1115,72033,2618,0.039868416347838526,0.036344453236710955,0.963655546763289
0.05,0.75,9,redundant_fail_closed,27967,868,72033,3241,0.031036578825043803,0.044993266974858746,0.9550067330251413
0.05,0.75,9,correlation_aware,27967,76,72033,4481,0.0027174884685522223,0.06220759929476768,0.9377924007052323
0.05,0.75,9,three_source_diverse,27967,891,72033,2128,0.03185897665105303,0.029542015465134037,0.970457984534866
0.05,0.75,10,single_source,27722,1147,72278,2627,0.04137508116297525,0.036345776031434185,0.9636542239685658
0.05,0.75,10,redundant_fail_closed,27722,850,72278,3209,0.030661568429406247,0.044398018760895434,0.9556019812391046
0.05,0.75,10,correlation_aware,27722,69,72278,4479,0.00248899790779886,0.06196906389219403,0.938030936107806
0.05,0.75,10,three_source_diverse,27722,878,72278,2124,0.031671596565904334,0.029386535321951353,0.9706134646780487
0.05,0.75,11,single_source,28028,1099,71972,2627,0.03921078921078921,0.03650030567442895,0.963499694325571
0.05,0.75,11,redundant_fail_closed,28028,834,71972,3228,0.029755958327386898,0.04485077530150614,0.9551492246984938
0.05,0.75,11,correlation_aware,28028,62,71972,4355,0.0022120736406450693,0.06050964263880398,0.939490357361196
0.05,0.75,11,three_source_diverse,28028,856,71972,2141,0.030540887683744827,0.029747679653198467,0.9702523203468015
0.05,0.75,12,single_source,28118,1105,71882,2666,0.039298669891172915,0.03708856180963245,0.9629114381903675
0.05,0.75,12,redundant_fail_closed,28118,851,71882,3262,0.030265310477274345,0.04537992821568682,0.9546200717843132
0.05,0.75,12,correlation_aware,28118,67,71882,4468,0.002382815278469308,0.06215742466820623,0.9378425753317938
0.05,0.75,12,three_source_diverse,28118,877,71882,2158,0.031189985062949,0.030021424000445173,0.9699785759995548
0.05,0.75,13,single_source,28203,1132,71797,2591,0.04013757401694855,0.03608785882418485,0.9639121411758151
0.05,0.75,13,redundant_fail_closed,28203,854,71797,3214,0.030280466617026557,0.04476510160591668,0.9552348983940833
0.05,0.75,13,correlation_aware,28203,61,71797,4436,0.0021628904726447543,0.06178531136398457,0.9382146886360154
0.05,0.75,13,three_source_diverse,28203,875,71797,2112,0.03102506825515016,0.02941627087482764,0.9705837291251723
0.05,0.75,14,single_source,28034,1148,71966,2590,0.040950274666476424,0.035989217130311536,0.9640107828696884
0.05,0.75,14,redundant_fail_closed,28034,845,71966,3203,0.030141970464436042,0.04450712836617292,0.9554928716338271
0.05,0.75,14,correlation_aware,28034,68,71966,4426,0.002425626025540415,0.06150126448600728,0.9384987355139928
0.05,0.75,14,three_source_diverse,28034,863,71966,2114,0.030784047941784975,0.029374982630686712,0.9706250173693133
0.05,0.75,15,single_source,28194,1112,71806,2608,0.039441015818968576,0.036320084672590035,0.9636799153274099
0.05,0.75,15,redundant_fail_closed,28194,842,71806,3208,0.02986451017947081,0.04467593237333928,0.9553240676266608
0.05,0.75,15,correlation_aware,28194,50,71806,4375,0.001773426970277364,0.060928056151296546,0.9390719438487034
0.05,0.75,15,three_source_diverse,28194,857,71806,2113,0.030396538270554017,0.02942651031947191,0.970573489680528
0.05,0.75,16,single_source,27819,1101,72181,2624,0.03957726733527445,0.03635305689862983,0.9636469431013701
0.05,0.75,16,redundant_fail_closed,27819,831,72181,3192,0.029871670441065458,0.044222163727296655,0.9557778362727033
0.05,0.75,16,correlation_aware,27819,61,72181,4395,0.002192745964987958,0.060888599492941356,0.9391114005070587
0.05,0.75,16,three_source_diverse,27819,861,72181,2130,0.03095007009597757,0.02950915060750059,0.9704908493924994
0.05,0.75,17,single_source,28057,1152,71943,2633,0.041059272195886946,0.03659841819217992,0.9634015818078201
0.05,0.75,17,redundant_fail_closed,28057,879,71943,3210,0.03132908008696582,0.04461865643634544,0.9553813435636546
0.05,0.75,17,correlation_aware,28057,67,71943,4576,0.002387995865559397,0.06360591023449119,0.9363940897655088
0.05,0.75,17,three_source_diverse,28057,906,71943,2166,0.03229140677905692,0.030107168174805053,0.9698928318251949
0.05,0.75,18,single_source,28089,1113,71911,2765,0.03962405212004699,0.03845030662902755,0.9615496933709724
0.05,0.75,18,redundant_fail_closed,28089,843,71911,3385,0.03001174837124853,0.0470720752040717,0.9529279247959282
0.05,0.75,18,correlation_aware,28089,62,71911,4540,0.0022072697497240914,0.06313359569467815,0.9368664043053219
0.05,0.75,18,three_source_diverse,28089,871,71911,2205,0.031008579871123928,0.030662902754794122,0.9693370972452059
0.05,0.75,19,single_source,28419,1142,71581,2680,0.040184383686969985,0.03744010282058088,0.9625598971794191
0.05,0.75,19,redundant_fail_closed,28419,862,71581,3308,0.03033182026109293,0.046213380645702073,0.9537866193542979
0.05,0.75,19,correlation_aware,28419,82,71581,4496,0.0028853935747211374,0.0628099635378103,0.9371900364621897
0.05,0.75,19,three_source_diverse,28419,899,71581,2204,0.03163376614236954,0.03079029351364189,0.9692097064863581
0.05,0.75,20,single_source,27967,1165,72033,2580,0.041656237708728144,0.03581691724626213,0.9641830827537379
0.05,0.75,20,redundant_fail_closed,27967,842,72033,3192,0.0301069117173812,0.04431302319770106,0.955686976802299
0.05,0.75,20,correlation_aware,27967,70,72033,4435,0.002502949905245468,0.061569003095803314,0.9384309969041967
0.05,0.75,20,three_source_diverse,27967,871,72033,2095,0.031143848106697177,0.029083892105007426,0.9709161078949926
0.05,0.75,21,single_source,27934,1078,72066,2709,0.03859096441612372,0.037590542003163765,0.9624094579968362
0.05,0.75,21,redundant_fail_closed,27934,792,72066,3330,0.028352545285315386,0.046207642993922236,0.9537923570060778
0.05,0.75,21,correlation_aware,27934,68,72066,4487,0.0024343094436886947,0.06226237060472345,0.9377376293952766
0.05,0.75,21,three_source_diverse,27934,828,72066,2211,0.029641297343738812,0.030680209807676297,0.9693197901923237
0.05,0.75,22,single_source,28169,1087,71831,2579,0.038588519294259646,0.03590371845025128,0.9640962815497487
0.05,0.75,22,redundant_fail_closed,28169,784,71831,3194,0.027832013916006957,0.04446548147735657,0.9555345185226434
0.05,0.75,22,correlation_aware,28169,64,71831,4461,0.002272001136000568,0.06210410546978324,0.9378958945302167
0.05,0.75,22,three_source_diverse,28169,806,71831,2119,0.028613014306507152,0.029499798137294482,0.9705002018627055
0.05,0.75,23,single_source,27881,1100,72119,2558,0.03945339119830709,0.03546915514635533,0.9645308448536447
0.05,0.75,23,redundant_fail_closed,27881,807,72119,3175,0.02894444245184893,0.044024459573760034,0.95597554042624
0.05,0.75,23,correlation_aware,27881,62,72119,4350,0.0022237365948136723,0.060316976108931074,0.939683023891069
0.05,0.75,23,three_source_diverse,27881,833,72119,2074,0.029876977152899824,0.02875802493101679,0.9712419750689832
0.05,0.75,24,single_source,28148,1142,71852,2638,0.040571266164558764,0.03671435728998497,0.963285642710015
0.05,0.75,24,redundant_fail_closed,28148,859,71852,3258,0.030517265880346738,0.04534320547792685,0.9546567945220732
0.05,0.75,24,correlation_aware,28148,62,71852,4474,0.0022026431718061676,0.0622668819239548,0.9377331180760452
0.05,0.75,24,three_source_diverse,28148,888,71852,2146,0.03154753446070769,0.029866948727940767,0.9701330512720592
0.05,0.75,25,single_source,27894,1109,72106,2646,0.039757653975765396,0.03669597536959476,0.9633040246304052
0.05,0.75,25,redundant_fail_closed,27894,839,72106,3196,0.0300781530078153,0.04432363464898899,0.955676365351011
0.05,0.75,25,correlation_aware,27894,53,72106,4493,0.001900050190005019,0.062311042076942276,0.9376889579230577
0.05,0.75,25,three_source_diverse,27894,859,72106,2140,0.030795153079515306,0.029678528832552075,0.9703214711674479
0.05,0.75,26,single_source,27928,1147,72072,2608,0.04106989401317674,0.036186036186036184,0.9638139638139638
0.05,0.75,26,redundant_fail_closed,27928,852,72072,3199,0.03050701804640504,0.044386169386169384,0.9556138306138307
0.05,0.75,26,correlation_aware,27928,58,72072,4493,0.002076768834144944,0.062340437340437344,0.9376595626595626
0.05,0.75,26,three_source_diverse,27928,877,72072,2144,0.03140217702663993,0.029748029748029748,0.9702519702519703
0.05,0.75,27,single_source,27861,1049,72139,2557,0.037651197013746814,0.035445459460208766,0.9645545405397913
0.05,0.75,27,redundant_fail_closed,27861,781,72139,3171,0.028032016079824845,0.04395680561138912,0.9560431943886109
0.05,0.75,27,correlation_aware,27861,71,72139,4392,0.002548365098165895,0.060882463022775474,0.9391175369772246
0.05,0.75,27,three_source_diverse,27861,807,72139,2078,0.028965220200279963,0.028805500492105517,0.9711944995078945
0.05,0.75,28,single_source,27972,1126,72028,2590,0.040254540254540255,0.035958238462820015,0.96404176153718
0.05,0.75,28,redundant_fail_closed,27972,854,72028,3199,0.03053053053053053,0.04441328372299661,0.9555867162770034
0.05,0.75,28,correlation_aware,27972,73,72028,4411,0.00260975260975261,0.0612400733048259,0.938759926695174
0.05,0.75,28,three_source_diverse,27972,884,72028,2114,0.0316030316030316,0.029349697339923365,0.9706503026600767
0.05,0.75,29,single_source,28011,1190,71989,2567,0.042483310128163934,0.035658225562238674,0.9643417744377614
0.05,0.75,29,redundant_fail_closed,28011,883,71989,3176,0.031523330120309875,0.04411785133839892,0.955882148661601
0.05,0.75,29,correlation_aware,28011,66,71989,4460,0.0023562172003855626,0.06195390962508161,0.9380460903749184
0.05,0.75,29,three_source_diverse,28011,910,71989,2118,0.032487237156831245,0.029421161566350416,0.9705788384336496
0.05,1.0,0,single_source,28045,1023,71955,2752,0.03647709039044393,0.0382461260510041,0.9617538739489959
0.05,1.0,0,redundant_fail_closed,28045,1023,71955,2752,0.03647709039044393,0.0382461260510041,0.9617538739489959
0.05,1.0,0,correlation_aware,28045,48,71955,5120,0.0017115350329827063,0.0711555833507053,0.9288444166492947
0.05,1.0,0,three_source_diverse,28045,1023,71955,2752,0.03647709039044393,0.0382461260510041,0.9617538739489959
0.05,1.0,1,single_source,28192,1136,71808,2678,0.04029511918274688,0.037293894830659535,0.9627061051693404
0.05,1.0,1,redundant_fail_closed,28192,1136,71808,2678,0.04029511918274688,0.037293894830659535,0.9627061051693404
0.05,1.0,1,correlation_aware,28192,53,71808,5151,0.001879965947786606,0.07173295454545454,0.9282670454545454
0.05,1.0,1,three_source_diverse,28192,1136,71808,2678,0.04029511918274688,0.037293894830659535,0.9627061051693404
0.05,1.0,2,single_source,28230,1086,71770,2584,0.03846971307120085,0.03600390135153964,0.9639960986484604
0.05,1.0,2,redundant_fail_closed,28230,1086,71770,2584,0.03846971307120085,0.03600390135153964,0.9639960986484604
0.05,1.0,2,correlation_aware,28230,68,71770,4923,0.0024087849805171802,0.06859412010589383,0.9314058798941062
0.05,1.0,2,three_source_diverse,28230,1086,71770,2584,0.03846971307120085,0.03600390135153964,0.9639960986484604
0.05,1.0,3,single_source,28063,1076,71937,2587,0.03834230125075722,0.03596202232509001,0.96403797767491
0.05,1.0,3,redundant_fail_closed,28063,1076,71937,2587,0.03834230125075722,0.03596202232509001,0.96403797767491
0.05,1.0,3,correlation_aware,28063,60,71937,4970,0.0021380465381463138,0.06908822997900942,0.9309117700209906
0.05,1.0,3,three_source_diverse,28063,1076,71937,2587,0.03834230125075722,0.03596202232509001,0.96403797767491
0.05,1.0,4,single_source,28119,1087,71881,2632,0.03865713574451438,0.03661607378862286,0.9633839262113771
0.05,1.0,4,redundant_fail_closed,28119,1087,71881,2632,0.03865713574451438,0.03661607378862286,0.9633839262113771
0.05,1.0,4,correlation_aware,28119,53,71881,4965,0.0018848465450407197,0.0690724948178239,0.9309275051821762
0.05,1.0,4,three_source_diverse,28119,1087,71881,2632,0.03865713574451438,0.03661607378862286,0.9633839262113771
0.05,1.0,5,single_source,27927,1047,72073,2583,0.03749060049414545,0.03583866357720644,0.9641613364227936
0.05,1.0,5,redundant_fail_closed,27927,1047,72073,2583,0.03749060049414545,0.03583866357720644,0.9641613364227936
0.05,1.0,5,correlation_aware,27927,43,72073,4967,0.001539728578078562,0.06891623770343956,0.9310837622965604
0.05,1.0,5,three_source_diverse,27927,1047,72073,2583,0.03749060049414545,0.03583866357720644,0.9641613364227936
0.05,1.0,6,single_source,28032,1065,71968,2584,0.03799229452054795,0.035904846598488215,0.9640951534015118
0.05,1.0,6,redundant_fail_closed,28032,1065,71968,2584,0.03799229452054795,0.035904846598488215,0.9640951534015118
0.05,1.0,6,correlation_aware,28032,58,71968,4940,0.002069063926940639,0.06864161849710983,0.9313583815028902
0.05,1.0,6,three_source_diverse,28032,1065,71968,2584,0.03799229452054795,0.035904846598488215,0.9640951534015118
0.05,1.0,7,single_source,28233,1104,71767,2623,0.03910317713314207,0.03654883163571001,0.96345116836429
0.05,1.0,7,redundant_fail_closed,28233,1104,71767,2623,0.03910317713314207,0.03654883163571001,0.96345116836429
0.05,1.0,7,correlation_aware,28233,65,71767,4896,0.0023022703928027486,0.06822076999177895,0.931779230008221
0.05,1.0,7,three_source_diverse,28233,1104,71767,2623,0.03910317713314207,0.03654883163571001,0.96345116836429
0.05,1.0,8,single_source,27970,1084,72030,2630,0.038755809796210225,0.03651256420935721,0.9634874357906428
0.05,1.0,8,redundant_fail_closed,27970,1084,72030,2630,0.038755809796210225,0.03651256420935721,0.9634874357906428
0.05,1.0,8,correlation_aware,27970,63,72030,5062,0.0022524132999642474,0.07027627377481604,0.929723726225184
0.05,1.0,8,three_source_diverse,27970,1084,72030,2630,0.038755809796210225,0.03651256420935721,0.9634874357906428
0.05,1.0,9,single_source,27967,1167,72033,2565,0.04172775056316373,0.03560867935529549,0.9643913206447046
0.05,1.0,9,redundant_fail_closed,27967,1167,72033,2565,0.04172775056316373,0.03560867935529549,0.9643913206447046
0.05,1.0,9,correlation_aware,27967,70,72033,4989,0.002502949905245468,0.06925992253550456,0.9307400774644954
0.05,1.0,9,three_source_diverse,27967,1167,72033,2565,0.04172775056316373,0.03560867935529549,0.9643913206447046
0.05,1.0,10,single_source,27722,1117,72278,2623,0.040292908159584445,0.0362904341570049,0.963709565842995
0.05,1.0,10,redundant_fail_closed,27722,1117,72278,2623,0.040292908159584445,0.0362904341570049,0.963709565842995
0.05,1.0,10,correlation_aware,27722,55,72278,5030,0.001983983839549816,0.0695924070948283,0.9304075929051717
0.05,1.0,10,three_source_diverse,27722,1117,72278,2623,0.040292908159584445,0.0362904341570049,0.963709565842995
0.05,1.0,11,single_source,28028,1116,71972,2633,0.03981732553161125,0.03658367142777747,0.9634163285722225
0.05,1.0,11,redundant_fail_closed,28028,1116,71972,2633,0.03981732553161125,0.03658367142777747,0.9634163285722225
0.05,1.0,11,correlation_aware,28028,49,71972,4913,0.0017482517482517483,0.06826265770021675,0.9317373422997832
0.05,1.0,11,three_source_diverse,28028,1116,71972,2633,0.03981732553161125,0.03658367142777747,0.9634163285722225
0.05,1.0,12,single_source,28118,1162,71882,2622,0.04132584109822889,0.03647644751119891,0.9635235524888011
0.05,1.0,12,redundant_fail_closed,28118,1162,71882,2622,0.04132584109822889,0.03647644751119891,0.9635235524888011
0.05,1.0,12,correlation_aware,28118,55,71882,4991,0.0019560423927733124,0.06943323780640494,0.930566762193595
0.05,1.0,12,three_source_diverse,28118,1162,71882,2622,0.04132584109822889,0.03647644751119891,0.9635235524888011
0.05,1.0,13,single_source,28203,1136,71797,2606,0.04027940290040067,0.03629678120255721,0.9637032187974428
0.05,1.0,13,redundant_fail_closed,28203,1136,71797,2606,0.04027940290040067,0.03629678120255721,0.9637032187974428
0.05,1.0,13,correlation_aware,28203,54,71797,4998,0.0019146899266035528,0.06961293647366881,0.9303870635263312
0.05,1.0,13,three_source_diverse,28203,1136,71797,2606,0.04027940290040067,0.03629678120255721,0.9637032187974428
0.05,1.0,14,single_source,28034,1124,71966,2583,0.04009417136334451,0.03589194897590529,0.9641080510240947
0.05,1.0,14,redundant_fail_closed,28034,1124,71966,2583,0.04009417136334451,0.03589194897590529,0.9641080510240947
0.05,1.0,14,correlation_aware,28034,64,71966,4978,0.002282942141685097,0.06917155323347136,0.9308284467665286
0.05,1.0,14,three_source_diverse,28034,1124,71966,2583,0.04009417136334451,0.03589194897590529,0.9641080510240947
0.05,1.0,15,single_source,28194,1116,71806,2639,0.03958288997659076,0.03675180347046208,0.963248196529538
0.05,1.0,15,redundant_fail_closed,28194,1116,71806,2639,0.03958288997659076,0.03675180347046208,0.963248196529538
0.05,1.0,15,correlation_aware,28194,51,71806,4942,0.0018088955096829114,0.06882433222850458,0.9311756677714954
0.05,1.0,15,three_source_diverse,28194,1116,71806,2639,0.03958288997659076,0.03675180347046208,0.963248196529538
0.05,1.0,16,single_source,27819,1110,72181,2606,0.039900787231748086,0.03610368379490447,0.9638963162050955
0.05,1.0,16,redundant_fail_closed,27819,1110,72181,2606,0.039900787231748086,0.03610368379490447,0.9638963162050955
0.05,1.0,16,correlation_aware,27819,38,72181,4907,0.0013659728962220066,0.06798187888779596,0.9320181211122041
0.05,1.0,16,three_source_diverse,27819,1110,72181,2606,0.039900787231748086,0.03610368379490447,0.9638963162050955
0.05,1.0,17,single_source,28057,1141,71943,2608,0.04066721317318316,0.03625092086790932,0.9637490791320906
0.05,1.0,17,redundant_fail_closed,28057,1141,71943,2608,0.04066721317318316,0.03625092086790932,0.9637490791320906
0.05,1.0,17,correlation_aware,28057,52,71943,5076,0.0018533699255087856,0.07055585671990326,0.9294441432800967
0.05,1.0,17,three_source_diverse,28057,1141,71943,2608,0.04066721317318316,0.03625092086790932,0.9637490791320906
0.05,1.0,18,single_source,28089,1135,71911,2675,0.04040727686994909,0.03719875957781146,0.9628012404221885
0.05,1.0,18,redundant_fail_closed,28089,1135,71911,2675,0.04040727686994909,0.03719875957781146,0.9628012404221885
0.05,1.0,18,correlation_aware,28089,51,71911,5072,0.001815657374773043,0.0705316293751999,0.9294683706248001
0.05,1.0,18,three_source_diverse,28089,1135,71911,2675,0.04040727686994909,0.03719875957781146,0.9628012404221885
0.05,1.0,19,single_source,28419,1151,71581,2678,0.04050107322565889,0.037412162445341644,0.9625878375546584
0.05,1.0,19,redundant_fail_closed,28419,1151,71581,2678,0.04050107322565889,0.037412162445341644,0.9625878375546584
0.05,1.0,19,correlation_aware,28419,51,71581,5020,0.0017945740525704633,0.07013034185049105,0.929869658149509
0.05,1.0,19,three_source_diverse,28419,1151,71581,2678,0.04050107322565889,0.037412162445341644,0.9625878375546584
0.05,1.0,20,single_source,27967,1101,72033,2581,0.039367826366789434,0.035830799772326574,0.9641692002276734
0.05,1.0,20,redundant_fail_closed,27967,1101,72033,2581,0.039367826366789434,0.035830799772326574,0.9641692002276734
0.05,1.0,20,correlation_aware,27967,56,72033,4961,0.0020023599241963744,0.06887121180570016,0.9311287881942998
0.05,1.0,20,three_source_diverse,27967,1101,72033,2581,0.039367826366789434,0.035830799772326574,0.9641692002276734
0.05,1.0,21,single_source,27934,1092,72066,2686,0.039092145772177275,0.03727139011461716,0.9627286098853829
0.05,1.0,21,redundant_fail_closed,27934,1092,72066,2686,0.039092145772177275,0.03727139011461716,0.9627286098853829
0.05,1.0,21,correlation_aware,27934,47,72066,5024,0.0016825374096083626,0.06971387339383343,0.9302861266061666
0.05,1.0,21,three_source_diverse,27934,1092,72066,2686,0.039092145772177275,0.03727139011461716,0.9627286098853829
0.05,1.0,22,single_source,28169,1096,71831,2600,0.03890801945400973,0.03619607133410366,0.9638039286658964
0.05,1.0,22,redundant_fail_closed,28169,1096,71831,2600,0.03890801945400973,0.03619607133410366,0.9638039286658964
0.05,1.0,22,correlation_aware,28169,51,71831,4989,0.0018105009052504525,0.06945469226378582,0.9305453077362141
0.05,1.0,22,three_source_diverse,28169,1096,71831,2600,0.03890801945400973,0.03619607133410366,0.9638039286658964
0.05,1.0,23,single_source,27881,1081,72119,2590,0.038771923532154515,0.03591286623497275,0.9640871337650272
0.05,1.0,23,redundant_fail_closed,27881,1081,72119,2590,0.038771923532154515,0.03591286623497275,0.9640871337650272
0.05,1.0,23,correlation_aware,27881,48,72119,4928,0.0017216025250170366,0.06833150764708329,0.9316684923529167
0.05,1.0,23,three_source_diverse,27881,1081,72119,2590,0.038771923532154515,0.03591286623497275,0.9640871337650272
0.05,1.0,24,single_source,28148,1143,71852,2628,0.040606792667329826,0.03657518231921171,0.9634248176807882
0.05,1.0,24,redundant_fail_closed,28148,1143,71852,2628,0.040606792667329826,0.03657518231921171,0.9634248176807882
0.05,1.0,24,correlation_aware,28148,39,71852,5023,0.0013855336080716215,0.06990758781940656,0.9300924121805935
0.05,1.0,24,three_source_diverse,28148,1143,71852,2628,0.040606792667329826,0.03657518231921171,0.9634248176807882
0.05,1.0,25,single_source,27894,1104,72106,2700,0.039578403957840395,0.0374448728261171,0.9625551271738829
0.05,1.0,25,redundant_fail_closed,27894,1104,72106,2700,0.039578403957840395,0.0374448728261171,0.9625551271738829
0.05,1.0,25,correlation_aware,27894,44,72106,5098,0.0015774001577400158,0.07070146728427593,0.929298532715724
0.05,1.0,25,three_source_diverse,27894,1104,72106,2700,0.039578403957840395,0.0374448728261171,0.9625551271738829
0.05,1.0,26,single_source,27928,1108,72072,2622,0.039673446004010314,0.036380286380286384,0.9636197136197137
0.05,1.0,26,redundant_fail_closed,27928,1108,72072,2622,0.039673446004010314,0.036380286380286384,0.9636197136197137
0.05,1.0,26,correlation_aware,27928,42,72072,5034,0.0015038670867946148,0.06984681984681984,0.9301531801531802
0.05,1.0,26,three_source_diverse,27928,1108,72072,2622,0.039673446004010314,0.036380286380286384,0.9636197136197137
0.05,1.0,27,single_source,27861,1085,72139,2604,0.03894332579591544,0.03609697944246524,0.9639030205575347
0.05,1.0,27,redundant_fail_closed,27861,1085,72139,2604,0.03894332579591544,0.03609697944246524,0.9639030205575347
0.05,1.0,27,correlation_aware,27861,54,72139,4959,0.0019381931732529343,0.06874228919169936,0.9312577108083007
0.05,1.0,27,three_source_diverse,27861,1085,72139,2604,0.03894332579591544,0.03609697944246524,0.9639030205575347
0.05,1.0,28,single_source,27972,1138,72028,2598,0.04068354068354069,0.036069306380851894,0.9639306936191481
0.05,1.0,28,redundant_fail_closed,27972,1138,72028,2598,0.04068354068354069,0.036069306380851894,0.9639306936191481
0.05,1.0,28,correlation_aware,27972,52,72028,4955,0.0018590018590018591,0.0687926917309935,0.9312073082690064
0.05,1.0,28,three_source_diverse,27972,1138,72028,2598,0.04068354068354069,0.036069306380851894,0.9639306936191481
0.05,1.0,29,single_source,28011,1144,71989,2596,0.04084109814001642,0.03606106488491297,0.963938935115087
0.05,1.0,29,redundant_fail_closed,28011,1144,71989,2596,0.04084109814001642,0.03606106488491297,0.963938935115087
0.05,1.0,29,correlation_aware,28011,55,71989,5008,0.0019635143336546356,0.06956618372251316,0.9304338162774868
0.05,1.0,29,three_source_diverse,28011,1144,71989,2596,0.04084109814001642,0.03606106488491297,0.963938935115087
0.1,0.0,0,single_source,28045,2164,71955,5115,0.07716170440363701,0.07108609547633937,0.9289139045236606
0.1,0.0,0,redundant_fail_closed,28045,185,71955,9167,0.006596541272954181,0.1273990688624835,0.8726009311375165
0.1,0.0,0,correlation_aware,28045,362,71955,5951,0.01290782670707791,0.08270446807032172,0.9172955319296783
0.1,0.0,0,three_source_diverse,28045,524,71955,2527,0.018684257443394546,0.03511917170453756,0.9648808282954624
0.1,0.0,1,single_source,28192,2117,71808,5117,0.0750922247446084,0.0712594696969697,0.9287405303030303
0.1,0.0,1,redundant_fail_closed,28192,180,71808,9383,0.006384790011350738,0.13066789215686275,0.8693321078431373
0.1,0.0,1,correlation_aware,28192,345,71808,6065,0.012237514188422248,0.0844613413547237,0.9155386586452763
0.1,0.0,1,three_source_diverse,28192,509,71808,2636,0.018054767309875142,0.0367090017825312,0.9632909982174688
0.1,0.0,2,single_source,28230,2043,71770,5083,0.07236981934112646,0.07082346384283127,0.9291765361571688
0.1,0.0,2,redundant_fail_closed,28230,151,71770,9196,0.0053489195890896206,0.1281315312804793,0.8718684687195207
0.1,0.0,2,correlation_aware,28230,351,71770,5847,0.012433581296493093,0.08146858018670754,0.9185314198132924
0.1,0.0,2,three_source_diverse,28230,488,71770,2443,0.017286574566064472,0.034039292183363525,0.9659607078166365
0.1,0.0,3,single_source,28063,2090,71937,5114,0.07447528774542993,0.07108998151160043,0.9289100184883996
0.1,0.0,3,redundant_fail_closed,28063,183,71937,9351,0.006521041941346257,0.12998874014762918,0.8700112598523708
0.1,0.0,3,correlation_aware,28063,348,71937,5953,0.012400669921248619,0.08275296439940504,0.917247035600595
0.1,0.0,3,three_source_diverse,28063,518,71937,2607,0.01845846844599651,0.036240043371283205,0.9637599566287168
0.1,0.0,4,single_source,28119,2113,71881,4940,0.07514491980511398,0.06872469776436053,0.9312753022356395
0.1,0.0,4,redundant_fail_closed,28119,204,71881,9125,0.007254881041288809,0.1269459245141275,0.8730540754858724
0.1,0.0,4,correlation_aware,28119,332,71881,5906,0.011806963263273943,0.08216357591018489,0.9178364240898151
0.1,0.0,4,three_source_diverse,28119,512,71881,2519,0.01820832888794054,0.035044031106968465,0.9649559688930316
0.1,0.0,5,single_source,27927,2071,72073,5091,0.07415762523722562,0.07063671555228726,0.9293632844477128
0.1,0.0,5,redundant_fail_closed,27927,178,72073,9292,0.006373760160418233,0.12892484009268382,0.8710751599073162
0.1,0.0,5,correlation_aware,27927,372,72073,5999,0.013320442582447094,0.08323505334868814,0.9167649466513119
0.1,0.0,5,three_source_diverse,27927,538,72073,2641,0.019264511046657357,0.03664340321618359,0.9633565967838165
0.1,0.0,6,single_source,28032,2084,71968,5116,0.07434360730593607,0.07108714984437528,0.9289128501556247
0.1,0.0,6,redundant_fail_closed,28032,200,71968,9355,0.007134703196347032,0.1299883281458426,0.8700116718541574
0.1,0.0,6,correlation_aware,28032,380,71968,5901,0.01355593607305936,0.08199477545575812,0.9180052245442418
0.1,0.0,6,three_source_diverse,28032,556,71968,2559,0.01983447488584475,0.03555746998666074,0.9644425300133392
0.1,0.0,7,single_source,28233,2180,71767,5051,0.07721460702015372,0.07038053701562,0.92961946298438
0.1,0.0,7,redundant_fail_closed,28233,181,71767,9169,0.006410937555343038,0.12776066994579682,0.8722393300542032
0.1,0.0,7,correlation_aware,28233,376,71767,5746,0.013317748733751284,0.08006465367090725,0.9199353463290928
0.1,0.0,7,three_source_diverse,28233,539,71767,2420,0.019091134488010485,0.03372023353351819,0.9662797664664818
0.1,0.0,8,single_source,27970,2137,72030,5115,0.07640328923846978,0.07101207830070803,0.928987921699292
0.1,0.0,8,redundant_fail_closed,27970,174,72030,9261,0.0062209510189488735,0.12857142857142856,0.8714285714285714
0.1,0.0,8,correlation_aware,27970,367,72030,5933,0.013121201287093313,0.08236845758711647,0.9176315424128836
0.1,0.0,8,three_source_diverse,27970,523,72030,2528,0.018698605648909544,0.035096487574621686,0.9649035124253783
0.1,0.0,9,single_source,27967,2025,72033,5165,0.0724067651160296,0.07170324712284647,0.9282967528771535
0.1,0.0,9,redundant_fail_closed,27967,193,72033,9213,0.0069009904530339325,0.12789971263171046,0.8721002873682895
0.1,0.0,9,correlation_aware,27967,339,72033,5988,0.012121428826831622,0.0831285660738828,0.9168714339261173
0.1,0.0,9,three_source_diverse,27967,516,72033,2530,0.018450316444380877,0.035122790943039994,0.96487720905696
0.1,0.0,10,single_source,27722,2164,72278,5090,0.07806074597792367,0.07042253521126761,0.9295774647887324
0.1,0.0,10,redundant_fail_closed,27722,178,72278,9203,0.006420893153452132,0.12732781759318187,0.8726721824068181
0.1,0.0,10,correlation_aware,27722,373,72278,5914,0.013455017675492389,0.0818229613437007,0.9181770386562993
0.1,0.0,10,three_source_diverse,27722,542,72278,2588,0.01955125892792728,0.03580619275574864,0.9641938072442514
0.1,0.0,11,single_source,28028,2181,71972,5085,0.07781504210075639,0.07065247596287445,0.9293475240371255
0.1,0.0,11,redundant_fail_closed,28028,190,71972,9273,0.006778935350363922,0.1288417718001445,0.8711582281998556
0.1,0.0,11,correlation_aware,28028,360,71972,5733,0.012844298558584273,0.07965597732451508,0.9203440226754849
0.1,0.0,11,three_source_diverse,28028,531,71972,2457,0.018945340373911802,0.034138275996220754,0.9658617240037792
0.1,0.0,12,single_source,28118,2114,71882,5108,0.07518315669677786,0.07106090537269413,0.9289390946273058
0.1,0.0,12,redundant_fail_closed,28118,191,71882,9188,0.006792801763994594,0.12782059486380457,0.8721794051361954
0.1,0.0,12,correlation_aware,28118,356,71882,5864,0.012660928942314532,0.08157814195487048,0.9184218580451295
0.1,0.0,12,three_source_diverse,28118,524,71882,2544,0.01863574934205847,0.035391335800339443,0.9646086641996605
0.1,0.0,13,single_source,28203,2102,71797,5098,0.07453107825408645,0.07100575232948451,0.9289942476705155
0.1,0.0,13,redundant_fail_closed,28203,192,71797,9308,0.006807786405701521,0.1296432998593256,0.8703567001406745
0.1,0.0,13,correlation_aware,28203,362,71797,5852,0.01283551395241641,0.08150758388233492,0.9184924161176651
0.1,0.0,13,three_source_diverse,28203,536,71797,2551,0.019005070382583412,0.035530732481858576,0.9644692675181414
0.1,0.0,14,single_source,28034,2012,71966,5130,0.07176999357922523,0.07128366172914988,0.9287163382708501
0.1,0.0,14,redundant_fail_closed,28034,187,71966,9264,0.006670471570236142,0.12872745463135368,0.8712725453686463
0.1,0.0,14,correlation_aware,28034,348,71966,5965,0.012413497895412713,0.08288636300475224,0.9171136369952477
0.1,0.0,14,three_source_diverse,28034,516,71966,2558,0.01840622101733609,0.03554456271016869,0.9644554372898313
0.1,0.0,15,single_source,28194,2104,71806,4933,0.07462580690927148,0.06869899451299334,0.9313010054870067
0.1,0.0,15,redundant_fail_closed,28194,187,71806,9093,0.0066326168688373415,0.12663287190485475,0.8733671280951453
0.1,0.0,15,correlation_aware,28194,351,71806,5799,0.012449457331347094,0.08075926802774142,0.9192407319722586
0.1,0.0,15,three_source_diverse,28194,527,71806,2507,0.018691920266723415,0.03491351697629724,0.9650864830237027
0.1,0.0,16,single_source,27819,2083,72181,5042,0.0748768827060642,0.06985217716573613,0.9301478228342639
0.1,0.0,16,redundant_fail_closed,27819,182,72181,9224,0.006542291239800137,0.12778986159792743,0.8722101384020726
0.1,0.0,16,correlation_aware,27819,368,72181,5890,0.013228369100255221,0.08160042116346407,0.9183995788365359
0.1,0.0,16,three_source_diverse,27819,528,72181,2499,0.018979833926453145,0.03462129923387041,0.9653787007661296
0.1,0.0,17,single_source,28057,2124,71943,5245,0.07570303311116655,0.07290493863197253,0.9270950613680274
0.1,0.0,17,redundant_fail_closed,28057,189,71943,9400,0.006736286844637702,0.13065899392574676,0.8693410060742532
0.1,0.0,17,correlation_aware,28057,363,71943,6111,0.012937947749224792,0.08494224594470623,0.9150577540552938
0.1,0.0,17,three_source_diverse,28057,528,71943,2682,0.018818833089781516,0.0372795129477503,0.9627204870522497
0.1,0.0,18,single_source,28089,2214,71911,5243,0.07882089074014739,0.07290956877251047,0.9270904312274896
0.1,0.0,18,redundant_fail_closed,28089,209,71911,9363,0.00744063512406992,0.13020261156151353,0.8697973884384864
0.1,0.0,18,correlation_aware,28089,338,71911,5951,0.012033180248495853,0.08275507224207701,0.917244927757923
0.1,0.0,18,three_source_diverse,28089,532,71911,2608,0.018939798497632526,0.036267052328572816,0.9637329476714271
0.1,0.0,19,single_source,28419,2132,71581,5117,0.07502023294274957,0.07148545004959417,0.9285145499504058
0.1,0.0,19,redundant_fail_closed,28419,185,71581,9221,0.006509729406383054,0.12881910004051356,0.8711808999594864
0.1,0.0,19,correlation_aware,28419,387,71581,5959,0.013617650163622928,0.08324834802531399,0.916751651974686
0.1,0.0,19,three_source_diverse,28419,549,71581,2572,0.019318061860023224,0.035931322557661946,0.964068677442338
0.1,0.0,20,single_source,27967,2167,72033,5143,0.07748417778095612,0.07139783154942873,0.9286021684505713
0.1,0.0,20,redundant_fail_closed,27967,166,72033,9288,0.005935566918153538,0.12894090208654366,0.8710590979134564
0.1,0.0,20,correlation_aware,27967,354,72033,5955,0.01265777523509851,0.08267044271375619,0.9173295572862438
0.1,0.0,20,three_source_diverse,27967,506,72033,2570,0.018092752172202953,0.0356780919856177,0.9643219080143823
0.1,0.0,21,single_source,27934,2178,72066,5128,0.0779694995346173,0.0711569949768268,0.9288430050231732
0.1,0.0,21,redundant_fail_closed,27934,191,72066,9232,0.006837545643302069,0.12810479282879583,0.8718952071712042
0.1,0.0,21,correlation_aware,27934,377,72066,5891,0.01349609794515644,0.08174451197513391,0.9182554880248661
0.1,0.0,21,three_source_diverse,27934,553,72066,2525,0.019796663564115417,0.03503732689479089,0.9649626731052091
0.1,0.0,22,single_source,28169,2119,71831,5180,0.0752245376122688,0.07211371135025267,0.9278862886497473
0.1,0.0,22,redundant_fail_closed,28169,186,71831,9291,0.0066030033015016506,0.12934526875582966,0.8706547312441704
0.1,0.0,22,correlation_aware,28169,340,71831,5862,0.012070006035003017,0.08160821929250602,0.9183917807074939
0.1,0.0,22,three_source_diverse,28169,503,71831,2545,0.017856508928254463,0.03543038520972839,0.9645696147902716
0.1,0.0,23,single_source,27881,2221,72119,5288,0.07965998350130914,0.07332325739402931,0.9266767426059707
0.1,0.0,23,redundant_fail_closed,27881,207,72119,9404,0.007424410889135971,0.13039559616744548,0.8696044038325546
0.1,0.0,23,correlation_aware,27881,359,72119,5829,0.012876152218356586,0.08082474798596764,0.9191752520140324
0.1,0.0,23,three_source_diverse,27881,553,72119,2529,0.01983429575696711,0.035067041972295786,0.9649329580277042
0.1,0.0,24,single_source,28148,2209,71852,5050,0.07847804462128748,0.07028336024049435,0.9297166397595057
0.1,0.0,24,redundant_fail_closed,28148,189,71852,9173,0.006714509023731704,0.12766520069030785,0.8723347993096922
0.1,0.0,24,correlation_aware,28148,326,71852,5889,0.011581639903367913,0.08196014028837054,0.9180398597116295
0.1,0.0,24,three_source_diverse,28148,501,71852,2512,0.017798777888304675,0.034960752658241945,0.965039247341758
0.1,0.0,25,single_source,27894,2113,72106,5043,0.07575105757510575,0.06993870135633651,0.9300612986436635
0.1,0.0,25,redundant_fail_closed,27894,180,72106,9084,0.006453000645300065,0.12598119435275845,0.8740188056472415
0.1,0.0,25,correlation_aware,27894,349,72106,5963,0.012511651251165126,0.08269769506005048,0.9173023049399496
0.1,0.0,25,three_source_diverse,27894,514,72106,2530,0.018426901842690184,0.03508723268521344,0.9649127673147866
0.1,0.0,26,single_source,27928,2055,72072,5177,0.07358206817530794,0.07183094683094683,0.9281690531690532
0.1,0.0,26,redundant_fail_closed,27928,195,72072,9335,0.00698224004583214,0.12952325452325453,0.8704767454767455
0.1,0.0,26,correlation_aware,27928,326,72072,5940,0.011672873102262962,0.08241758241758242,0.9175824175824175
0.1,0.0,26,three_source_diverse,27928,501,72072,2572,0.01793898596390719,0.03568653568653569,0.9643134643134643
0.1,0.0,27,single_source,27861,2106,72139,5078,0.07558953375686443,0.07039188233826363,0.9296081176617363
0.1,0.0,27,redundant_fail_closed,27861,195,72139,9253,0.0069990309034133735,0.12826626374083366,0.8717337362591664
0.1,0.0,27,correlation_aware,27861,338,72139,5993,0.012131653565916514,0.08307572880134186,0.9169242711986582
0.1,0.0,27,three_source_diverse,27861,514,72139,2588,0.018448727612074226,0.0358751854059524,0.9641248145940476
0.1,0.0,28,single_source,27972,2102,72028,5213,0.07514657514657515,0.07237463208752153,0.9276253679124785
0.1,0.0,28,redundant_fail_closed,27972,181,72028,9303,0.0064707564707564705,0.12915810518131837,0.8708418948186816
0.1,0.0,28,correlation_aware,27972,384,72028,5936,0.013728013728013728,0.08241239517965236,0.9175876048203476
0.1,0.0,28,three_source_diverse,27972,547,72028,2548,0.019555269555269556,0.03537513189315266,0.9646248681068473
0.1,0.0,29,single_source,28011,2205,71989,5094,0.07871907464924494,0.07076081067940936,0.9292391893205907
0.1,0.0,29,redundant_fail_closed,28011,188,71989,9285,0.006711648995037664,0.1289780383114087,0.8710219616885913
0.1,0.0,29,correlation_aware,28011,367,71989,5920,0.013101995644568206,0.08223478587006348,0.9177652141299365
0.1,0.0,29,three_source_diverse,28011,541,71989,2610,0.019313840991039236,0.03625553904068677,0.9637444609593132
0.1,0.25,0,single_source,28045,2126,71955,5161,0.07580673916919237,0.07172538392050587,0.9282746160794941
0.1,0.25,0,redundant_fail_closed,28045,631,71955,8228,0.022499554287751827,0.11434924605656313,0.8856507539434368
0.1,0.25,0,correlation_aware,28045,320,71955,6772,0.011410233553218043,0.09411437704120632,0.9058856229587937
0.1,0.25,0,three_source_diverse,28045,893,71955,3171,0.0318416830094491,0.04406920992286846,0.9559307900771316
0.1,0.25,1,single_source,28192,2151,71808,5099,0.07629824063564132,0.07100880124777184,0.9289911987522281
0.1,0.25,1,redundant_fail_closed,28192,659,71808,8344,0.023375425652667422,0.11619875222816399,0.883801247771836
0.1,0.25,1,correlation_aware,28192,311,71808,6830,0.011031498297389331,0.09511475044563279,0.9048852495543672
0.1,0.25,1,three_source_diverse,28192,904,71808,3233,0.03206583427922815,0.045022838680926915,0.9549771613190731
0.1,0.25,2,single_source,28230,2020,71770,5051,0.07155508324477507,0.07037759509544378,0.9296224049045563
0.1,0.25,2,redundant_fail_closed,28230,583,71770,8199,0.02065178887708112,0.11423993311968789,0.8857600668803121
0.1,0.25,2,correlation_aware,28230,319,71770,6637,0.011300035423308537,0.09247596488783615,0.9075240351121638
0.1,0.25,2,three_source_diverse,28230,844,71770,3062,0.02989727240524265,0.04266406576564024,0.9573359342343598
0.1,0.25,3,single_source,28063,2127,71937,5091,0.07579374977728683,0.07077025730847825,0.9292297426915217
0.1,0.25,3,redundant_fail_closed,28063,660,71937,8280,0.02351851191960945,0.11510071312398348,0.8848992868760165
0.1,0.25,3,correlation_aware,28063,321,71937,6725,0.011438548979082778,0.09348457678246243,0.9065154232175375
0.1,0.25,3,three_source_diverse,28063,929,71937,3166,0.033104087232298754,0.04401073161238306,0.955989268387617
0.1,0.25,4,single_source,28119,2029,71881,4960,0.07215761584693624,0.06900293540713123,0.9309970645928688
0.1,0.25,4,redundant_fail_closed,28119,600,71881,8210,0.02133788541555532,0.11421655235736843,0.8857834476426316
0.1,0.25,4,correlation_aware,28119,315,71881,6670,0.011202389843166542,0.09279225386402526,0.9072077461359748
0.1,0.25,4,three_source_diverse,28119,844,71881,3134,0.03001529215121448,0.043599838622167195,0.9564001613778328
0.1,0.25,5,single_source,27927,2026,72073,5099,0.07254628137644574,0.07074771412318066,0.9292522858768193
0.1,0.25,5,redundant_fail_closed,27927,589,72073,8289,0.021090700755541234,0.11500839426692382,0.8849916057330762
0.1,0.25,5,correlation_aware,27927,325,72073,6834,0.011637483438965875,0.09482052918568673,0.9051794708143133
0.1,0.25,5,three_source_diverse,27927,861,72073,3252,0.030830379202921903,0.045120919068166995,0.954879080931833
0.1,0.25,6,single_source,28032,2042,71968,5104,0.0728453196347032,0.07092040907069809,0.9290795909293019
0.1,0.25,6,redundant_fail_closed,28032,586,71968,8330,0.020904680365296805,0.11574588706091596,0.8842541129390841
0.1,0.25,6,correlation_aware,28032,325,71968,6686,0.011593892694063928,0.09290240106714096,0.907097598932859
0.1,0.25,6,three_source_diverse,28032,849,71968,3173,0.03028681506849315,0.04408903957314362,0.9559109604268564
0.1,0.25,7,single_source,28233,2155,71767,5064,0.07632911840753728,0.07056167876600666,0.9294383212339934
0.1,0.25,7,redundant_fail_closed,28233,595,71767,8206,0.021074628980271314,0.11434224643638441,0.8856577535636156
0.1,0.25,7,correlation_aware,28233,327,71767,6558,0.011582191053023059,0.09137904607967451,0.9086209539203255
0.1,0.25,7,three_source_diverse,28233,865,71767,3032,0.030637905996528884,0.04224782978249056,0.9577521702175095
0.1,0.25,8,single_source,27970,2053,72030,5143,0.07340007150518413,0.0714008052200472,0.9285991947799528
0.1,0.25,8,redundant_fail_closed,27970,588,72030,8303,0.021022524132999643,0.1152714146883243,0.8847285853116758
0.1,0.25,8,correlation_aware,27970,350,72030,6805,0.012513407222023596,0.09447452450367902,0.905525475496321
0.1,0.25,8,three_source_diverse,27970,871,72030,3203,0.031140507686807293,0.044467582951547964,0.955532417048452
0.1,0.25,9,single_source,27967,2087,72033,5030,0.07462366360353273,0.06982910610414671,0.9301708938958533
0.1,0.25,9,redundant_fail_closed,27967,653,72033,8153,0.023348946973218435,0.11318423500340122,0.8868157649965988
0.1,0.25,9,correlation_aware,27967,318,72033,6735,0.011370543855257983,0.0934988130440215,0.9065011869559785
0.1,0.25,9,three_source_diverse,27967,913,72033,3074,0.032645618049844456,0.042674885122096815,0.9573251148779032
0.1,0.25,10,single_source,27722,2163,72278,5146,0.07802467354447731,0.07119732145327762,0.9288026785467224
0.1,0.25,10,redundant_fail_closed,27722,640,72278,8289,0.023086357405670586,0.11468219928608982,0.8853178007139102
0.1,0.25,10,correlation_aware,27722,318,72278,6773,0.011471033835942572,0.09370762887739008,0.90629237112261
0.1,0.25,10,three_source_diverse,27722,921,72278,3244,0.03322271120409783,0.044882260162151695,0.9551177398378483
0.1,0.25,11,single_source,28028,2178,71972,5107,0.07770800627943485,0.07095815039181905,0.9290418496081809
0.1,0.25,11,redundant_fail_closed,28028,637,71972,8265,0.022727272727272728,0.1148363252375924,0.8851636747624076
0.1,0.25,11,correlation_aware,28028,326,71972,6527,0.011631225916940203,0.09068804535096982,0.9093119546490301
0.1,0.25,11,three_source_diverse,28028,906,71972,3083,0.03232481803910375,0.0428361029289168,0.9571638970710832
0.1,0.25,12,single_source,28118,2135,71882,5077,0.07593000924674585,0.0706296430260705,0.9293703569739296
0.1,0.25,12,redundant_fail_closed,28118,627,71882,8177,0.022298883277615762,0.11375587768843382,0.8862441223115662
0.1,0.25,12,correlation_aware,28118,304,71882,6676,0.010811579770965219,0.09287443309868952,0.9071255669013105
0.1,0.25,12,three_source_diverse,28118,871,71882,3165,0.030976598620101003,0.04403049442141287,0.9559695055785872
0.1,0.25,13,single_source,28203,2113,71797,5080,0.07492110768357976,0.07075504547543769,0.9292449545245623
0.1,0.25,13,redundant_fail_closed,28203,632,71797,8248,0.022408963585434174,0.11487945178767915,0.8851205482123209
0.1,0.25,13,correlation_aware,28203,333,71797,6655,0.011807254547388575,0.09269189520453501,0.907308104795465
0.1,0.25,13,three_source_diverse,28203,901,71797,3125,0.031946955997588906,0.04352549549424071,0.9564745045057593
0.1,0.25,14,single_source,28034,2058,71966,5131,0.07341085824356139,0.07129755717977934,0.9287024428202206
0.1,0.25,14,redundant_fail_closed,28034,626,71966,8255,0.022330027823357353,0.1147069449462246,0.8852930550537754
0.1,0.25,14,correlation_aware,28034,320,71966,6757,0.011414710708425483,0.09389155990328767,0.9061084400967123
0.1,0.25,14,three_source_diverse,28034,886,71966,3186,0.03160448027395306,0.04427090570547203,0.955729094294528
0.1,0.25,15,single_source,28194,2160,71806,5020,0.07661204511598213,0.06991059242960199,0.930089407570398
0.1,0.25,15,redundant_fail_closed,28194,651,71806,8139,0.02309001915301128,0.11334707406066345,0.8866529259393365
0.1,0.25,15,correlation_aware,28194,310,71806,6586,0.010995247215719657,0.0917193549285575,0.9082806450714425
0.1,0.25,15,three_source_diverse,28194,912,71806,3142,0.032347307937859116,0.043756789126256856,0.9562432108737431
0.1,0.25,16,single_source,27819,2067,72181,5080,0.07430173622344441,0.070378631495823,0.929621368504177
0.1,0.25,16,redundant_fail_closed,27819,615,72181,8200,0.022107192925698262,0.11360330280821823,0.8863966971917818
0.1,0.25,16,correlation_aware,27819,329,72181,6714,0.011826449548869477,0.0930161676895582,0.9069838323104418
0.1,0.25,16,three_source_diverse,27819,883,72181,3154,0.031740896509579786,0.04369570939720979,0.9563042906027902
0.1,0.25,17,single_source,28057,2172,71943,5195,0.0774138361193285,0.07220994398343132,0.9277900560165687
0.1,0.25,17,redundant_fail_closed,28057,683,71943,8333,0.024343301136971165,0.11582780812587742,0.8841721918741225
0.1,0.25,17,correlation_aware,28057,332,71943,6927,0.011833054139786862,0.09628455860889872,0.9037154413911013
0.1,0.25,17,three_source_diverse,28057,943,71943,3254,0.033610150764515095,0.0452302517270617,0.9547697482729383
0.1,0.25,18,single_source,28089,2174,71911,5198,0.07739684574032539,0.07228379524690243,0.9277162047530976
0.1,0.25,18,redundant_fail_closed,28089,653,71911,8377,0.023247534622094057,0.11649121831152397,0.883508781688476
0.1,0.25,18,correlation_aware,28089,290,71911,6749,0.01032432624870946,0.09385212276285965,0.9061478772371403
0.1,0.25,18,three_source_diverse,28089,890,71911,3218,0.031685001246039374,0.044749760120148516,0.9552502398798515
0.1,0.25,19,single_source,28419,2131,71581,5144,0.07498504521622858,0.07186264511532389,0.9281373548846761
0.1,0.25,19,redundant_fail_closed,28419,639,71581,8269,0.02248495724691228,0.11551948142663555,0.8844805185733644
0.1,0.25,19,correlation_aware,28419,351,71581,6784,0.012350892008867307,0.09477375281150026,0.9052262471884998
0.1,0.25,19,three_source_diverse,28419,921,71581,3191,0.03240789612583131,0.04457886869420656,0.9554211313057934
0.1,0.25,20,single_source,27967,2241,72033,5224,0.08013015339507276,0.0725223161606486,0.9274776838393514
0.1,0.25,20,redundant_fail_closed,27967,638,72033,8374,0.02281260056495155,0.11625227326364306,0.8837477267363569
0.1,0.25,20,correlation_aware,27967,324,72033,6761,0.011585082418564737,0.093859758721697,0.9061402412783031
0.1,0.25,20,three_source_diverse,27967,903,72033,3226,0.03228805377766653,0.044785029083892106,0.9552149709161079
0.1,0.25,21,single_source,27934,2167,72066,5145,0.07757571418343237,0.07139288985096995,0.9286071101490301
0.1,0.25,21,redundant_fail_closed,27934,587,72066,8262,0.021013818285959763,0.11464490883356923,0.8853550911664307
0.1,0.25,21,correlation_aware,27934,317,72066,6744,0.011348177847784063,0.09358088418949297,0.906419115810507
0.1,0.25,21,three_source_diverse,27934,867,72066,3172,0.031037445407030857,0.0440152082812977,0.9559847917187023
0.1,0.25,22,single_source,28169,2101,71831,5189,0.07458553729276865,0.07223900544333227,0.9277609945566677
0.1,0.25,22,redundant_fail_closed,28169,626,71831,8297,0.022223011111505556,0.11550723225348387,0.8844927677465161
0.1,0.25,22,correlation_aware,28169,280,71831,6703,0.009940004970002485,0.09331625621249878,0.9066837437875013
0.1,0.25,22,three_source_diverse,28169,851,71831,3213,0.030210515105257553,0.044729991229413485,0.9552700087705865
0.1,0.25,23,single_source,27881,2172,72119,5232,0.07790251425702091,0.07254676298894883,0.9274532370110512
0.1,0.25,23,redundant_fail_closed,27881,615,72119,8375,0.022058032351780783,0.11612751147409144,0.8838724885259086
0.1,0.25,23,correlation_aware,27881,334,72119,6641,0.01197948423657688,0.09208391685963477,0.9079160831403652
0.1,0.25,23,three_source_diverse,27881,891,72119,3151,0.031957246870628744,0.04369167625729697,0.956308323742703
0.1,0.25,24,single_source,28148,2214,71852,5067,0.07865567713514282,0.07051995769080889,0.9294800423091911
0.1,0.25,24,redundant_fail_closed,28148,653,71852,8177,0.02319880630950689,0.11380337360129154,0.8861966263987084
0.1,0.25,24,correlation_aware,28148,289,71852,6696,0.010267159300838425,0.09319156042977231,0.9068084395702277
0.1,0.25,24,three_source_diverse,28148,894,71852,3116,0.03176069347733409,0.043366920892946616,0.9566330791070534
0.1,0.25,25,single_source,27894,2119,72106,5116,0.07596615759661576,0.07095109976978338,0.9290489002302166
0.1,0.25,25,redundant_fail_closed,27894,598,72106,8177,0.021438302143830214,0.1134024907774665,0.8865975092225336
0.1,0.25,25,correlation_aware,27894,302,72106,6792,0.010826701082670108,0.09419465786481014,0.9058053421351898
0.1,0.25,25,three_source_diverse,27894,861,72106,3191,0.030866853086685308,0.044254292291903585,0.9557457077080964
0.1,0.25,26,single_source,27928,2139,72072,5169,0.07658980234889716,0.07171994671994672,0.9282800532800533
0.1,0.25,26,redundant_fail_closed,27928,661,72072,8276,0.023668003437410483,0.11482961482961483,0.8851703851703852
0.1,0.25,26,correlation_aware,27928,274,72072,6765,0.00981094242337439,0.09386446886446886,0.9061355311355311
0.1,0.25,26,three_source_diverse,27928,884,72072,3176,0.0316528215411057,0.044067044067044064,0.9559329559329559
0.1,0.25,27,single_source,27861,2106,72139,5044,0.07558953375686443,0.06992057001067384,0.9300794299893261
0.1,0.25,27,redundant_fail_closed,27861,616,72139,8227,0.02210975916155199,0.1140437211494476,0.8859562788505524
0.1,0.25,27,correlation_aware,27861,288,72139,6713,0.010337030257348983,0.0930564604444198,0.9069435395555802
0.1,0.25,27,three_source_diverse,27861,854,72139,3156,0.030652166110333442,0.04374887370215833,0.9562511262978417
0.1,0.25,28,single_source,27972,2048,72028,5236,0.07321607321607322,0.07269395235186317,0.9273060476481368
0.1,0.25,28,redundant_fail_closed,27972,627,72028,8382,0.022415272415272414,0.1163714111178986,0.8836285888821014
0.1,0.25,28,correlation_aware,27972,332,72028,6754,0.011869011869011868,0.09376908979841173,0.9062309102015883
0.1,0.25,28,three_source_diverse,27972,895,72028,3197,0.031996281996281996,0.044385516743488646,0.9556144832565113
0.1,0.25,29,single_source,28011,2260,71989,5160,0.08068258898289958,0.07167761741377154,0.9283223825862285
0.1,0.25,29,redundant_fail_closed,28011,697,71989,8292,0.024883081646496018,0.11518426426259568,0.8848157357374044
0.1,0.25,29,correlation_aware,28011,337,71989,6764,0.01203098782621113,0.0939587992609982,0.9060412007390017
0.1,0.25,29,three_source_diverse,28011,981,71989,3234,0.03502195566027632,0.04492352998374752,0.9550764700162525
0.1,0.5,0,single_source,28045,2046,71955,5196,0.07295418078088786,0.07221179904106734,0.9277882009589327
0.1,0.5,0,redundant_fail_closed,28045,1063,71955,7212,0.03790336958459618,0.10022930998540755,0.8997706900145924
0.1,0.5,0,correlation_aware,28045,248,71955,7623,0.008842931003743983,0.10594121325828643,0.8940587867417136
0.1,0.5,0,three_source_diverse,28045,1234,71955,3818,0.044000713139597074,0.05306094086581892,0.9469390591341811
0.1,0.5,1,single_source,28192,2135,71808,5097,0.07573070374574348,0.07098094919786097,0.929019050802139
0.1,0.5,1,redundant_fail_closed,28192,1107,71808,7310,0.03926645856980704,0.10179924242424243,0.8982007575757576
0.1,0.5,1,correlation_aware,28192,283,71808,7645,0.010038308740068105,0.10646446078431372,0.8935355392156863
0.1,0.5,1,three_source_diverse,28192,1279,71808,3843,0.04536748013620885,0.05351771390374332,0.9464822860962567
0.1,0.5,2,single_source,28230,2083,71770,5082,0.07378675168260715,0.07080953044447541,0.9291904695555246
0.1,0.5,2,redundant_fail_closed,28230,1088,71770,7247,0.038540559688274884,0.10097533788491013,0.8990246621150899
0.1,0.5,2,correlation_aware,28230,300,71770,7503,0.010626992561105207,0.10454228786401003,0.89545771213599
0.1,0.5,2,three_source_diverse,28230,1284,71770,3738,0.045483528161530284,0.05208304305420092,0.947916956945799
0.1,0.5,3,single_source,28063,2132,71937,5067,0.07597192032213235,0.07043663205304641,0.9295633679469536
0.1,0.5,3,redundant_fail_closed,28063,1152,71937,7195,0.04105049353240922,0.10001807136800256,0.8999819286319974
0.1,0.5,3,correlation_aware,28063,283,71937,7511,0.010084452838256779,0.10441080389785506,0.8955891961021449
0.1,0.5,3,three_source_diverse,28063,1331,71937,3752,0.04742899903787906,0.052156748265843725,0.9478432517341563
0.1,0.5,4,single_source,28119,2067,71881,5000,0.07350901525658807,0.06955941069267262,0.9304405893073274
0.1,0.5,4,redundant_fail_closed,28119,1059,71881,7190,0.03766136775845514,0.10002643257606321,0.8999735674239367
0.1,0.5,4,correlation_aware,28119,268,71881,7458,0.009530922152281376,0.10375481698919047,0.8962451830108096
0.1,0.5,4,three_source_diverse,28119,1228,71881,3725,0.04367153881716988,0.051821760966041096,0.9481782390339589
0.1,0.5,5,single_source,27927,2009,72073,5104,0.07193755147348445,0.07081708822998904,0.929182911770011
0.1,0.5,5,redundant_fail_closed,27927,1040,72073,7240,0.0372399470046908,0.10045370665852676,0.8995462933414733
0.1,0.5,5,correlation_aware,27927,270,72073,7661,0.009668063164679342,0.10629500645179193,0.8937049935482081
0.1,0.5,5,three_source_diverse,27927,1221,72073,3877,0.04372113008916103,0.05379268241921385,0.9462073175807861
0.1,0.5,6,single_source,28032,2047,71968,5010,0.07302368721461187,0.06961427301022677,0.9303857269897733
0.1,0.5,6,redundant_fail_closed,28032,1060,71968,7189,0.03781392694063927,0.09989161849710983,0.9001083815028902
0.1,0.5,6,correlation_aware,28032,301,71968,7438,0.010737728310502284,0.10335148955091152,0.8966485104490884
0.1,0.5,6,three_source_diverse,28032,1254,71968,3737,0.04473458904109589,0.05192585593597154,0.9480741440640285
0.1,0.5,7,single_source,28233,2108,71767,5083,0.07466439981581836,0.07082642440118718,0.9291735755988129
0.1,0.5,7,redundant_fail_closed,28233,1082,71767,7207,0.0383239471540396,0.10042219961820893,0.899577800381791
0.1,0.5,7,correlation_aware,28233,302,71767,7429,0.010696702440406616,0.10351554335558126,0.8964844566444188
0.1,0.5,7,three_source_diverse,28233,1270,71767,3760,0.04498282152091524,0.052391767804143966,0.947608232195856
0.1,0.5,8,single_source,27970,2099,72030,5161,0.07504469074007866,0.07165070109676523,0.9283492989032348
0.1,0.5,8,redundant_fail_closed,27970,1096,72030,7307,0.03918484090096532,0.10144384284325975,0.8985561571567402
0.1,0.5,8,correlation_aware,27970,294,72030,7608,0.010511262066499822,0.10562265722615577,0.8943773427738442
0.1,0.5,8,three_source_diverse,27970,1273,72030,3843,0.04551304969610297,0.05335276967930029,0.9466472303206998
0.1,0.5,9,single_source,27967,2123,72033,5155,0.07591089498337326,0.07156442186220205,0.928435578137798
0.1,0.5,9,redundant_fail_closed,27967,1146,72033,7289,0.04097686559159009,0.10118973248372273,0.8988102675162772
0.1,0.5,9,correlation_aware,27967,285,72033,7628,0.010190581757070834,0.10589590881956881,0.8941040911804312
0.1,0.5,9,three_source_diverse,27967,1336,72033,3789,0.04777058676297064,0.05260089125817334,0.9473991087418266
0.1,0.5,10,single_source,27722,2142,72278,5143,0.07726715244210375,0.07115581504745566,0.9288441849525444
0.1,0.5,10,redundant_fail_closed,27722,1094,72278,7221,0.03946324219031816,0.09990591881347022,0.9000940811865298
0.1,0.5,10,correlation_aware,27722,266,72278,7593,0.009595267296731838,0.1050527131353939,0.8949472868646061
0.1,0.5,10,three_source_diverse,27722,1282,72278,3810,0.04624485967823389,0.05271313539389579,0.9472868646061042
0.1,0.5,11,single_source,28028,2126,71972,5084,0.07585271870986157,0.0706385816706497,0.9293614183293503
0.1,0.5,11,redundant_fail_closed,28028,1095,71972,7162,0.0390680747823605,0.09951092091368866,0.9004890790863114
0.1,0.5,11,correlation_aware,28028,288,71972,7351,0.010275438846867418,0.10213694214416717,0.8978630578558329
0.1,0.5,11,three_source_diverse,28028,1282,71972,3721,0.045739974311402885,0.0517006613683099,0.9482993386316901
0.1,0.5,12,single_source,28118,2159,71882,5106,0.07678355501813784,0.07103308199549262,0.9289669180045074
0.1,0.5,12,redundant_fail_closed,28118,1135,71882,7139,0.0403656021054129,0.09931554492084249,0.9006844550791575
0.1,0.5,12,correlation_aware,28118,266,71882,7524,0.009460132299594566,0.104671545032136,0.895328454967864
0.1,0.5,12,three_source_diverse,28118,1302,71882,3819,0.0463048580980155,0.053128738766311454,0.9468712612336886
0.1,0.5,13,single_source,28203,2134,71797,4994,0.07566570932170337,0.06955722383943619,0.9304427761605638
0.1,0.5,13,redundant_fail_closed,28203,1090,71797,7123,0.03864837074070134,0.0992102734097525,0.9007897265902475
0.1,0.5,13,correlation_aware,28203,300,71797,7449,0.010637166258908627,0.10375085309971169,0.8962491469002883
0.1,0.5,13,three_source_diverse,28203,1287,71797,3714,0.04563344325071801,0.051729180884995195,0.9482708191150048
0.1,0.5,14,single_source,28034,2088,71966,5147,0.07448098737247628,0.07151988438985077,0.9284801156101492
0.1,0.5,14,redundant_fail_closed,28034,1109,71966,7248,0.039559106798887064,0.10071422616235444,0.8992857738376455
0.1,0.5,14,correlation_aware,28034,282,71966,7601,0.010059213811799958,0.10561932023455521,0.8943806797654448
0.1,0.5,14,three_source_diverse,28034,1276,71966,3849,0.04551615894984661,0.053483589472806604,0.9465164105271934
0.1,0.5,15,single_source,28194,2195,71806,5087,0.07785344399517628,0.07084366208951898,0.929156337910481
0.1,0.5,15,redundant_fail_closed,28194,1157,71806,7237,0.041037100092218205,0.10078544968387043,0.8992145503161295
0.1,0.5,15,correlation_aware,28194,266,71806,7420,0.009434631481875577,0.10333398323259894,0.8966660167674011
0.1,0.5,15,three_source_diverse,28194,1332,71806,3817,0.047244094488188976,0.05315711778959976,0.9468428822104002
0.1,0.5,16,single_source,27819,2054,72181,5071,0.07383442970631583,0.07025394494396033,0.9297460550560397
0.1,0.5,16,redundant_fail_closed,27819,1070,72181,7160,0.038462921025198604,0.09919507903741982,0.9008049209625801
0.1,0.5,16,correlation_aware,27819,271,72181,7508,0.009741543549372731,0.10401629237611006,0.8959837076238899
0.1,0.5,16,three_source_diverse,27819,1246,72181,3747,0.04478953233401632,0.0519111677588285,0.9480888322411715
0.1,0.5,17,single_source,28057,2180,71943,5233,0.07769896995402217,0.07273813991632265,0.9272618600836774
0.1,0.5,17,redundant_fail_closed,28057,1160,71943,7354,0.0413444060305806,0.10221981290744062,0.8977801870925594
0.1,0.5,17,correlation_aware,28057,284,71943,7780,0.010122251131624906,0.1081411673130117,0.8918588326869883
0.1,0.5,17,three_source_diverse,28057,1332,71943,3953,0.04747478347649428,0.05494627691366776,0.9450537230863323
0.1,0.5,18,single_source,28089,2131,71911,5234,0.07586599736551675,0.07278441406738885,0.9272155859326111
0.1,0.5,18,redundant_fail_closed,28089,1104,71911,7392,0.03930364199508705,0.10279373113988124,0.8972062688601188
0.1,0.5,18,correlation_aware,28089,243,71911,7616,0.008651073373918615,0.10590869268957462,0.8940913073104254
0.1,0.5,18,three_source_diverse,28089,1263,71911,3897,0.04496422086937947,0.05419198731765655,0.9458080126823435
0.1,0.5,19,single_source,28419,2166,71581,5183,0.0762166156444632,0.07240748243248907,0.9275925175675109
0.1,0.5,19,redundant_fail_closed,28419,1141,71581,7282,0.040149195960449,0.10173090624607088,0.8982690937539292
0.1,0.5,19,correlation_aware,28419,312,71581,7650,0.010978570674548717,0.10687193529009095,0.893128064709909
0.1,0.5,19,three_source_diverse,28419,1346,71581,3856,0.04736267989725184,0.053869043461253686,0.9461309565387463
0.1,0.5,20,single_source,27967,2264,72033,5153,0.08095255122108198,0.07153665681007317,0.9284633431899268
0.1,0.5,20,redundant_fail_closed,27967,1129,72033,7282,0.04036900632888762,0.10109255480127163,0.8989074451987283
0.1,0.5,20,correlation_aware,27967,276,72033,7546,0.009868773912110702,0.1047575416822845,0.8952424583177155
0.1,0.5,20,three_source_diverse,27967,1304,72033,3814,0.04662638109200129,0.052947954409784406,0.9470520455902156
0.1,0.5,21,single_source,27934,2176,72066,5115,0.07789790219803823,0.07097660477895262,0.9290233952210474
0.1,0.5,21,redundant_fail_closed,27934,1099,72066,7235,0.03934273645020405,0.10039408320150972,0.8996059167984902
0.1,0.5,21,correlation_aware,27934,262,72066,7545,0.009379251091859383,0.10469569561235534,0.8953043043876446
0.1,0.5,21,three_source_diverse,27934,1287,72066,3768,0.0460728860886375,0.05228540504537507,0.947714594954625
0.1,0.5,22,single_source,28169,2065,71831,5162,0.07330753665376832,0.0718631231640935,0.9281368768359065
0.1,0.5,22,redundant_fail_closed,28169,1038,71831,7264,0.03684901842450921,0.10112625468112653,0.8988737453188734
0.1,0.5,22,correlation_aware,28169,250,71831,7515,0.008875004437502219,0.10462056772145731,0.8953794322785427
0.1,0.5,22,three_source_diverse,28169,1196,71831,3838,0.042458021229010615,0.0534309699154961,0.9465690300845039
0.1,0.5,23,single_source,27881,2076,72119,5178,0.07445930920698683,0.07179800052690692,0.9282019994730931
0.1,0.5,23,redundant_fail_closed,27881,1060,72119,7293,0.03801872242745956,0.10112453029021479,0.8988754697097852
0.1,0.5,23,correlation_aware,27881,264,72119,7409,0.009468813887593701,0.10273298298645295,0.897267017013547
0.1,0.5,23,three_source_diverse,27881,1227,72119,3731,0.044008464545748,0.05173393973848778,0.9482660602615123
0.1,0.5,24,single_source,28148,2187,71852,5006,0.077696461560324,0.06967099036909202,0.930329009630908
0.1,0.5,24,redundant_fail_closed,28148,1116,71852,7141,0.039647577092511016,0.0993848466291822,0.9006151533708178
0.1,0.5,24,correlation_aware,28148,262,71852,7486,0.00930794372601961,0.10418638312085954,0.8958136168791404
0.1,0.5,24,three_source_diverse,28148,1287,71852,3728,0.04572260906636351,0.05188442910426989,0.9481155708957301
0.1,0.5,25,single_source,27894,2104,72106,5066,0.07542840754284075,0.07025767619892935,0.9297423238010707
0.1,0.5,25,redundant_fail_closed,27894,1068,72106,7153,0.03828780382878038,0.09920117604637617,0.9007988239536239
0.1,0.5,25,correlation_aware,27894,260,72106,7573,0.009321000932100093,0.10502593404154995,0.8949740659584501
0.1,0.5,25,three_source_diverse,27894,1252,72106,3781,0.04488420448842045,0.05243669042798103,0.947563309572019
0.1,0.5,26,single_source,27928,2144,72072,5153,0.07676883414494415,0.0714979464979465,0.9285020535020535
0.1,0.5,26,redundant_fail_closed,27928,1148,72072,7212,0.04110570037238614,0.10006660006660006,0.8999333999333999
0.1,0.5,26,correlation_aware,27928,251,72072,7593,0.008987396161558293,0.10535298035298035,0.8946470196470196
0.1,0.5,26,three_source_diverse,27928,1302,72072,3812,0.046619879690633054,0.05289155289155289,0.9471084471084471
0.1,0.5,27,single_source,27861,2151,72139,5047,0.07720469473457521,0.06996215639252,0.93003784360748
0.1,0.5,27,redundant_fail_closed,27861,1128,72139,7200,0.040486701841283515,0.09980731643077946,0.9001926835692206
0.1,0.5,27,correlation_aware,27861,277,72139,7522,0.009942213129464125,0.10427092141560043,0.8957290785843995
0.1,0.5,27,three_source_diverse,27861,1304,72139,3746,0.046803775887441224,0.051927528798569426,0.9480724712014306
0.1,0.5,28,single_source,27972,2094,72028,5161,0.07486057486057486,0.07165269062031432,0.9283473093796857
0.1,0.5,28,redundant_fail_closed,27972,1130,72028,7300,0.0403975403975404,0.1013494752040873,0.8986505247959127
0.1,0.5,28,correlation_aware,27972,295,72028,7563,0.010546260546260545,0.10500083300938524,0.8949991669906148
0.1,0.5,28,three_source_diverse,27972,1313,72028,3791,0.04693979693979694,0.05263230965735547,0.9473676903426446
0.1,0.5,29,single_source,28011,2316,71989,5166,0.08268180357716612,0.07176096348053175,0.9282390365194683
0.1,0.5,29,redundant_fail_closed,28011,1199,71989,7275,0.04280461247367106,0.10105710594674186,0.8989428940532581
0.1,0.5,29,correlation_aware,28011,294,71989,7611,0.010495876619899326,0.10572448568531304,0.894275514314687
0.1,0.5,29,three_source_diverse,28011,1400,71989,3889,0.049980364856663455,0.05402214227173596,0.945977857728264
0.1,0.75,0,single_source,28045,2024,71955,5238,0.07216972722410411,0.07279549718574109,0.9272045028142589
0.1,0.75,0,redundant_fail_closed,28045,1520,71955,6280,0.0541986093777857,0.08727677020359947,0.9127232297964005
0.1,0.75,0,correlation_aware,28045,194,71955,8517,0.006917454091638438,0.1183656451949135,0.8816343548050865
0.1,0.75,0,three_source_diverse,28045,1602,71955,4546,0.05712248172579783,0.06317837537349733,0.9368216246265026
0.1,0.75,1,single_source,28192,2082,71808,5112,0.07385073779795687,0.0711898395721925,0.9288101604278075
0.1,0.75,1,redundant_fail_closed,28192,1588,71808,6278,0.056328036322360955,0.08742758467023173,0.9125724153297683
0.1,0.75,1,correlation_aware,28192,232,71808,8472,0.008229284903518728,0.11798128342245989,0.8820187165775402
0.1,0.75,1,three_source_diverse,28192,1668,71808,4482,0.05916572077185017,0.06241644385026738,0.9375835561497327
0.1,0.75,2,single_source,28230,2107,71770,5054,0.07463691108749557,0.07041939529051136,0.9295806047094887
0.1,0.75,2,redundant_fail_closed,28230,1588,71770,6151,0.056252213956783564,0.08570433328688867,0.9142956667131114
0.1,0.75,2,correlation_aware,28230,243,71770,8377,0.008607863974495217,0.1167200780270308,0.8832799219729692
0.1,0.75,2,three_source_diverse,28230,1675,71770,4423,0.05933404179950407,0.06162742092796433,0.9383725790720356
0.1,0.75,3,single_source,28063,2149,71937,5116,0.07657770017460713,0.07111778361621975,0.9288822163837802
0.1,0.75,3,redundant_fail_closed,28063,1640,71937,6185,0.058439938709332576,0.08597800853524612,0.9140219914647538
0.1,0.75,3,correlation_aware,28063,246,71937,8395,0.008765990806399886,0.11669933413959437,0.8833006658604057
0.1,0.75,3,three_source_diverse,28063,1734,71937,4437,0.061789544952428464,0.061678969097960716,0.9383210309020393
0.1,0.75,4,single_source,28119,2064,71881,5091,0.0734023258295103,0.07082539196727926,0.9291746080327208
0.1,0.75,4,redundant_fail_closed,28119,1542,71881,6157,0.05483836551797717,0.08565545832695705,0.9143445416730429
0.1,0.75,4,correlation_aware,28119,231,71881,8338,0.008215085884988798,0.11599727327110085,0.8840027267288991
0.1,0.75,4,three_source_diverse,28119,1636,71881,4418,0.058181300899747504,0.06146269528804552,0.9385373047119545
0.1,0.75,5,single_source,27927,2040,72073,5068,0.07304758835535503,0.07031759466096874,0.9296824053390312
0.1,0.75,5,redundant_fail_closed,27927,1553,72073,6205,0.05560926701758155,0.08609326654919318,0.9139067334508069
0.1,0.75,5,correlation_aware,27927,218,72073,8495,0.0078060658144448025,0.11786660746742886,0.8821333925325712
0.1,0.75,5,three_source_diverse,27927,1632,72073,4429,0.05843807068428403,0.06145158381085843,0.9385484161891415
0.1,0.75,6,single_source,28032,2072,71968,4948,0.07391552511415525,0.06875277901289462,0.9312472209871054
0.1,0.75,6,redundant_fail_closed,28032,1543,71968,6027,0.05504423515981735,0.08374555357936861,0.9162544464206314
0.1,0.75,6,correlation_aware,28032,244,71968,8270,0.008704337899543379,0.11491218319253,0.88508781680747
0.1,0.75,6,three_source_diverse,28032,1636,71968,4345,0.05836187214611872,0.06037405513561583,0.9396259448643842
0.1,0.75,7,single_source,28233,2129,71767,5110,0.07540821025041618,0.07120264188275949,0.9287973581172405
0.1,0.75,7,redundant_fail_closed,28233,1583,71767,6198,0.05606913895087309,0.0863628129920437,0.9136371870079563
0.1,0.75,7,correlation_aware,28233,242,71767,8281,0.008571529770127156,0.1153872949963075,0.8846127050036925
0.1,0.75,7,three_source_diverse,28233,1674,71767,4441,0.05929231750079694,0.06188080872824557,0.9381191912717545
0.1,0.75,8,single_source,27970,2028,72030,5190,0.07250625670361101,0.07205331112036652,0.9279466888796335
0.1,0.75,8,redundant_fail_closed,27970,1552,72030,6302,0.05548802288165892,0.08749132305983617,0.9125086769401638
0.1,0.75,8,correlation_aware,27970,245,72030,8480,0.008759385055416518,0.11772872414271832,0.8822712758572817
0.1,0.75,8,three_source_diverse,27970,1638,72030,4534,0.058562745799070434,0.06294599472442038,0.9370540052755796
0.1,0.75,9,single_source,27967,2105,72033,5060,0.075267279293453,0.07024558188607999,0.92975441811392
0.1,0.75,9,redundant_fail_closed,27967,1649,72033,6151,0.058962348482139666,0.08539141782238696,0.9146085821776131
0.1,0.75,9,correlation_aware,27967,228,72033,8406,0.008152465405656667,0.11669651409770522,0.8833034859022948
0.1,0.75,9,three_source_diverse,27967,1732,72033,4364,0.06193013194121643,0.060583343745227884,0.9394166562547721
0.1,0.75,10,single_source,27722,2165,72278,5175,0.07809681841137003,0.07159855004288995,0.92840144995711
0.1,0.75,10,redundant_fail_closed,27722,1592,72278,6211,0.05742731404660558,0.08593209552007526,0.9140679044799247
0.1,0.75,10,correlation_aware,27722,229,72278,8462,0.008260587259216507,0.11707573535515647,0.8829242646448435
0.1,0.75,10,three_source_diverse,27722,1690,72278,4496,0.06096241252434889,0.0622042668585185,0.9377957331414815
0.1,0.75,11,single_source,28028,2141,71972,5081,0.07638789781646925,0.07059689879397543,0.9294031012060245
0.1,0.75,11,redundant_fail_closed,28028,1589,71972,6159,0.056693306693306696,0.08557494581226033,0.9144250541877397
0.1,0.75,11,correlation_aware,28028,233,71972,8233,0.0083131154559726,0.11439170788640027,0.8856082921135997
0.1,0.75,11,three_source_diverse,28028,1683,71972,4417,0.060047095761381473,0.06137108875673873,0.9386289112432613
0.1,0.75,12,single_source,28118,2148,71882,5177,0.07639234653958318,0.07202081188614674,0.9279791881138533
0.1,0.75,12,redundant_fail_closed,28118,1656,71882,6215,0.05889465822604737,0.08646114465373807,0.9135388553462619
0.1,0.75,12,correlation_aware,28118,230,71882,8415,0.00817981364250658,0.11706685957541527,0.8829331404245847
0.1,0.75,12,three_source_diverse,28118,1741,71882,4535,0.061917632833060676,0.06308950780445731,0.9369104921955427
0.1,0.75,13,single_source,28203,2175,71797,5095,0.07711945537708755,0.07096396785381005,0.9290360321461899
0.1,0.75,13,redundant_fail_closed,28203,1610,71797,6194,0.057086125589476296,0.08627101410922462,0.9137289858907753
0.1,0.75,13,correlation_aware,28203,259,71797,8295,0.009183420203524448,0.11553407523991253,0.8844659247600875
0.1,0.75,13,three_source_diverse,28203,1716,71797,4394,0.06084459100095734,0.06120032870454197,0.938799671295458
0.1,0.75,14,single_source,28034,2157,71966,5135,0.07694228436898053,0.0713531389822972,0.9286468610177028
0.1,0.75,14,redundant_fail_closed,28034,1615,71966,6220,0.05760861810658486,0.08642970291526554,0.9135702970847345
0.1,0.75,14,correlation_aware,28034,245,71966,8390,0.008739387886138261,0.11658283078120224,0.8834171692187978
0.1,0.75,14,three_source_diverse,28034,1699,71966,4495,0.06060497966754655,0.06246005057944029,0.9375399494205597
0.1,0.75,15,single_source,28194,2171,71806,5095,0.07700219904944314,0.07095507339219564,0.9290449266078044
0.1,0.75,15,redundant_fail_closed,28194,1660,71806,6139,0.05887777541320848,0.08549424839149931,0.9145057516085007
0.1,0.75,15,correlation_aware,28194,227,71806,8253,0.008051358445059232,0.11493468512380581,0.8850653148761942
0.1,0.75,15,three_source_diverse,28194,1744,71806,4428,0.061857132723274456,0.0616661560315294,0.9383338439684706
0.1,0.75,16,single_source,27819,2072,72181,5036,0.0744814694992631,0.06976905279782768,0.9302309472021724
0.1,0.75,16,redundant_fail_closed,27819,1577,72181,6076,0.05668787519321327,0.08417727656862609,0.9158227234313739
0.1,0.75,16,correlation_aware,27819,237,72181,8317,0.008519357273805673,0.11522422798243305,0.884775772017567
0.1,0.75,16,three_source_diverse,27819,1683,72181,4365,0.060498220640569395,0.060472977653399096,0.9395270223466009
0.1,0.75,17,single_source,28057,2140,71943,5160,0.07627330078055387,0.07172344772945248,0.9282765522705475
0.1,0.75,17,redundant_fail_closed,28057,1617,71943,6237,0.05763267633745589,0.08669363245903007,0.9133063675409699
0.1,0.75,17,correlation_aware,28057,242,71943,8603,0.008625298499483194,0.11958077922799995,0.8804192207720001
0.1,0.75,17,three_source_diverse,28057,1702,71943,4550,0.06066222333107602,0.06324451301724977,0.9367554869827502
0.1,0.75,18,single_source,28089,2117,71911,5305,0.07536758161557905,0.07377174563001487,0.9262282543699851
0.1,0.75,18,redundant_fail_closed,28089,1626,71911,6418,0.05788742924276407,0.08924921083005381,0.9107507891699462
0.1,0.75,18,correlation_aware,28089,212,71911,8465,0.0075474384990565704,0.11771495320604636,0.8822850467939536
0.1,0.75,18,three_source_diverse,28089,1707,71911,4575,0.06077112036740361,0.06362030843681774,0.9363796915631822
0.1,0.75,19,single_source,28419,2170,71581,5132,0.07635736655054717,0.07169500286388847,0.9283049971361115
0.1,0.75,19,redundant_fail_closed,28419,1645,71581,6209,0.057883810127027695,0.08674089493021891,0.9132591050697811
0.1,0.75,19,correlation_aware,28419,262,71581,8476,0.009219184348499243,0.11841131026389684,0.8815886897361032
0.1,0.75,19,three_source_diverse,28419,1747,71581,4489,0.06147295823216862,0.06271217222447298,0.937287827775527
0.1,0.75,20,single_source,27967,2207,72033,5097,0.07891443486966783,0.07075923535046437,0.9292407646495356
0.1,0.75,20,redundant_fail_closed,27967,1608,72033,6165,0.05749633496621018,0.08558577318728916,0.9144142268127109
0.1,0.75,20,correlation_aware,27967,234,72033,8406,0.008367003968963421,0.11669651409770522,0.8833034859022948
0.1,0.75,20,three_source_diverse,27967,1717,72033,4426,0.061393785532949545,0.06144406036122333,0.9385559396387767
0.1,0.75,21,single_source,27934,2107,72066,5093,0.07542779408606,0.07067132905947326,0.9293286709405267
0.1,0.75,21,redundant_fail_closed,27934,1553,72066,6190,0.05559533185365505,0.08589348652623983,0.9141065134737602
0.1,0.75,21,correlation_aware,27934,210,72066,8374,0.0075177203408033225,0.11619903976910055,0.8838009602308995
0.1,0.75,21,three_source_diverse,27934,1650,72066,4434,0.05906780267774039,0.06152693364415952,0.9384730663558405
0.1,0.75,22,single_source,28169,2062,71831,5084,0.0732010366005183,0.07077724102407039,0.9292227589759297
0.1,0.75,22,redundant_fail_closed,28169,1513,71831,6132,0.05371152685576343,0.08536704208489371,0.9146329579151062
0.1,0.75,22,correlation_aware,28169,216,71831,8328,0.007668003834001917,0.11593880079631357,0.8840611992036864
0.1,0.75,22,three_source_diverse,28169,1597,71831,4413,0.05669352834676417,0.0614358703066921,0.9385641296933079
0.1,0.75,23,single_source,27881,2066,72119,5086,0.07410064201427495,0.07052233114713183,0.9294776688528682
0.1,0.75,23,redundant_fail_closed,27881,1542,72119,6172,0.055306481116172306,0.08558077621708565,0.9144192237829143
0.1,0.75,23,correlation_aware,27881,221,72119,8281,0.007926544958932606,0.11482411015127775,0.8851758898487223
0.1,0.75,23,three_source_diverse,27881,1634,72119,4384,0.058606219289121624,0.06078841914058709,0.9392115808594129
0.1,0.75,24,single_source,28148,2113,71852,5090,0.07506750035526502,0.07084006012358737,0.9291599398764127
0.1,0.75,24,redundant_fail_closed,28148,1581,71852,6188,0.05616740088105727,0.0861214719144909,0.9138785280855091
0.1,0.75,24,correlation_aware,28148,218,71852,8379,0.007744777604092653,0.11661470801091131,0.8833852919890887
0.1,0.75,24,three_source_diverse,28148,1662,71852,4440,0.05904504760551371,0.06179368702332572,0.9382063129766742
0.1,0.75,25,single_source,27894,2106,72106,5086,0.07550010755001076,0.07053504562727096,0.929464954372729
0.1,0.75,25,redundant_fail_closed,27894,1558,72106,6123,0.05585430558543056,0.08491665048678335,0.9150833495132167
0.1,0.75,25,correlation_aware,27894,212,72106,8472,0.007600200760020076,0.11749368984550523,0.8825063101544948
0.1,0.75,25,three_source_diverse,27894,1647,72106,4447,0.05904495590449559,0.06167309239175658,0.9383269076082434
0.1,0.75,26,single_source,27928,2148,72072,5198,0.07691205958178172,0.07212232212232213,0.9278776778776778
0.1,0.75,26,redundant_fail_closed,27928,1646,72072,6234,0.05893726725866514,0.0864968364968365,0.9135031635031635
0.1,0.75,26,correlation_aware,27928,226,72072,8490,0.008092237181323403,0.11779886779886779,0.8822011322011322
0.1,0.75,26,three_source_diverse,27928,1731,72072,4493,0.06198080779146376,0.062340437340437344,0.9376595626595626
0.1,0.75,27,single_source,27861,2098,72139,5053,0.07530239402749363,0.07004532915621231,0.9299546708437877
0.1,0.75,27,redundant_fail_closed,27861,1587,72139,6181,0.05696134381393345,0.08568180873036776,0.9143181912696322
0.1,0.75,27,correlation_aware,27861,235,72139,8345,0.0084347295502674,0.11567945216872981,0.8843205478312702
0.1,0.75,27,three_source_diverse,27861,1675,72139,4383,0.060119880837012314,0.060757703877237,0.939242296122763
0.1,0.75,28,single_source,27972,2143,72028,5146,0.07661232661232661,0.07144443827400455,0.9285555617259954
0.1,0.75,28,redundant_fail_closed,27972,1634,72028,6238,0.05841555841555841,0.0866052090853557,0.9133947909146443
0.1,0.75,28,correlation_aware,27972,246,72028,8416,0.008794508794508795,0.11684344976953406,0.8831565502304659
0.1,0.75,28,three_source_diverse,27972,1732,72028,4448,0.06191906191906192,0.06175376242572333,0.9382462375742767
0.1,0.75,29,single_source,28011,2274,71989,5186,0.0811823926314662,0.07203878370306574,0.9279612162969343
0.1,0.75,29,redundant_fail_closed,28011,1692,71989,6279,0.060404840955338976,0.08722165886454875,0.9127783411354513
0.1,0.75,29,correlation_aware,28011,259,71989,8495,0.00924636749848274,0.11800413952131576,0.8819958604786843
0.1,0.75,29,three_source_diverse,28011,1802,71989,4538,0.06433186962264825,0.0630374084929642,0.9369625915070358
0.1,1.0,0,single_source,28045,2036,71955,5251,0.07259761098234979,0.07297616565909248,0.9270238343409075
0.1,1.0,0,redundant_fail_closed,28045,2036,71955,5251,0.07259761098234979,0.07297616565909248,0.9270238343409075
0.1,1.0,0,correlation_aware,28045,160,71955,9390,0.0057051167766090215,0.13049822805920366,0.8695017719407964
0.1,1.0,0,three_source_diverse,28045,2036,71955,5251,0.07259761098234979,0.07297616565909248,0.9270238343409075
0.1,1.0,1,single_source,28192,2101,71808,5204,0.07452468785471056,0.07247103386809269,0.9275289661319073
0.1,1.0,1,redundant_fail_closed,28192,2101,71808,5204,0.07452468785471056,0.07247103386809269,0.9275289661319073
0.1,1.0,1,correlation_aware,28192,183,71808,9420,0.006491203178206583,0.13118315508021391,0.8688168449197861
0.1,1.0,1,three_source_diverse,28192,2101,71808,5204,0.07452468785471056,0.07247103386809269,0.9275289661319073
0.1,1.0,2,single_source,28230,2146,71770,5085,0.07601842012043925,0.07085133063954298,0.929148669360457
0.1,1.0,2,redundant_fail_closed,28230,2146,71770,5085,0.07601842012043925,0.07085133063954298,0.929148669360457
0.1,1.0,2,correlation_aware,28230,221,71770,9243,0.007828551186680835,0.12878640100320468,0.8712135989967953
0.1,1.0,2,three_source_diverse,28230,2146,71770,5085,0.07601842012043925,0.07085133063954298,0.929148669360457
0.1,1.0,3,single_source,28063,2174,71937,5081,0.07746855289883477,0.07063124678538166,0.9293687532146183
0.1,1.0,3,redundant_fail_closed,28063,2174,71937,5081,0.07746855289883477,0.07063124678538166,0.9293687532146183
0.1,1.0,3,correlation_aware,28063,211,71937,9242,0.007518796992481203,0.12847352544587626,0.8715264745541238
0.1,1.0,3,three_source_diverse,28063,2174,71937,5081,0.07746855289883477,0.07063124678538166,0.9293687532146183
0.1,1.0,4,single_source,28119,2078,71881,5080,0.07390020982253992,0.07067236126375537,0.9293276387362446
0.1,1.0,4,redundant_fail_closed,28119,2078,71881,5080,0.07390020982253992,0.07067236126375537,0.9293276387362446
0.1,1.0,4,correlation_aware,28119,175,71881,9214,0.006223549912870301,0.12818408202445708,0.8718159179755429
0.1,1.0,4,three_source_diverse,28119,2078,71881,5080,0.07390020982253992,0.07067236126375537,0.9293276387362446
0.1,1.0,5,single_source,27927,2037,72073,5043,0.07294016543130304,0.06997072412692687,0.9300292758730732
0.1,1.0,5,redundant_fail_closed,27927,2037,72073,5043,0.07294016543130304,0.06997072412692687,0.9300292758730732
0.1,1.0,5,correlation_aware,27927,180,72073,9317,0.006445375443119562,0.12927171062672568,0.8707282893732743
0.1,1.0,5,three_source_diverse,27927,2037,72073,5043,0.07294016543130304,0.06997072412692687,0.9300292758730732
0.1,1.0,6,single_source,28032,2076,71968,5026,0.0740582191780822,0.06983659404179636,0.9301634059582037
0.1,1.0,6,redundant_fail_closed,28032,2076,71968,5026,0.0740582191780822,0.06983659404179636,0.9301634059582037
0.1,1.0,6,correlation_aware,28032,197,71968,9137,0.0070276826484018265,0.126959204090707,0.873040795909293
0.1,1.0,6,three_source_diverse,28032,2076,71968,5026,0.0740582191780822,0.06983659404179636,0.9301634059582037
0.1,1.0,7,single_source,28233,2162,71767,5113,0.07657705521906988,0.0712444438251564,0.9287555561748436
0.1,1.0,7,redundant_fail_closed,28233,2162,71767,5113,0.07657705521906988,0.0712444438251564,0.9287555561748436
0.1,1.0,7,correlation_aware,28233,208,71767,9113,0.007367265256968796,0.12698036702105425,0.8730196329789457
0.1,1.0,7,three_source_diverse,28233,2162,71767,5113,0.07657705521906988,0.0712444438251564,0.9287555561748436
0.1,1.0,8,single_source,27970,2052,72030,5169,0.0733643189131212,0.07176176593086214,0.9282382340691379
0.1,1.0,8,redundant_fail_closed,27970,2052,72030,5169,0.0733643189131212,0.07176176593086214,0.9282382340691379
0.1,1.0,8,correlation_aware,27970,208,72030,9356,0.007436539149088309,0.1298903234763293,0.8701096765236707
0.1,1.0,8,three_source_diverse,27970,2052,72030,5169,0.0733643189131212,0.07176176593086214,0.9282382340691379
0.1,1.0,9,single_source,27967,2168,72033,5007,0.07751993420817392,0.06950980800466453,0.9304901919953354
0.1,1.0,9,redundant_fail_closed,27967,2168,72033,5007,0.07751993420817392,0.06950980800466453,0.9304901919953354
0.1,1.0,9,correlation_aware,27967,192,72033,9257,0.0068652340258161405,0.12851054377854595,0.871489456221454
0.1,1.0,9,three_source_diverse,27967,2168,72033,5007,0.07751993420817392,0.06950980800466453,0.9304901919953354
0.1,1.0,10,single_source,27722,2066,72278,5173,0.07452564750018036,0.0715708791056753,0.9284291208943247
0.1,1.0,10,redundant_fail_closed,27722,2066,72278,5173,0.07452564750018036,0.0715708791056753,0.9284291208943247
0.1,1.0,10,correlation_aware,27722,172,72278,9312,0.00620445855277397,0.12883588367137994,0.8711641163286201
0.1,1.0,10,three_source_diverse,27722,2066,72278,5173,0.07452564750018036,0.0715708791056753,0.9284291208943247
0.1,1.0,11,single_source,28028,2126,71972,5050,0.07585271870986157,0.07016617573500807,0.929833824264992
0.1,1.0,11,redundant_fail_closed,28028,2126,71972,5050,0.07585271870986157,0.07016617573500807,0.929833824264992
0.1,1.0,11,correlation_aware,28028,186,71972,9095,0.006636220921935208,0.1263685877841383,0.8736314122158617
0.1,1.0,11,three_source_diverse,28028,2126,71972,5050,0.07585271870986157,0.07016617573500807,0.929833824264992
0.1,1.0,12,single_source,28118,2199,71882,5128,0.07820613130379117,0.07133913914470938,0.9286608608552906
0.1,1.0,12,redundant_fail_closed,28118,2199,71882,5128,0.07820613130379117,0.07133913914470938,0.9286608608552906
0.1,1.0,12,correlation_aware,28118,187,71882,9228,0.006650544135429262,0.12837706240783506,0.8716229375921649
0.1,1.0,12,three_source_diverse,28118,2199,71882,5128,0.07820613130379117,0.07133913914470938,0.9286608608552906
0.1,1.0,13,single_source,28203,2150,71797,5101,0.07623302485551182,0.07104753680515899,0.928952463194841
0.1,1.0,13,redundant_fail_closed,28203,2150,71797,5101,0.07623302485551182,0.07104753680515899,0.928952463194841
0.1,1.0,13,correlation_aware,28203,208,71797,9210,0.007375101939509981,0.1282783403206262,0.8717216596793738
0.1,1.0,13,three_source_diverse,28203,2150,71797,5101,0.07623302485551182,0.07104753680515899,0.928952463194841
0.1,1.0,14,single_source,28034,2145,71966,5160,0.07651423271741457,0.07170052524803379,0.9282994747519662
0.1,1.0,14,redundant_fail_closed,28034,2145,71966,5160,0.07651423271741457,0.07170052524803379,0.9282994747519662
0.1,1.0,14,correlation_aware,28034,197,71966,9281,0.007027181279874438,0.12896367729205457,0.8710363227079454
0.1,1.0,14,three_source_diverse,28034,2145,71966,5160,0.07651423271741457,0.07170052524803379,0.9282994747519662
0.1,1.0,15,single_source,28194,2188,71806,5079,0.07760516421933744,0.07073225078684232,0.9292677492131577
0.1,1.0,15,redundant_fail_closed,28194,2188,71806,5079,0.07760516421933744,0.07073225078684232,0.9292677492131577
0.1,1.0,15,correlation_aware,28194,198,71806,9097,0.007022770802298362,0.1266885775561931,0.8733114224438069
0.1,1.0,15,three_source_diverse,28194,2188,71806,5079,0.07760516421933744,0.07073225078684232,0.9292677492131577
0.1,1.0,16,single_source,27819,2090,72181,5072,0.07512850929221036,0.0702677990052784,0.9297322009947216
0.1,1.0,16,redundant_fail_closed,27819,2090,72181,5072,0.07512850929221036,0.0702677990052784,0.9297322009947216
0.1,1.0,16,correlation_aware,27819,171,72181,9182,0.0061468780329990294,0.12720799102256827,0.8727920089774317
0.1,1.0,16,three_source_diverse,27819,2090,72181,5072,0.07512850929221036,0.0702677990052784,0.9297322009947216
0.1,1.0,17,single_source,28057,2104,71943,5170,0.07499019852443241,0.07186244665916072,0.9281375533408392
0.1,1.0,17,redundant_fail_closed,28057,2104,71943,5170,0.07499019852443241,0.07186244665916072,0.9281375533408392
0.1,1.0,17,correlation_aware,28057,201,71943,9402,0.0071639875966781905,0.13068679371168843,0.8693132062883115
0.1,1.0,17,three_source_diverse,28057,2104,71943,5170,0.07499019852443241,0.07186244665916072,0.9281375533408392
0.1,1.0,18,single_source,28089,2191,71911,5187,0.07800206486524974,0.07213082838508712,0.9278691716149129
0.1,1.0,18,redundant_fail_closed,28089,2191,71911,5187,0.07800206486524974,0.07213082838508712,0.9278691716149129
0.1,1.0,18,correlation_aware,28089,193,71911,9327,0.006871017124141123,0.12970199274102712,0.8702980072589729
0.1,1.0,18,three_source_diverse,28089,2191,71911,5187,0.07800206486524974,0.07213082838508712,0.9278691716149129
0.1,1.0,19,single_source,28419,2145,71581,5100,0.07547767338752243,0.07124795686006063,0.9287520431399394
0.1,1.0,19,redundant_fail_closed,28419,2145,71581,5100,0.07547767338752243,0.07124795686006063,0.9287520431399394
0.1,1.0,19,correlation_aware,28419,212,71581,9316,0.00745979802244977,0.1301462678643774,0.8698537321356226
0.1,1.0,19,three_source_diverse,28419,2145,71581,5100,0.07547767338752243,0.07124795686006063,0.9287520431399394
0.1,1.0,20,single_source,27967,2140,72033,5052,0.07651875424607574,0.07013452167756445,0.9298654783224356
0.1,1.0,20,redundant_fail_closed,27967,2140,72033,5052,0.07651875424607574,0.07013452167756445,0.9298654783224356
0.1,1.0,20,correlation_aware,27967,170,72033,9227,0.006078592627024708,0.12809406799661266,0.8719059320033873
0.1,1.0,20,three_source_diverse,27967,2140,72033,5052,0.07651875424607574,0.07013452167756445,0.9298654783224356
0.1,1.0,21,single_source,27934,2121,72066,5085,0.07592897544211355,0.07056031970693531,0.9294396802930647
0.1,1.0,21,redundant_fail_closed,27934,2121,72066,5085,0.07592897544211355,0.07056031970693531,0.9294396802930647
0.1,1.0,21,correlation_aware,27934,161,72066,9240,0.00576358559461588,0.12821580218133377,0.8717841978186662
0.1,1.0,21,three_source_diverse,27934,2121,72066,5085,0.07592897544211355,0.07056031970693531,0.9294396802930647
0.1,1.0,22,single_source,28169,2062,71831,5054,0.0732010366005183,0.07035959404713842,0.9296404059528616
0.1,1.0,22,redundant_fail_closed,28169,2062,71831,5054,0.0732010366005183,0.07035959404713842,0.9296404059528616
0.1,1.0,22,correlation_aware,28169,181,71831,9164,0.006425503212751606,0.12757722988681766,0.8724227701131824
0.1,1.0,22,three_source_diverse,28169,2062,71831,5054,0.0732010366005183,0.07035959404713842,0.9296404059528616
0.1,1.0,23,single_source,27881,2080,72119,5113,0.07460277608407159,0.07089671237815277,0.9291032876218472
0.1,1.0,23,redundant_fail_closed,27881,2080,72119,5113,0.07460277608407159,0.07089671237815277,0.9291032876218472
0.1,1.0,23,correlation_aware,27881,177,72119,9241,0.006348409311000323,0.12813544280980046,0.8718645571901995
0.1,1.0,23,three_source_diverse,27881,2080,72119,5113,0.07460277608407159,0.07089671237815277,0.9291032876218472
0.1,1.0,24,single_source,28148,2101,71852,5075,0.07464118232201222,0.07063129766742748,0.9293687023325725
0.1,1.0,24,redundant_fail_closed,28148,2101,71852,5075,0.07464118232201222,0.07063129766742748,0.9293687023325725
0.1,1.0,24,correlation_aware,28148,172,71852,9221,0.006110558476623561,0.1283332405500195,0.8716667594499805
0.1,1.0,24,three_source_diverse,28148,2101,71852,5075,0.07464118232201222,0.07063129766742748,0.9293687023325725
0.1,1.0,25,single_source,27894,2094,72106,5165,0.07506990750699075,0.07163065486922031,0.9283693451307797
0.1,1.0,25,redundant_fail_closed,27894,2094,72106,5165,0.07506990750699075,0.07163065486922031,0.9283693451307797
0.1,1.0,25,correlation_aware,27894,173,72106,9369,0.006202050620205062,0.12993370870662635,0.8700662912933737
0.1,1.0,25,three_source_diverse,27894,2094,72106,5165,0.07506990750699075,0.07163065486922031,0.9283693451307797
0.1,1.0,26,single_source,27928,2163,72072,5164,0.07744915496992266,0.07165057165057165,0.9283494283494284
0.1,1.0,26,redundant_fail_closed,27928,2163,72072,5164,0.07744915496992266,0.07165057165057165,0.9283494283494284
0.1,1.0,26,correlation_aware,27928,181,72072,9360,0.006480951016900601,0.12987012987012986,0.8701298701298701
0.1,1.0,26,three_source_diverse,27928,2163,72072,5164,0.07744915496992266,0.07165057165057165,0.9283494283494284
0.1,1.0,27,single_source,27861,2129,72139,5073,0.0764150604788055,0.07032257170185337,0.9296774282981466
0.1,1.0,27,redundant_fail_closed,27861,2129,72139,5073,0.0764150604788055,0.07032257170185337,0.9296774282981466
0.1,1.0,27,correlation_aware,27861,192,72139,9256,0.006891353504899321,0.12830785012267984,0.8716921498773201
0.1,1.0,27,three_source_diverse,27861,2129,72139,5073,0.0764150604788055,0.07032257170185337,0.9296774282981466
0.1,1.0,28,single_source,27972,2137,72028,5179,0.0763978263978264,0.07190259343588605,0.928097406564114
0.1,1.0,28,redundant_fail_closed,27972,2137,72028,5179,0.0763978263978264,0.07190259343588605,0.928097406564114
0.1,1.0,28,correlation_aware,27972,193,72028,9313,0.0068997568997569,0.12929694007885822,0.8707030599211418
0.1,1.0,28,three_source_diverse,27972,2137,72028,5179,0.0763978263978264,0.07190259343588605,0.928097406564114
0.1,1.0,29,single_source,28011,2218,71989,5208,0.07918317803719967,0.07234438594785314,0.9276556140521468
0.1,1.0,29,redundant_fail_closed,28011,2218,71989,5208,0.07918317803719967,0.07234438594785314,0.9276556140521468
0.1,1.0,29,correlation_aware,28011,194,71989,9388,0.006925850558709079,0.13040881245745878,0.8695911875425413
0.1,1.0,29,three_source_diverse,28011,2218,71989,5208,0.07918317803719967,0.07234438594785314,0.9276556140521468
0.2,0.0,0,single_source,28045,3978,71955,9796,0.1418434658584418,0.13614064345771662,0.8638593565422834
0.2,0.0,0,redundant_fail_closed,28045,608,71955,15974,0.02167944375111428,0.22199986102425126,0.7780001389757487
0.2,0.0,0,correlation_aware,28045,1052,71955,11950,0.037511142806204316,0.16607601973455632,0.8339239802654437
0.2,0.0,0,three_source_diverse,28045,1561,71955,8011,0.055660545551791764,0.11133347230908207,0.8886665276909179
0.2,0.0,1,single_source,28192,3815,71808,9791,0.13532207718501701,0.13634971033868093,0.8636502896613191
0.2,0.0,1,redundant_fail_closed,28192,600,71808,15985,0.021282633371169125,0.22260750891265596,0.777392491087344
0.2,0.0,1,correlation_aware,28192,1066,71808,12155,0.037812145289443815,0.16927083333333334,0.8307291666666666
0.2,0.0,1,three_source_diverse,28192,1585,71808,8126,0.05622162315550511,0.11316287878787878,0.8868371212121212
0.2,0.0,2,single_source,28230,3909,71770,9726,0.13846971307120085,0.13551623240908459,0.8644837675909154
0.2,0.0,2,redundant_fail_closed,28230,525,71770,15977,0.018597236981934114,0.22261390553155916,0.7773860944684409
0.2,0.0,2,correlation_aware,28230,1059,71770,11818,0.037513283740701384,0.1646649017695416,0.8353350982304584
0.2,0.0,2,three_source_diverse,28230,1502,71770,7855,0.05320580942260007,0.1094468440852724,0.8905531559147276
0.2,0.0,3,single_source,28063,3847,71937,9716,0.13708441720414782,0.13506262424065502,0.864937375759345
0.2,0.0,3,redundant_fail_closed,28063,582,71937,15983,0.020739051420019243,0.22218051906529324,0.7778194809347068
0.2,0.0,3,correlation_aware,28063,1101,71937,12003,0.039233153974984857,0.16685433087284707,0.8331456691271529
0.2,0.0,3,three_source_diverse,28063,1589,71937,8098,0.056622599151908204,0.1125707216036254,0.8874292783963746
0.2,0.0,4,single_source,28119,3900,71881,9637,0.13869625520110956,0.1340688081690572,0.8659311918309428
0.2,0.0,4,redundant_fail_closed,28119,654,71881,15841,0.0232582951029553,0.22037812495652537,0.7796218750434747
0.2,0.0,4,correlation_aware,28119,1127,71881,11954,0.04007966143888474,0.1663026390840417,0.8336973609159584
0.2,0.0,4,three_source_diverse,28119,1678,71881,7965,0.059674952878836375,0.11080814123342747,0.8891918587665726
0.2,0.0,5,single_source,27927,3782,72073,9652,0.13542449958821212,0.1339197757828868,0.8660802242171132
0.2,0.0,5,redundant_fail_closed,27927,616,72073,15878,0.022057507072009166,0.22030441358067515,0.7796955864193249
0.2,0.0,5,correlation_aware,27927,1141,72073,11953,0.04085651878110789,0.1658457397361009,0.8341542602638992
0.2,0.0,5,three_source_diverse,27927,1663,72073,7985,0.05954810756615462,0.11079044857297463,0.8892095514270254
0.2,0.0,6,single_source,28032,3866,71968,9766,0.13791381278538814,0.13569919964428634,0.8643008003557137
0.2,0.0,6,redundant_fail_closed,28032,631,71968,15940,0.022509988584474887,0.22148732770120053,0.7785126722987995
0.2,0.0,6,correlation_aware,28032,1093,71968,11880,0.03899115296803653,0.16507336594041797,0.834926634059582
0.2,0.0,6,three_source_diverse,28032,1617,71968,7935,0.05768407534246575,0.1102573365940418,0.8897426634059582
0.2,0.0,7,single_source,28233,3997,71767,9685,0.1415719193851167,0.13495060403806763,0.8650493959619323
0.2,0.0,7,redundant_fail_closed,28233,591,71767,15807,0.020932950802252683,0.22025443448938928,0.7797455655106107
0.2,0.0,7,correlation_aware,28233,1125,71767,11724,0.039846987567739876,0.16336199088717657,0.8366380091128234
0.2,0.0,7,three_source_diverse,28233,1619,71767,7766,0.05734424255304077,0.10821129488483565,0.8917887051151644
0.2,0.0,8,single_source,27970,3886,72030,9777,0.13893457275652485,0.1357351103706789,0.8642648896293211
0.2,0.0,8,redundant_fail_closed,27970,626,72030,16051,0.022381122631390776,0.2228377065111759,0.777162293488824
0.2,0.0,8,correlation_aware,27970,1127,72030,11975,0.04029317125491598,0.16625017353880328,0.8337498264611967
0.2,0.0,8,three_source_diverse,27970,1643,72030,7977,0.05874150875938505,0.11074552269887547,0.8892544773011245
0.2,0.0,9,single_source,27967,3839,72033,9770,0.13726892408910502,0.13563227964960503,0.864367720350395
0.2,0.0,9,redundant_fail_closed,27967,602,72033,15840,0.021525369185111023,0.21989921286077216,0.7801007871392278
0.2,0.0,9,correlation_aware,27967,1118,72033,11963,0.0399756856294919,0.16607665930892784,0.8339233406910722
0.2,0.0,9,three_source_diverse,27967,1628,72033,7945,0.058211463510566025,0.11029666958199714,0.8897033304180029
0.2,0.0,10,single_source,27722,4001,72278,9662,0.14432580621888752,0.13367829768394254,0.8663217023160574
0.2,0.0,10,redundant_fail_closed,27722,645,72278,15779,0.023266719572902387,0.21830985915492956,0.7816901408450705
0.2,0.0,10,correlation_aware,27722,1123,72278,12010,0.04050934276026261,0.16616397797393398,0.833836022026066
0.2,0.0,10,three_source_diverse,27722,1670,72278,7974,0.060240963855421686,0.11032402667478347,0.8896759733252165
0.2,0.0,11,single_source,28028,3923,71972,9689,0.1399671756814614,0.1346217973656422,0.8653782026343578
0.2,0.0,11,redundant_fail_closed,28028,610,71972,15855,0.021763950335378906,0.2202940032234758,0.7797059967765242
0.2,0.0,11,correlation_aware,28028,1127,71972,11745,0.04020979020979021,0.16318846217973657,0.8368115378202634
0.2,0.0,11,three_source_diverse,28028,1639,71972,7895,0.05847723704866562,0.10969543711443339,0.8903045628855666
0.2,0.0,12,single_source,28118,3845,71882,9612,0.1367451454584252,0.13371915083052782,0.8662808491694722
0.2,0.0,12,redundant_fail_closed,28118,628,71882,15773,0.022334447684757095,0.2194290642998247,0.7805709357001753
0.2,0.0,12,correlation_aware,28118,1058,71882,11694,0.037627142755530266,0.16268328649731503,0.837316713502685
0.2,0.0,12,three_source_diverse,28118,1584,71882,7851,0.056334020911871396,0.10922066720458529,0.8907793327954148
0.2,0.0,13,single_source,28203,3840,71797,9568,0.13615572811403043,0.13326462108444642,0.8667353789155536
0.2,0.0,13,redundant_fail_closed,28203,606,71797,15793,0.021487075842995425,0.21996740810897392,0.780032591891026
0.2,0.0,13,correlation_aware,28203,1100,71797,11830,0.03900294294933163,0.16477011574299763,0.8352298842570024
0.2,0.0,13,three_source_diverse,28203,1613,71797,7883,0.057192497252065384,0.10979567391395184,0.8902043260860482
0.2,0.0,14,single_source,28034,3810,71966,9694,0.1359063993721909,0.13470249840202317,0.8652975015979768
0.2,0.0,14,redundant_fail_closed,28034,593,71966,15966,0.021152885781550973,0.22185476475002083,0.7781452352499791
0.2,0.0,14,correlation_aware,28034,1106,71966,12122,0.039452093885995576,0.16844065253036156,0.8315593474696384
0.2,0.0,14,three_source_diverse,28034,1606,71966,8067,0.057287579367910395,0.1120946002278854,0.8879053997721146
0.2,0.0,15,single_source,28194,3905,71806,9533,0.13850464637866214,0.13276049355207087,0.8672395064479291
0.2,0.0,15,redundant_fail_closed,28194,589,71806,15754,0.020890969709867348,0.2193967077960059,0.780603292203994
0.2,0.0,15,correlation_aware,28194,1102,71806,11822,0.0390863304249131,0.1646380525304292,0.8353619474695708
0.2,0.0,15,three_source_diverse,28194,1600,71806,7830,0.056749663048875645,0.1090438124947776,0.8909561875052224
0.2,0.0,16,single_source,27819,3911,72181,9610,0.14058736834537547,0.13313752926670452,0.8668624707332955
0.2,0.0,16,redundant_fail_closed,27819,616,72181,15865,0.022143139580862,0.21979468281126613,0.7802053171887339
0.2,0.0,16,correlation_aware,27819,1098,72181,11987,0.03946942736978324,0.16606863301976973,0.8339313669802303
0.2,0.0,16,three_source_diverse,27819,1616,72181,7955,0.058089794744599015,0.11020905778528976,0.8897909422147102
0.2,0.0,17,single_source,28057,3898,71943,9739,0.13893146095448553,0.13537105764285615,0.8646289423571438
0.2,0.0,17,redundant_fail_closed,28057,644,71943,15887,0.022953273692839577,0.22082759962748286,0.7791724003725171
0.2,0.0,17,correlation_aware,28057,1102,71943,12079,0.039277185729051575,0.1678968071945846,0.8321031928054154
0.2,0.0,17,three_source_diverse,28057,1647,71943,8062,0.05870192821755712,0.11206093713078409,0.8879390628692159
0.2,0.0,18,single_source,28089,3993,71911,9796,0.1421552921072306,0.1362239434856976,0.8637760565143024
0.2,0.0,18,redundant_fail_closed,28089,627,71911,15947,0.022321905372209763,0.22176023139714368,0.7782397686028564
0.2,0.0,18,correlation_aware,28089,1138,71911,12111,0.04051408024493574,0.1684165148586447,0.8315834851413553
0.2,0.0,18,three_source_diverse,28089,1666,71911,8035,0.059311474242586065,0.11173533951690284,0.8882646604830972
0.2,0.0,19,single_source,28419,3881,71581,9737,0.13656356662796018,0.13602771685223733,0.8639722831477626
0.2,0.0,19,redundant_fail_closed,28419,619,71581,15950,0.021781202716492486,0.2228244925329347,0.7771755074670653
0.2,0.0,19,correlation_aware,28419,1161,71581,11957,0.04085295049086878,0.16704153336779312,0.8329584666322069
0.2,0.0,19,three_source_diverse,28419,1685,71581,8035,0.05929131918786727,0.11225045752364454,0.8877495424763555
0.2,0.0,20,single_source,27967,3953,72033,9697,0.14134515679193335,0.13461885524690073,0.8653811447530992
0.2,0.0,20,redundant_fail_closed,27967,581,72033,15955,0.020774484213537385,0.22149570335818305,0.778504296641817
0.2,0.0,20,correlation_aware,27967,1104,72033,11918,0.03947509564844281,0.16545194563602794,0.8345480543639721
0.2,0.0,20,three_source_diverse,27967,1583,72033,7950,0.05660242428576537,0.11036608221231935,0.8896339177876806
0.2,0.0,21,single_source,27934,3946,72066,9748,0.14126154507052338,0.13526489606749367,0.8647351039325063
0.2,0.0,21,redundant_fail_closed,27934,614,72066,15934,0.021980382329777334,0.22110287791746455,0.7788971220825355
0.2,0.0,21,correlation_aware,27934,1112,72066,11942,0.03980811913796807,0.16570921100102684,0.8342907889989731
0.2,0.0,21,three_source_diverse,27934,1619,72066,7965,0.057958043960764656,0.11052368662059779,0.8894763133794023
0.2,0.0,22,single_source,28169,3871,71831,9722,0.13742056871028435,0.1353454636577522,0.8646545363422478
0.2,0.0,22,redundant_fail_closed,28169,607,71831,15892,0.02154851077425539,0.22124152524675975,0.7787584747532402
0.2,0.0,22,correlation_aware,28169,1096,71831,11796,0.03890801945400973,0.16421879132964876,0.8357812086703512
0.2,0.0,22,three_source_diverse,28169,1603,71831,7850,0.05690652845326423,0.10928429229719759,0.8907157077028024
0.2,0.0,23,single_source,27881,3994,72119,9918,0.14325167676912592,0.13752270552836285,0.8624772944716371
0.2,0.0,23,redundant_fail_closed,27881,646,72119,16058,0.023169900649187617,0.22265977065683107,0.7773402293431689
0.2,0.0,23,correlation_aware,27881,1099,72119,11953,0.039417524479035904,0.16573995757012716,0.8342600424298728
0.2,0.0,23,three_source_diverse,27881,1652,72119,7982,0.05925182023600301,0.1106781846670087,0.8893218153329913
0.2,0.0,24,single_source,28148,3920,71852,9510,0.13926389086258348,0.1323553972053666,0.8676446027946334
0.2,0.0,24,redundant_fail_closed,28148,624,71852,15732,0.022168537729145944,0.21895006402048656,0.7810499359795134
0.2,0.0,24,correlation_aware,28148,1000,71852,11809,0.03552650277106722,0.16435172298613818,0.8356482770138618
0.2,0.0,24,three_source_diverse,28148,1542,71852,7859,0.054781867272985646,0.109377609530702,0.890622390469298
0.2,0.0,25,single_source,27894,3890,72106,9673,0.1394565139456514,0.1341497240174188,0.8658502759825812
0.2,0.0,25,redundant_fail_closed,27894,588,72106,15734,0.02107980210798021,0.21820652927634315,0.7817934707236569
0.2,0.0,25,correlation_aware,27894,1125,72106,11905,0.0403312540331254,0.16510415222034228,0.8348958477796578
0.2,0.0,25,three_source_diverse,27894,1630,72106,7920,0.05843550584355058,0.10983829362327684,0.8901617063767232
0.2,0.0,26,single_source,27928,3890,72072,9826,0.13928673732454883,0.13633588633588634,0.8636641136641137
0.2,0.0,26,redundant_fail_closed,27928,597,72072,15989,0.021376396448009167,0.22184759684759683,0.7781524031524032
0.2,0.0,26,correlation_aware,27928,1149,72072,11883,0.04114150673159553,0.1648767898767899,0.8351232101232101
0.2,0.0,26,three_source_diverse,27928,1658,72072,8017,0.059366943569177884,0.11123598623598624,0.8887640137640138
0.2,0.0,27,single_source,27861,3894,72139,9558,0.13976526327123936,0.13249421256185975,0.8675057874381402
0.2,0.0,27,redundant_fail_closed,27861,590,72139,15857,0.021176555041096872,0.21981175231150973,0.7801882476884903
0.2,0.0,27,correlation_aware,27861,1066,72139,11815,0.03826136893865977,0.16378103383745268,0.8362189661625473
0.2,0.0,27,three_source_diverse,27861,1556,72139,7938,0.055848677362621585,0.11003756636493436,0.8899624336350657
0.2,0.0,28,single_source,27972,3811,72028,9690,0.13624338624338625,0.1345310157161104,0.8654689842838896
0.2,0.0,28,redundant_fail_closed,27972,547,72028,15841,0.019555269555269556,0.21992836119286943,0.7800716388071306
0.2,0.0,28,correlation_aware,27972,1086,72028,11793,0.038824538824538825,0.16372799466873994,0.83627200533126
0.2,0.0,28,three_source_diverse,27972,1535,72028,7818,0.05487630487630488,0.1085411228966513,0.8914588771033487
0.2,0.0,29,single_source,28011,3975,71989,9753,0.1419085359323123,0.13547903151870425,0.8645209684812958
0.2,0.0,29,redundant_fail_closed,28011,618,71989,15979,0.022062761058155723,0.2219644667935379,0.7780355332064621
0.2,0.0,29,correlation_aware,28011,1183,71989,11980,0.042233408303880615,0.16641431329786496,0.8335856867021351
0.2,0.0,29,three_source_diverse,28011,1701,71989,8026,0.060726143300846094,0.1114892553028935,0.8885107446971066
0.2,0.25,0,single_source,28045,3948,71955,9729,0.1407737564628276,0.13520950594121325,0.8647904940587867
0.2,0.25,0,redundant_fail_closed,28045,1280,71955,14528,0.04564093421287217,0.20190396775762628,0.7980960322423737
0.2,0.25,0,correlation_aware,28045,945,71955,12844,0.033695845961847035,0.1785004516711834,0.8214995483288166
0.2,0.25,0,three_source_diverse,28045,2043,71955,8364,0.07284720984132644,0.11623931623931624,0.8837606837606837
0.2,0.25,1,single_source,28192,3864,71808,9719,0.13706015891032916,0.13534703654188948,0.8646529634581105
0.2,0.25,1,redundant_fail_closed,28192,1322,71808,14484,0.04689273552780931,0.20170454545454544,0.7982954545454546
0.2,0.25,1,correlation_aware,28192,980,71808,12947,0.03476163450624291,0.1803002450980392,0.8196997549019608
0.2,0.25,1,three_source_diverse,28192,2097,71808,8381,0.0743828036322361,0.11671401515151515,0.8832859848484849
0.2,0.25,2,single_source,28230,3855,71770,9717,0.1365568544102019,0.13539083182388184,0.8646091681761181
0.2,0.25,2,redundant_fail_closed,28230,1232,71770,14558,0.04364151611760538,0.20284241326459523,0.7971575867354048
0.2,0.25,2,correlation_aware,28230,962,71770,12689,0.0340772228126107,0.17680089173749478,0.8231991082625052
0.2,0.25,2,three_source_diverse,28230,2002,71770,8290,0.07091746369110875,0.11550787237007105,0.8844921276299289
0.2,0.25,3,single_source,28063,3913,71937,9671,0.13943626839610876,0.13443707688672032,0.8655629231132796
0.2,0.25,3,redundant_fail_closed,28063,1323,71937,14477,0.04714392616612621,0.20124553428694553,0.7987544657130545
0.2,0.25,3,correlation_aware,28063,1031,71937,12863,0.03673876634714749,0.17880923585915454,0.8211907641408455
0.2,0.25,3,three_source_diverse,28063,2145,71937,8423,0.07643516373873072,0.11708856360426484,0.8829114363957351
0.2,0.25,4,single_source,28119,3842,71881,9707,0.13663359294427255,0.13504263991875462,0.8649573600812454
0.2,0.25,4,redundant_fail_closed,28119,1306,71881,14513,0.04644546392119207,0.20190314547655153,0.7980968545234485
0.2,0.25,4,correlation_aware,28119,1050,71881,12867,0.037341299477221805,0.1790041874765237,0.8209958125234763
0.2,0.25,4,three_source_diverse,28119,2124,71881,8429,0.07553611437106583,0.11726325454570749,0.8827367454542925
0.2,0.25,5,single_source,27927,3768,72073,9637,0.13492319260930283,0.13371165346246167,0.8662883465375384
0.2,0.25,5,redundant_fail_closed,27927,1258,72073,14433,0.0450460128191356,0.2002552967130548,0.7997447032869451
0.2,0.25,5,correlation_aware,27927,1020,72073,12866,0.03652379417767752,0.17851345163931015,0.8214865483606899
0.2,0.25,5,three_source_diverse,27927,2072,72073,8408,0.07419343287857628,0.11665949800896314,0.8833405019910369
0.2,0.25,6,single_source,28032,3813,71968,9744,0.13602311643835616,0.13539350822587817,0.8646064917741219
0.2,0.25,6,redundant_fail_closed,28032,1279,71968,14531,0.04562642694063927,0.20190918185860382,0.7980908181413962
0.2,0.25,6,correlation_aware,28032,960,71968,12760,0.03424657534246575,0.17730102267674522,0.8226989773232548
0.2,0.25,6,three_source_diverse,28032,2034,71968,8360,0.07255993150684932,0.11616273899510894,0.883837261004891
0.2,0.25,7,single_source,28233,3981,71767,9751,0.14100520667304217,0.13587024677079995,0.8641297532292
0.2,0.25,7,redundant_fail_closed,28233,1286,71767,14451,0.04554953423298976,0.2013599565259799,0.7986400434740201
0.2,0.25,7,correlation_aware,28233,988,71767,12693,0.03499450997060178,0.17686401828138282,0.8231359817186172
0.2,0.25,7,three_source_diverse,28233,2067,71767,8247,0.07321219849112741,0.11491353964914236,0.8850864603508577
0.2,0.25,8,single_source,27970,3823,72030,9781,0.1366821594565606,0.13579064278772734,0.8642093572122727
0.2,0.25,8,redundant_fail_closed,27970,1281,72030,14595,0.045799070432606365,0.20262390670553937,0.7973760932944607
0.2,0.25,8,correlation_aware,27970,1023,72030,12915,0.03657490168037183,0.1793002915451895,0.8206997084548104
0.2,0.25,8,three_source_diverse,27970,2086,72030,8428,0.07457990704326063,0.11700680272108843,0.8829931972789116
0.2,0.25,9,single_source,27967,3877,72033,9616,0.13862766832338114,0.13349437063568087,0.8665056293643192
0.2,0.25,9,redundant_fail_closed,27967,1291,72033,14376,0.046161547538169985,0.19957519470242804,0.800424805297572
0.2,0.25,9,correlation_aware,27967,1008,72033,12780,0.03604247863553474,0.17741868310357753,0.8225813168964224
0.2,0.25,9,three_source_diverse,27967,2095,72033,8200,0.07490971502127508,0.11383671372843003,0.8861632862715699
0.2,0.25,10,single_source,27722,3968,72278,9663,0.14313541591515763,0.13369213315254988,0.8663078668474501
0.2,0.25,10,redundant_fail_closed,27722,1353,72278,14401,0.048806002452925476,0.19924458341404022,0.8007554165859598
0.2,0.25,10,correlation_aware,27722,996,72278,12947,0.03592814371257485,0.17912781205899445,0.8208721879410056
0.2,0.25,10,three_source_diverse,27722,2161,72278,8425,0.07795252867758459,0.11656382301668558,0.8834361769833144
0.2,0.25,11,single_source,28028,3926,71972,9695,0.14007421150278293,0.13470516311899072,0.8652948368810093
0.2,0.25,11,redundant_fail_closed,28028,1288,71972,14446,0.04595404595404595,0.20071694547879732,0.7992830545212026
0.2,0.25,11,correlation_aware,28028,997,71972,12651,0.035571571285857,0.17577669093536374,0.8242233090646363
0.2,0.25,11,three_source_diverse,28028,2079,71972,8309,0.07417582417582418,0.11544767409548158,0.8845523259045184
0.2,0.25,12,single_source,28118,3859,71882,9655,0.13724304715840388,0.13431735344036058,0.8656826465596394
0.2,0.25,12,redundant_fail_closed,28118,1294,71882,14387,0.04602034284088484,0.20014746389916807,0.799852536100832
0.2,0.25,12,correlation_aware,28118,967,71882,12627,0.03439078170566897,0.17566289196182633,0.8243371080381736
0.2,0.25,12,three_source_diverse,28118,2041,71882,8289,0.07258695497546055,0.11531398681171921,0.8846860131882808
0.2,0.25,13,single_source,28203,3858,71797,9582,0.13679395808956493,0.13345961530426062,0.8665403846957394
0.2,0.25,13,redundant_fail_closed,28203,1282,71797,14357,0.045456157146402866,0.19996657241946042,0.8000334275805396
0.2,0.25,13,correlation_aware,28203,1018,71797,12815,0.036095450838563276,0.17848935192278229,0.8215106480772177
0.2,0.25,13,three_source_diverse,28203,2091,71797,8344,0.07414104882459313,0.11621655500926223,0.8837834449907378
0.2,0.25,14,single_source,28034,3858,71966,9726,0.13761860597845474,0.13514715282216602,0.864852847177834
0.2,0.25,14,redundant_fail_closed,28034,1267,71966,14594,0.04519512021117215,0.20279020648639634,0.7972097935136037
0.2,0.25,14,correlation_aware,28034,1026,71966,12998,0.036598416208889206,0.18061306728177196,0.819386932718228
0.2,0.25,14,three_source_diverse,28034,2090,71966,8484,0.07455232931440393,0.11788900314037185,0.8821109968596281
0.2,0.25,15,single_source,28194,3944,71806,9548,0.13988791941547848,0.13296938974458958,0.8670306102554104
0.2,0.25,15,redundant_fail_closed,28194,1299,71806,14325,0.04607363268780591,0.19949586385538812,0.8005041361446119
0.2,0.25,15,correlation_aware,28194,1013,71806,12694,0.035929630417819394,0.17678188452218477,0.8232181154778152
0.2,0.25,15,three_source_diverse,28194,2109,71806,8201,0.07480314960629922,0.11421051165640754,0.8857894883435925
0.2,0.25,16,single_source,27819,3900,72181,9633,0.14019195513857435,0.13345617267702026,0.8665438273229797
0.2,0.25,16,redundant_fail_closed,27819,1310,72181,14402,0.04709011826449549,0.19952619110292183,0.8004738088970782
0.2,0.25,16,correlation_aware,27819,982,72181,12954,0.035299615370789746,0.17946551031434865,0.8205344896856513
0.2,0.25,16,three_source_diverse,27819,2094,72181,8402,0.07527229591286531,0.11640182319446946,0.8835981768055305
0.2,0.25,17,single_source,28057,3923,71943,9695,0.1398225041879032,0.1347594623521399,0.8652405376478601
0.2,0.25,17,redundant_fail_closed,28057,1352,71943,14452,0.04818761806322843,0.20088125321435024,0.7991187467856498
0.2,0.25,17,correlation_aware,28057,1001,71943,12986,0.03567737106604413,0.1805040101191221,0.8194959898808779
0.2,0.25,17,three_source_diverse,28057,2149,71943,8454,0.07659407634458423,0.11750969517534715,0.8824903048246528
0.2,0.25,18,single_source,28089,3914,71911,9798,0.13934280323258216,0.13625175564239128,0.8637482443576088
0.2,0.25,18,redundant_fail_closed,28089,1314,71911,14537,0.046779878244152515,0.20215266092809167,0.7978473390719083
0.2,0.25,18,correlation_aware,28089,1009,71911,13000,0.03592153512050981,0.18077901850899028,0.8192209814910097
0.2,0.25,18,three_source_diverse,28089,2104,71911,8427,0.0749047669906369,0.11718652222886623,0.8828134777711337
0.2,0.25,19,single_source,28419,3873,71581,9798,0.13628206481579225,0.13687989829703412,0.8631201017029659
0.2,0.25,19,redundant_fail_closed,28419,1308,71581,14627,0.04602554628945424,0.20434193431217781,0.7956580656878222
0.2,0.25,19,correlation_aware,28419,1063,71581,12889,0.03740455329181182,0.18006174822927873,0.8199382517707212
0.2,0.25,19,three_source_diverse,28419,2166,71581,8476,0.0762166156444632,0.11841131026389684,0.8815886897361032
0.2,0.25,20,single_source,27967,3960,72033,9758,0.1415954517824579,0.13546568933683173,0.8645343106631682
0.2,0.25,20,redundant_fail_closed,27967,1294,72033,14599,0.046268816819823366,0.20267099801479876,0.7973290019852013
0.2,0.25,20,correlation_aware,27967,1017,72033,12825,0.03636428648049487,0.17804339677647746,0.8219566032235226
0.2,0.25,20,three_source_diverse,27967,2098,72033,8379,0.07501698430292845,0.11632168589396527,0.8836783141060347
0.2,0.25,21,single_source,27934,3900,72066,9751,0.13961480632920456,0.1353065245746954,0.8646934754253046
0.2,0.25,21,redundant_fail_closed,27934,1257,72066,14505,0.044998926039951315,0.201273832320373,0.798726167679627
0.2,0.25,21,correlation_aware,27934,986,72066,12892,0.035297486933486076,0.17889157161490857,0.8211084283850915
0.2,0.25,21,three_source_diverse,27934,2037,72066,8419,0.07292188730579223,0.11682346737712652,0.8831765326228734
0.2,0.25,22,single_source,28169,3901,71831,9716,0.13848556924278463,0.13526193426236582,0.8647380657376342
0.2,0.25,22,redundant_fail_closed,28169,1286,71831,14432,0.045653022826511416,0.20091603903607078,0.7990839609639292
0.2,0.25,22,correlation_aware,28169,1007,71831,12709,0.03574851787425894,0.17692918099427823,0.8230708190057218
0.2,0.25,22,three_source_diverse,28169,2092,71831,8294,0.07426603713301856,0.11546546755579068,0.8845345324442093
0.2,0.25,23,single_source,27881,3966,72119,9903,0.14224740862953267,0.13731471595557343,0.8626852840444266
0.2,0.25,23,redundant_fail_closed,27881,1327,72119,14633,0.047595136472866825,0.2029007612418364,0.7970992387581636
0.2,0.25,23,correlation_aware,27881,993,72119,12843,0.035615652236289944,0.17808067222229926,0.8219193277777007
0.2,0.25,23,three_source_diverse,27881,2121,72119,8361,0.07607331157419031,0.11593338787282131,0.8840666121271787
0.2,0.25,24,single_source,28148,3900,71852,9564,0.13855336080716213,0.13310694204754217,0.8668930579524579
0.2,0.25,24,redundant_fail_closed,28148,1327,71852,14378,0.04714366917720619,0.20010577297778767,0.7998942270222124
0.2,0.25,24,correlation_aware,28148,912,71852,12737,0.0324001705272133,0.17726716027389633,0.8227328397261037
0.2,0.25,24,three_source_diverse,28148,2064,71852,8285,0.07332670171948273,0.11530646328564272,0.8846935367143572
0.2,0.25,25,single_source,27894,3878,72106,9816,0.1390263139026314,0.13613291543006129,0.8638670845699388
0.2,0.25,25,redundant_fail_closed,27894,1267,72106,14467,0.045421954542195456,0.20063517599090228,0.7993648240090977
0.2,0.25,25,correlation_aware,27894,969,72106,12881,0.034738653473865344,0.17863978032341277,0.8213602196765872
0.2,0.25,25,three_source_diverse,27894,2074,72106,8456,0.07435290743529074,0.11727179430283194,0.882728205697168
0.2,0.25,26,single_source,27928,3961,72072,9777,0.14182898882841594,0.13565601065601066,0.8643439893439894
0.2,0.25,26,redundant_fail_closed,27928,1322,72072,14509,0.047336006874820966,0.20131257631257632,0.7986874236874237
0.2,0.25,26,correlation_aware,27928,1059,72072,12820,0.037918934402749925,0.1778776778776779,0.8221223221223222
0.2,0.25,26,three_source_diverse,27928,2179,72072,8442,0.07802205671727298,0.11713286713286714,0.8828671328671329
0.2,0.25,27,single_source,27861,3797,72139,9432,0.13628369405261836,0.13074758452432111,0.8692524154756789
0.2,0.25,27,redundant_fail_closed,27861,1242,72139,14303,0.04457844298481749,0.19827000651519983,0.8017299934848001
0.2,0.25,27,correlation_aware,27861,935,72139,12642,0.03355945587021284,0.17524501309971027,0.8247549869002897
0.2,0.25,27,three_source_diverse,27861,1989,72139,8227,0.0713901152148164,0.1140437211494476,0.8859562788505524
0.2,0.25,28,single_source,27972,3779,72028,9764,0.1350993850993851,0.13555839395790525,0.8644416060420947
0.2,0.25,28,redundant_fail_closed,27972,1280,72028,14530,0.04576004576004576,0.20172710612539568,0.7982728938746043
0.2,0.25,28,correlation_aware,27972,990,72028,12712,0.035392535392535396,0.17648692175265174,0.8235130782473483
0.2,0.25,28,three_source_diverse,27972,2070,72028,8300,0.074002574002574,0.11523296495807187,0.8847670350419281
0.2,0.25,29,single_source,28011,4023,71989,9778,0.1436221484416836,0.13582630679687174,0.8641736932031283
0.2,0.25,29,redundant_fail_closed,28011,1364,71989,14502,0.04869515547463497,0.20144744335940212,0.7985525566405979
0.2,0.25,29,correlation_aware,28011,1055,71989,12927,0.0376637749455571,0.17956910083484978,0.8204308991651502
0.2,0.25,29,three_source_diverse,28011,2199,71989,8439,0.07850487308557352,0.11722624289822056,0.8827737571017794
0.2,0.5,0,single_source,28045,3916,71955,9710,0.1396327331075058,0.13494545201862276,0.8650545479813773
0.2,0.5,0,redundant_fail_closed,28045,2069,71955,12944,0.0737742913175254,0.17989020915850185,0.8201097908414982
0.2,0.5,0,correlation_aware,28045,802,71955,13828,0.028596897842752718,0.19217566534639705,0.8078243346536029
0.2,0.5,0,three_source_diverse,28045,2592,71955,8765,0.09242289178106615,0.12181224376346328,0.8781877562365368
0.2,0.5,1,single_source,28192,3856,71808,9739,0.13677639046538026,0.1356255570409982,0.8643744429590018
0.2,0.5,1,redundant_fail_closed,28192,2083,71808,12998,0.07388620885357548,0.18101047237076648,0.8189895276292335
0.2,0.5,1,correlation_aware,28192,874,71808,13876,0.031001702610669694,0.19323752228163993,0.8067624777183601
0.2,0.5,1,three_source_diverse,28192,2619,71808,8778,0.09289869466515323,0.12224264705882353,0.8777573529411765
0.2,0.5,2,single_source,28230,3906,71770,9654,0.1383634431455898,0.13451302772746274,0.8654869722725372
0.2,0.5,2,redundant_fail_closed,28230,2063,71770,12985,0.0730782855118668,0.18092517765082905,0.819074822349171
0.2,0.5,2,correlation_aware,28230,881,71770,13648,0.031207934821112292,0.19016302076076355,0.8098369792392365
0.2,0.5,2,three_source_diverse,28230,2638,71770,8689,0.09344668792065179,0.1210672983140588,0.8789327016859412
0.2,0.5,3,single_source,28063,3931,71937,9702,0.14007768235755266,0.13486800950831979,0.8651319904916802
0.2,0.5,3,redundant_fail_closed,28063,2169,71937,12934,0.07729038235398925,0.17979621057314038,0.8202037894268597
0.2,0.5,3,correlation_aware,28063,880,71937,13826,0.0313580158928126,0.19219594923335698,0.8078040507666431
0.2,0.5,3,three_source_diverse,28063,2708,71937,8813,0.09649716708833696,0.12250997400503218,0.8774900259949678
0.2,0.5,4,single_source,28119,3865,71881,9642,0.1374515452185355,0.13413836757974987,0.8658616324202502
0.2,0.5,4,redundant_fail_closed,28119,2061,71881,12947,0.07329563640243252,0.18011713804760646,0.8198828619523936
0.2,0.5,4,correlation_aware,28119,927,71881,13748,0.03296703296703297,0.19126055564057262,0.8087394443594274
0.2,0.5,4,three_source_diverse,28119,2653,71881,8765,0.09434901667911377,0.12193764694425509,0.8780623530557449
0.2,0.5,5,single_source,27927,3759,72073,9684,0.13460092383714684,0.1343637700664604,0.8656362299335396
0.2,0.5,5,redundant_fail_closed,27927,2026,72073,12933,0.07254628137644574,0.17944306467054236,0.8205569353294576
0.2,0.5,5,correlation_aware,27927,894,72073,13846,0.03201203136749382,0.1921107765737516,0.8078892234262484
0.2,0.5,5,three_source_diverse,27927,2598,72073,8849,0.09302825222902568,0.12277829422946179,0.8772217057705383
0.2,0.5,6,single_source,28032,3843,71968,9633,0.1370933219178082,0.13385115606936415,0.8661488439306358
0.2,0.5,6,redundant_fail_closed,28032,2058,71968,12907,0.07341609589041095,0.1793435971542908,0.8206564028457092
0.2,0.5,6,correlation_aware,28032,882,71968,13636,0.03146404109589041,0.18947309915518007,0.8105269008448199
0.2,0.5,6,three_source_diverse,28032,2603,71968,8653,0.09285816210045662,0.12023399288572699,0.879766007114273
0.2,0.5,7,single_source,28233,3910,71767,9692,0.1384904190132115,0.13504814190366046,0.8649518580963396
0.2,0.5,7,redundant_fail_closed,28233,2064,71767,12955,0.07310593985761343,0.1805147212507141,0.8194852787492859
0.2,0.5,7,correlation_aware,28233,858,71767,13661,0.03038996918499628,0.19035211169479008,0.80964788830521
0.2,0.5,7,three_source_diverse,28233,2610,71767,8751,0.09244501115715652,0.1219362659718255,0.8780637340281745
0.2,0.5,8,single_source,27970,3823,72030,9771,0.1366821594565606,0.1356518117451062,0.8643481882548938
0.2,0.5,8,redundant_fail_closed,27970,2047,72030,13094,0.07318555595280658,0.18178536720810773,0.8182146327918922
0.2,0.5,8,correlation_aware,27970,867,72030,13857,0.030997497318555594,0.19237817576009997,0.8076218242399
0.2,0.5,8,three_source_diverse,27970,2589,72030,8862,0.09256346085091169,0.12303206997084548,0.8769679300291545
0.2,0.5,9,single_source,27967,3915,72033,9670,0.13998641255765723,0.13424402704316077,0.8657559729568393
0.2,0.5,9,redundant_fail_closed,27967,2096,72033,12930,0.07494547144849287,0.17950106201324392,0.8204989379867561
0.2,0.5,9,correlation_aware,27967,894,72033,13781,0.0319662459327064,0.19131509169408464,0.8086849083059153
0.2,0.5,9,three_source_diverse,27967,2677,72033,8686,0.09571995566203025,0.12058362139574917,0.8794163786042508
0.2,0.5,10,single_source,27722,3863,72278,9654,0.1393478104032898,0.13356761393508398,0.866432386064916
0.2,0.5,10,redundant_fail_closed,27722,2068,72278,12886,0.07459779236707308,0.17828384847394782,0.8217161515260522
0.2,0.5,10,correlation_aware,27722,858,72278,13924,0.03095014789697713,0.19264506488834776,0.8073549351116522
0.2,0.5,10,three_source_diverse,27722,2618,72278,8802,0.09443763076257124,0.12177979468164586,0.8782202053183541
0.2,0.5,11,single_source,28028,3920,71972,9649,0.13986013986013987,0.13406602567665202,0.865933974323348
0.2,0.5,11,redundant_fail_closed,28028,2083,71972,12844,0.07431853860425289,0.17845828933474128,0.8215417106652587
0.2,0.5,11,correlation_aware,28028,901,71972,13588,0.03214642500356786,0.1887956427499583,0.8112043572500417
0.2,0.5,11,three_source_diverse,28028,2653,71972,8684,0.09465534465534466,0.12065803367976435,0.8793419663202356
0.2,0.5,12,single_source,28118,3881,71882,9753,0.1380254641155132,0.1356806989232353,0.8643193010767647
0.2,0.5,12,redundant_fail_closed,28118,2115,71882,12949,0.0752187211039192,0.1801424556912718,0.8198575443087281
0.2,0.5,12,correlation_aware,28118,868,71882,13685,0.030869905398677004,0.1903814585014329,0.809618541498567
0.2,0.5,12,three_source_diverse,28118,2633,71882,8794,0.09364108400312966,0.1223393895551042,0.8776606104448959
0.2,0.5,13,single_source,28203,3952,71797,9541,0.14012693685068964,0.1328885608033762,0.8671114391966238
0.2,0.5,13,redundant_fail_closed,28203,2079,71797,12771,0.07371556217423679,0.1778765129462234,0.8221234870537766
0.2,0.5,13,correlation_aware,28203,920,71797,13744,0.03262064319398646,0.19142861122331017,0.8085713887766899
0.2,0.5,13,three_source_diverse,28203,2666,71797,8663,0.09452895082083466,0.12065963758931432,0.8793403624106857
0.2,0.5,14,single_source,28034,3872,71966,9792,0.13811799957194834,0.13606425256371063,0.8639357474362894
0.2,0.5,14,redundant_fail_closed,28034,2031,71966,13114,0.072447742027538,0.18222493955478977,0.8177750604452102
0.2,0.5,14,correlation_aware,28034,874,71966,14012,0.031176428622387103,0.19470305422004835,0.8052969457799517
0.2,0.5,14,three_source_diverse,28034,2578,71966,8941,0.0919597631447528,0.12423922407803685,0.8757607759219631
0.2,0.5,15,single_source,28194,3957,71806,9571,0.14034901042775058,0.13328969723978498,0.866710302760215
0.2,0.5,15,redundant_fail_closed,28194,2141,71806,12835,0.07593814286727672,0.17874550873186085,0.8212544912681392
0.2,0.5,15,correlation_aware,28194,858,71806,13613,0.030432006809959566,0.1895802579171657,0.8104197420828343
0.2,0.5,15,three_source_diverse,28194,2693,71806,8641,0.09551677661913882,0.12033813330362365,0.8796618666963764
0.2,0.5,16,single_source,27819,3869,72181,9602,0.1390776088284985,0.13302669677615994,0.86697330322384
0.2,0.5,16,redundant_fail_closed,27819,2041,72181,12815,0.07336712318918724,0.17753979579113618,0.8224602042088638
0.2,0.5,16,correlation_aware,27819,858,72181,13890,0.03084223013048636,0.19243291170806723,0.8075670882919328
0.2,0.5,16,three_source_diverse,27819,2585,72181,8727,0.09292210359826018,0.12090439312284396,0.879095606877156
0.2,0.5,17,single_source,28057,3972,71943,9744,0.14156894892540187,0.13544055710771027,0.8645594428922897
0.2,0.5,17,redundant_fail_closed,28057,2154,71943,12960,0.07677228499126777,0.18014261290188066,0.8198573870981194
0.2,0.5,17,correlation_aware,28057,885,71943,14004,0.03154293046298606,0.19465410116342105,0.8053458988365789
0.2,0.5,17,three_source_diverse,28057,2715,71943,8907,0.09676729514916063,0.12380634669113048,0.8761936533088696
0.2,0.5,18,single_source,28089,3888,71911,9802,0.13841717398269784,0.13630737995577868,0.8636926200442213
0.2,0.5,18,redundant_fail_closed,28089,2056,71911,13052,0.07319591299085051,0.18150213458302625,0.8184978654169738
0.2,0.5,18,correlation_aware,28089,863,71911,14029,0.030723770871159527,0.1950883731278942,0.8049116268721058
0.2,0.5,18,three_source_diverse,28089,2603,71911,8894,0.09266972836341629,0.12368066081684304,0.876319339183157
0.2,0.5,19,single_source,28419,3945,71581,9823,0.13881558112530348,0.1372291529875246,0.8627708470124754
0.2,0.5,19,redundant_fail_closed,28419,2161,71581,13136,0.07604067701185827,0.1835123845713248,0.8164876154286752
0.2,0.5,19,correlation_aware,28419,923,71581,13875,0.032478271578873286,0.19383635322222378,0.8061636467777762
0.2,0.5,19,three_source_diverse,28419,2744,71581,8936,0.09655512157359512,0.12483759656892192,0.8751624034310781
0.2,0.5,20,single_source,27967,4045,72033,9702,0.14463474809597024,0.13468826787722293,0.865311732122777
0.2,0.5,20,redundant_fail_closed,27967,2107,72033,13019,0.07533879214788858,0.18073660683297932,0.8192633931670207
0.2,0.5,20,correlation_aware,27967,888,72033,13781,0.03175170736939965,0.19131509169408464,0.8086849083059153
0.2,0.5,20,three_source_diverse,27967,2666,72033,8775,0.09532663496263453,0.12181916621548457,0.8781808337845154
0.2,0.5,21,single_source,27934,3934,72066,9720,0.1408319610510489,0.13487636333361086,0.8651236366663891
0.2,0.5,21,redundant_fail_closed,27934,2048,72066,12967,0.07331567265697717,0.17993228429495184,0.8200677157050482
0.2,0.5,21,correlation_aware,27934,894,72066,13832,0.03200400945084843,0.19193517053811784,0.8080648294618822
0.2,0.5,21,three_source_diverse,27934,2610,72066,8770,0.09343452423569844,0.12169400271972913,0.8783059972802709
0.2,0.5,22,single_source,28169,3911,71831,9677,0.13884056942028472,0.13471899319235428,0.8652810068076457
0.2,0.5,22,redundant_fail_closed,28169,2052,71831,12931,0.0728460364230182,0.18001976862357477,0.8199802313764253
0.2,0.5,22,correlation_aware,28169,903,71831,13642,0.032056516028258014,0.18991800197686234,0.8100819980231376
0.2,0.5,22,three_source_diverse,28169,2640,71831,8714,0.09372004686002343,0.12131252523283818,0.8786874747671618
0.2,0.5,23,single_source,27881,3875,72119,9842,0.13898353717585452,0.13646889169289647,0.8635311083071036
0.2,0.5,23,redundant_fail_closed,27881,2089,72119,13077,0.07492557655751228,0.18132530955781417,0.8186746904421858
0.2,0.5,23,correlation_aware,27881,873,72119,13749,0.031311645923747355,0.19064324241878008,0.8093567575812199
0.2,0.5,23,three_source_diverse,27881,2645,72119,8752,0.09486747247229296,0.12135498273686546,0.8786450172631346
0.2,0.5,24,single_source,28148,3825,71852,9598,0.1358888730993321,0.13358013694817125,0.8664198630518287
0.2,0.5,24,redundant_fail_closed,28148,2066,71852,12912,0.07339775472502487,0.17970272226242834,0.8202972777375717
0.2,0.5,24,correlation_aware,28148,809,71852,13717,0.028740940741793376,0.19090630740967546,0.8090936925903245
0.2,0.5,24,three_source_diverse,28148,2586,71852,8759,0.09187153616597982,0.12190335690029505,0.8780966430997049
0.2,0.5,25,single_source,27894,3839,72106,9743,0.13762816376281636,0.13512051701661443,0.8648794829833856
0.2,0.5,25,redundant_fail_closed,27894,2022,72106,12972,0.07248870724887073,0.17990181122236706,0.820098188777633
0.2,0.5,25,correlation_aware,27894,817,72106,13757,0.029289452928945293,0.1907885612847752,0.8092114387152248
0.2,0.5,25,three_source_diverse,27894,2561,72106,8798,0.09181185918118592,0.12201481152747344,0.8779851884725266
0.2,0.5,26,single_source,27928,3884,72072,9792,0.13907189916929247,0.13586413586413587,0.8641358641358641
0.2,0.5,26,redundant_fail_closed,27928,2043,72072,13028,0.07315239186479519,0.18076368076368077,0.8192363192363192
0.2,0.5,26,correlation_aware,27928,903,72072,13814,0.032333142366084214,0.19166944166944166,0.8083305583305583
0.2,0.5,26,three_source_diverse,27928,2616,72072,8871,0.09366943569177887,0.12308524808524808,0.8769147519147519
0.2,0.5,27,single_source,27861,3837,72139,9490,0.1377193926994724,0.13155158790668017,0.8684484120933198
0.2,0.5,27,redundant_fail_closed,27861,2037,72139,12884,0.07311295359104124,0.17859964790196703,0.821400352098033
0.2,0.5,27,correlation_aware,27861,868,72139,13571,0.03115466063673235,0.18812292934473723,0.8118770706552627
0.2,0.5,27,three_source_diverse,27861,2594,72139,8639,0.09310505724848354,0.11975491758965331,0.8802450824103467
0.2,0.5,28,single_source,27972,3807,72028,9770,0.1361003861003861,0.13564169489642916,0.8643583051035708
0.2,0.5,28,redundant_fail_closed,27972,2065,72028,13054,0.07382382382382383,0.18123507524851445,0.8187649247514855
0.2,0.5,28,correlation_aware,27972,862,72028,13728,0.030816530816530817,0.19059254734270006,0.8094074526573
0.2,0.5,28,three_source_diverse,27972,2600,72028,8757,0.09295009295009295,0.1215777197756428,0.8784222802243572
0.2,0.5,29,single_source,28011,4094,71989,9720,0.1461568669451287,0.13502062815152316,0.8649793718484768
0.2,0.5,29,redundant_fail_closed,28011,2187,71989,13021,0.0780764699582307,0.18087485588075955,0.8191251441192404
0.2,0.5,29,correlation_aware,28011,925,71989,13888,0.03302274106600978,0.19291836252760838,0.8070816374723916
0.2,0.5,29,three_source_diverse,28011,2773,71989,8875,0.09899682267680554,0.12328272374946173,0.8767172762505383
0.2,0.75,0,single_source,28045,3891,71955,9773,0.13874130861116063,0.13582099923563337,0.8641790007643666
0.2,0.75,0,redundant_fail_closed,28045,2914,71955,11436,0.1039044392939918,0.15893266624973942,0.8410673337502605
0.2,0.75,0,correlation_aware,28045,689,71955,14942,0.024567659119272597,0.20765756375512473,0.7923424362448752
0.2,0.75,0,three_source_diverse,28045,3201,71955,9323,0.11413799251203423,0.1295670905427003,0.8704329094572997
0.2,0.75,1,single_source,28192,3816,71808,9669,0.13535754824063564,0.13465073529411764,0.8653492647058824
0.2,0.75,1,redundant_fail_closed,28192,2906,71808,11390,0.1030788876276958,0.15861742424242425,0.8413825757575757
0.2,0.75,1,correlation_aware,28192,740,71808,14888,0.026248581157775255,0.2073306595365419,0.7926693404634582
0.2,0.75,1,three_source_diverse,28192,3177,71808,9200,0.11269154370034053,0.12811942959001782,0.8718805704099821
0.2,0.75,2,single_source,28230,3922,71770,9630,0.13893021608218206,0.1341786261669221,0.8658213738330779
0.2,0.75,2,redundant_fail_closed,28230,2934,71770,11355,0.10393198724760892,0.15821373833077887,0.8417862616692211
0.2,0.75,2,correlation_aware,28230,752,71770,14705,0.02663832801983705,0.20489062282290652,0.7951093771770935
0.2,0.75,2,three_source_diverse,28230,3200,71770,9151,0.11335458731845555,0.12750452835446566,0.8724954716455343
0.2,0.75,3,single_source,28063,3969,71937,9728,0.14143177849837865,0.13522943686837094,0.864770563131629
0.2,0.75,3,redundant_fail_closed,28063,3048,71937,11370,0.10861276413783273,0.1580549647608324,0.8419450352391676
0.2,0.75,3,correlation_aware,28063,757,71937,14830,0.02697502048961266,0.20615260575225544,0.7938473942477445
0.2,0.75,3,three_source_diverse,28063,3337,71937,9254,0.11891102162990415,0.12864033807359218,0.8713596619264078
0.2,0.75,4,single_source,28119,3829,71881,9704,0.1361712720936022,0.13500090427233902,0.864999095727661
0.2,0.75,4,redundant_fail_closed,28119,2866,71881,11387,0.1019239660016359,0.15841460191149262,0.8415853980885074
0.2,0.75,4,correlation_aware,28119,769,71881,14803,0.027348056474270067,0.20593759129672654,0.7940624087032735
0.2,0.75,4,three_source_diverse,28119,3178,71881,9224,0.11301966641772467,0.12832320084584242,0.8716767991541576
0.2,0.75,5,single_source,27927,3822,72073,9707,0.1368568052422387,0.1346828909577789,0.8653171090422211
0.2,0.75,5,redundant_fail_closed,27927,2914,72073,11418,0.10434346689583557,0.1584227103076048,0.8415772896923952
0.2,0.75,5,correlation_aware,27927,774,72073,14839,0.027715114405414115,0.20588847418589484,0.7941115258141052
0.2,0.75,5,three_source_diverse,27927,3220,72073,9285,0.11530060514913883,0.12882771634315207,0.871172283656848
0.2,0.75,6,single_source,28032,3856,71968,9559,0.1375570776255708,0.13282292129835482,0.8671770787016452
0.2,0.75,6,redundant_fail_closed,28032,2890,71968,11202,0.1030964611872146,0.15565251222765675,0.8443474877723433
0.2,0.75,6,correlation_aware,28032,731,71968,14643,0.0260773401826484,0.20346542907959092,0.796534570920409
0.2,0.75,6,three_source_diverse,28032,3161,71968,9038,0.11276398401826485,0.12558359270787017,0.8744164072921299
0.2,0.75,7,single_source,28233,3950,71767,9693,0.1399072007933978,0.13506207588445943,0.8649379241155406
0.2,0.75,7,redundant_fail_closed,28233,2950,71767,11383,0.10448765628874013,0.15861050343472627,0.8413894965652737
0.2,0.75,7,correlation_aware,28233,732,71767,14682,0.025927106577409414,0.20457870609054302,0.7954212939094569
0.2,0.75,7,three_source_diverse,28233,3234,71767,9199,0.1145468069280629,0.12817868936976604,0.8718213106302339
0.2,0.75,8,single_source,27970,3766,72030,9800,0.1346442617089739,0.1360544217687075,0.8639455782312925
0.2,0.75,8,redundant_fail_closed,27970,2875,72030,11487,0.10278870218090812,0.15947521865889214,0.8405247813411079
0.2,0.75,8,correlation_aware,27970,726,72030,14890,0.025956381837683232,0.2067194224628627,0.7932805775371373
0.2,0.75,8,three_source_diverse,27970,3129,72030,9314,0.11186986056489095,0.12930723309732056,0.8706927669026794
0.2,0.75,9,single_source,27967,3863,72033,9617,0.13812707834233204,0.1335082531617453,0.8664917468382547
0.2,0.75,9,redundant_fail_closed,27967,2974,72033,11304,0.1063396145457146,0.1569280746324601,0.8430719253675398
0.2,0.75,9,correlation_aware,27967,757,72033,14808,0.027067615403868844,0.2055724459622673,0.7944275540377327
0.2,0.75,9,three_source_diverse,27967,3262,72033,9142,0.1166374655844388,0.12691405328113503,0.873085946718865
0.2,0.75,10,single_source,27722,3854,72278,9709,0.13902315850227256,0.13432856470848667,0.8656714352915134
0.2,0.75,10,redundant_fail_closed,27722,2886,72278,11335,0.1041050429261958,0.1568250366639918,0.8431749633360082
0.2,0.75,10,correlation_aware,27722,727,72278,14945,0.02622465911550393,0.20677107833642325,0.7932289216635767
0.2,0.75,10,three_source_diverse,27722,3174,72278,9274,0.11449390375874756,0.12831013586430173,0.8716898641356983
0.2,0.75,11,single_source,28028,3894,71972,9680,0.1389324960753532,0.1344967487356194,0.8655032512643805
0.2,0.75,11,redundant_fail_closed,28028,2912,71972,11332,0.1038961038961039,0.15745011949091314,0.8425498805090869
0.2,0.75,11,correlation_aware,28028,762,71972,14703,0.027187098615670043,0.2042877785805591,0.7957122214194409
0.2,0.75,11,three_source_diverse,28028,3207,71972,9226,0.11442129299272157,0.12818874006558106,0.871811259934419
0.2,0.75,12,single_source,28118,3890,71882,9714,0.1383455437797852,0.13513814306780558,0.8648618569321944
0.2,0.75,12,redundant_fail_closed,28118,2986,71882,11377,0.1061953197240202,0.15827328121087336,0.8417267187891266
0.2,0.75,12,correlation_aware,28118,743,71882,14715,0.026424354506010383,0.20471049776021813,0.7952895022397819
0.2,0.75,12,three_source_diverse,28118,3251,71882,9221,0.11561988761647343,0.12827968058762973,0.8717203194123703
0.2,0.75,13,single_source,28203,3953,71797,9634,0.14016239407155268,0.1341838795492848,0.8658161204507152
0.2,0.75,13,redundant_fail_closed,28203,2934,71797,11301,0.10403148601212638,0.15740211986573255,0.8425978801342675
0.2,0.75,13,correlation_aware,28203,833,71797,14772,0.029535864978902954,0.2057467582210956,0.7942532417789044
0.2,0.75,13,three_source_diverse,28203,3294,71797,9147,0.11679608552281673,0.1274008663314623,0.8725991336685377
0.2,0.75,14,single_source,28034,3949,71966,9726,0.14086466433616324,0.13514715282216602,0.864852847177834
0.2,0.75,14,redundant_fail_closed,28034,2943,71966,11474,0.10497966754655062,0.15943640052246894,0.8405635994775311
0.2,0.75,14,correlation_aware,28034,747,71966,14942,0.026646215309980736,0.2076258233054498,0.7923741766945502
0.2,0.75,14,three_source_diverse,28034,3238,71966,9342,0.11550260398088036,0.1298112997804519,0.8701887002195481
0.2,0.75,15,single_source,28194,3956,71806,9567,0.14031354188834505,0.13323399158844665,0.8667660084115534
0.2,0.75,15,redundant_fail_closed,28194,3030,71806,11233,0.10746967439880825,0.15643539537086038,0.8435646046291396
0.2,0.75,15,correlation_aware,28194,735,71806,14609,0.026069376463077252,0.20345096510040944,0.7965490348995905
0.2,0.75,15,three_source_diverse,28194,3301,71806,9081,0.11708164857771157,0.12646575495083975,0.8735342450491602
0.2,0.75,16,single_source,27819,3789,72181,9628,0.13620187641539955,0.13338690237042988,0.8666130976295701
0.2,0.75,16,redundant_fail_closed,27819,2848,72181,11288,0.10237607390632301,0.15638464415843503,0.843615355841565
0.2,0.75,16,correlation_aware,27819,707,72181,14884,0.02541428520076207,0.20620384865823416,0.7937961513417658
0.2,0.75,16,three_source_diverse,27819,3127,72181,9179,0.11240519069700565,0.12716642883861404,0.8728335711613859
0.2,0.75,17,single_source,28057,3924,71943,9703,0.1398581459172399,0.13487066149590649,0.8651293385040935
0.2,0.75,17,redundant_fail_closed,28057,2939,71943,11337,0.1047510425205831,0.1575830866102331,0.8424169133897669
0.2,0.75,17,correlation_aware,28057,730,71943,15018,0.026018462415796414,0.2087485926358367,0.7912514073641633
0.2,0.75,17,three_source_diverse,28057,3229,71943,9331,0.11508714402822826,0.1296999013107599,0.8703000986892401
0.2,0.75,18,single_source,28089,3809,71911,9894,0.1356046851080494,0.13758673916368844,0.8624132608363115
0.2,0.75,18,redundant_fail_closed,28089,2909,71911,11587,0.10356367261205454,0.16112972980489773,0.8388702701951023
0.2,0.75,18,correlation_aware,28089,749,71911,15030,0.026665242621666845,0.20900835755308644,0.7909916424469136
0.2,0.75,18,three_source_diverse,28089,3189,71911,9413,0.1135319876108085,0.13089791547885582,0.8691020845211441
0.2,0.75,19,single_source,28419,4021,71581,9702,0.1414898483408987,0.13553876028555065,0.8644612397144493
0.2,0.75,19,redundant_fail_closed,28419,3074,71581,11416,0.10816707132552165,0.15948366186557886,0.8405163381344212
0.2,0.75,19,correlation_aware,28419,786,71581,14848,0.027657553045497732,0.20742934577611377,0.7925706542238862
0.2,0.75,19,three_source_diverse,28419,3361,71581,9261,0.11826594883704564,0.12937790754529832,0.8706220924547017
0.2,0.75,20,single_source,27967,4021,72033,9747,0.14377659384274324,0.13531298155012286,0.8646870184498772
0.2,0.75,20,redundant_fail_closed,27967,2978,72033,11410,0.10648264025458576,0.15839962239529104,0.841600377604709
0.2,0.75,20,correlation_aware,27967,775,72033,14835,0.027711231093789108,0.20594727416600725,0.7940527258339928
0.2,0.75,20,three_source_diverse,27967,3283,72033,9203,0.11738835055601245,0.12776088737106603,0.8722391126289339
0.2,0.75,21,single_source,27934,3882,72066,9697,0.13897043029999284,0.13455721144506425,0.8654427885549357
0.2,0.75,21,redundant_fail_closed,27934,2891,72066,11382,0.10349395002505907,0.15793855632337025,0.8420614436766297
0.2,0.75,21,correlation_aware,27934,739,72066,14831,0.026455215865969786,0.20579746343629451,0.7942025365637055
0.2,0.75,21,three_source_diverse,27934,3170,72066,9224,0.11348177847784062,0.12799378347625787,0.8720062165237421
0.2,0.75,22,single_source,28169,3885,71831,9614,0.1379175689587845,0.13384193454079715,0.8661580654592028
0.2,0.75,22,redundant_fail_closed,28169,2889,71831,11285,0.10255955127977565,0.15710487115590763,0.8428951288440923
0.2,0.75,22,correlation_aware,28169,759,71831,14630,0.026944513472256737,0.20367250908382176,0.7963274909161783
0.2,0.75,22,three_source_diverse,28169,3197,71831,9098,0.11349355674677837,0.12665840653756735,0.8733415934624327
0.2,0.75,23,single_source,27881,3847,72119,9716,0.13797926903626126,0.13472177928146536,0.8652782207185347
0.2,0.75,23,redundant_fail_closed,27881,2916,72119,11378,0.10458735339478498,0.1577670239465328,0.8422329760534673
0.2,0.75,23,correlation_aware,27881,748,72119,14790,0.026828306014848823,0.20507771877036565,0.7949222812296344
0.2,0.75,23,three_source_diverse,27881,3216,72119,9169,0.11534736917614145,0.12713709286041128,0.8728629071395887
0.2,0.75,24,single_source,28148,3785,71852,9717,0.13446781298848942,0.13523631910037298,0.8647636808996271
0.2,0.75,24,redundant_fail_closed,28148,2890,71852,11446,0.10267159300838426,0.15929967154706898,0.8407003284529311
0.2,0.75,24,correlation_aware,28148,654,71852,14755,0.02323433281227796,0.20535266937593943,0.7946473306240606
0.2,0.75,24,three_source_diverse,28148,3151,71852,9241,0.11194401023163279,0.128611590491566,0.871388409508434
0.2,0.75,25,single_source,27894,3853,72106,9722,0.13813006381300638,0.13482927911685574,0.8651707208831443
0.2,0.75,25,redundant_fail_closed,27894,2865,72106,11372,0.10271026027102603,0.1577122569550384,0.8422877430449616
0.2,0.75,25,correlation_aware,27894,684,72106,14806,0.024521402452140247,0.20533658780129255,0.7946634121987075
0.2,0.75,25,three_source_diverse,27894,3145,72106,9251,0.11274826127482612,0.12829722907941088,0.8717027709205891
0.2,0.75,26,single_source,27928,3910,72072,9848,0.14000286450873675,0.13664113664113664,0.8633588633588634
0.2,0.75,26,redundant_fail_closed,27928,2939,72072,11516,0.10523488971641363,0.15978465978465978,0.8402153402153403
0.2,0.75,26,correlation_aware,27928,773,72072,14879,0.02767831566886279,0.20644633144633145,0.7935536685536686
0.2,0.75,26,three_source_diverse,27928,3254,72072,9377,0.11651389286737325,0.13010600510600512,0.8698939948939949
0.2,0.75,27,single_source,27861,3826,72139,9515,0.13732457557158753,0.13189814108873146,0.8681018589112686
0.2,0.75,27,redundant_fail_closed,27861,2926,72139,11251,0.10502135601737195,0.15596279405037497,0.8440372059496251
0.2,0.75,27,correlation_aware,27861,745,72139,14594,0.026739887297656223,0.20230388555427717,0.7976961144457229
0.2,0.75,27,three_source_diverse,27861,3213,72139,9072,0.11532249380854959,0.12575721870278214,0.8742427812972179
0.2,0.75,28,single_source,27972,3848,72028,9805,0.13756613756613756,0.13612761703781862,0.8638723829621814
0.2,0.75,28,redundant_fail_closed,27972,2916,72028,11539,0.10424710424710425,0.16020158827122785,0.8397984117287721
0.2,0.75,28,correlation_aware,27972,728,72028,14736,0.026026026026026026,0.2045871050147165,0.7954128949852834
0.2,0.75,28,three_source_diverse,27972,3199,72028,9249,0.11436436436436437,0.12840839673460322,0.8715916032653968
0.2,0.75,29,single_source,28011,4100,71989,9812,0.1463710685088001,0.13629860117517953,0.8637013988248204
0.2,0.75,29,redundant_fail_closed,28011,3081,71989,11516,0.1099925029452715,0.1599688841350762,0.8400311158649238
0.2,0.75,29,correlation_aware,28011,805,71989,14959,0.028738709792581484,0.207795635444304,0.792204364555696
0.2,0.75,29,three_source_diverse,28011,3391,71989,9357,0.12105958373496127,0.1299781911125311,0.8700218088874689
0.2,1.0,0,single_source,28045,3853,71955,9835,0.13738634337671599,0.13668264887777082,0.8633173511222292
0.2,1.0,0,redundant_fail_closed,28045,3853,71955,9835,0.13738634337671599,0.13668264887777082,0.8633173511222292
0.2,1.0,0,correlation_aware,28045,532,71955,16010,0.018969513282224997,0.22250017371968592,0.7774998262803141
0.2,1.0,0,three_source_diverse,28045,3853,71955,9835,0.13738634337671599,0.13668264887777082,0.8633173511222292
0.2,1.0,1,single_source,28192,3882,71808,9695,0.13769863791146425,0.135012811942959,0.864987188057041
0.2,1.0,1,redundant_fail_closed,28192,3882,71808,9695,0.13769863791146425,0.135012811942959,0.864987188057041
0.2,1.0,1,correlation_aware,28192,619,71808,16028,0.021956583427922814,0.22320632798573975,0.7767936720142603
0.2,1.0,1,three_source_diverse,28192,3882,71808,9695,0.13769863791146425,0.135012811942959,0.864987188057041
0.2,1.0,2,single_source,28230,3949,71770,9611,0.13988664541268153,0.13391389159816078,0.8660861084018392
0.2,1.0,2,redundant_fail_closed,28230,3949,71770,9611,0.13988664541268153,0.13391389159816078,0.8660861084018392
0.2,1.0,2,correlation_aware,28230,665,71770,15790,0.02355650017711654,0.22000836003901353,0.7799916399609865
0.2,1.0,2,three_source_diverse,28230,3949,71770,9611,0.13988664541268153,0.13391389159816078,0.8660861084018392
0.2,1.0,3,single_source,28063,4025,71937,9671,0.14342728860064854,0.13443707688672032,0.8655629231132796
0.2,1.0,3,redundant_fail_closed,28063,4025,71937,9671,0.14342728860064854,0.13443707688672032,0.8655629231132796
0.2,1.0,3,correlation_aware,28063,617,71937,15843,0.021986245233937926,0.22023437174194085,0.7797656282580592
0.2,1.0,3,three_source_diverse,28063,4025,71937,9671,0.14342728860064854,0.13443707688672032,0.8655629231132796
0.2,1.0,4,single_source,28119,3862,71881,9678,0.13734485579145772,0.1346391953367371,0.8653608046632629
0.2,1.0,4,redundant_fail_closed,28119,3862,71881,9678,0.13734485579145772,0.1346391953367371,0.8653608046632629
0.2,1.0,4,correlation_aware,28119,652,71881,15901,0.023187168818236778,0.22121283788483745,0.7787871621151625
0.2,1.0,4,three_source_diverse,28119,3862,71881,9678,0.13734485579145772,0.1346391953367371,0.8653608046632629
0.2,1.0,5,single_source,27927,3829,72073,9700,0.13710745873169333,0.1345857672082472,0.8654142327917528
0.2,1.0,5,redundant_fail_closed,27927,3829,72073,9700,0.13710745873169333,0.1345857672082472,0.8654142327917528
0.2,1.0,5,correlation_aware,27927,603,72073,15894,0.02159200773445053,0.22052641072246196,0.7794735892775381
0.2,1.0,5,three_source_diverse,27927,3829,72073,9700,0.13710745873169333,0.1345857672082472,0.8654142327917528
0.2,1.0,6,single_source,28032,3875,71968,9602,0.13823487442922375,0.13342040907069808,0.8665795909293019
0.2,1.0,6,redundant_fail_closed,28032,3875,71968,9602,0.13823487442922375,0.13342040907069808,0.8665795909293019
0.2,1.0,6,correlation_aware,28032,602,71968,15699,0.021475456621004568,0.21813861716318364,0.7818613828368164
0.2,1.0,6,three_source_diverse,28032,3875,71968,9602,0.13823487442922375,0.13342040907069808,0.8665795909293019
0.2,1.0,7,single_source,28233,4002,71767,9680,0.14174901710763999,0.13488093413407276,0.8651190658659272
0.2,1.0,7,redundant_fail_closed,28233,4002,71767,9680,0.14174901710763999,0.13488093413407276,0.8651190658659272
0.2,1.0,7,correlation_aware,28233,638,71767,15761,0.022597669393971592,0.21961347137263645,0.7803865286273636
0.2,1.0,7,three_source_diverse,28233,4002,71767,9680,0.14174901710763999,0.13488093413407276,0.8651190658659272
0.2,1.0,8,single_source,27970,3799,72030,9677,0.1358240972470504,0.13434679994446758,0.8656532000555324
0.2,1.0,8,redundant_fail_closed,27970,3799,72030,9677,0.1358240972470504,0.13434679994446758,0.8656532000555324
0.2,1.0,8,correlation_aware,27970,609,72030,15957,0.021773328566321058,0.22153269471053727,0.7784673052894627
0.2,1.0,8,three_source_diverse,27970,3799,72030,9677,0.1358240972470504,0.13434679994446758,0.8656532000555324
0.2,1.0,9,single_source,27967,3894,72033,9547,0.1392355275860836,0.1325364763372343,0.8674635236627657
0.2,1.0,9,redundant_fail_closed,27967,3894,72033,9547,0.1392355275860836,0.1325364763372343,0.8674635236627657
0.2,1.0,9,correlation_aware,27967,602,72033,15800,0.021525369185111023,0.21934391181819443,0.7806560881818055
0.2,1.0,9,three_source_diverse,27967,3894,72033,9547,0.1392355275860836,0.1325364763372343,0.8674635236627657
0.2,1.0,10,single_source,27722,3816,72278,9727,0.13765240603131088,0.13457760314341846,0.8654223968565815
0.2,1.0,10,redundant_fail_closed,27722,3816,72278,9727,0.13765240603131088,0.13457760314341846,0.8654223968565815
0.2,1.0,10,correlation_aware,27722,569,72278,15995,0.020525214630979005,0.22129832037411107,0.778701679625889
0.2,1.0,10,three_source_diverse,27722,3816,72278,9727,0.13765240603131088,0.13457760314341846,0.8654223968565815
0.2,1.0,11,single_source,28028,3882,71972,9666,0.13850435279006706,0.13430222864447286,0.8656977713555272
0.2,1.0,11,redundant_fail_closed,28028,3882,71972,9666,0.13850435279006706,0.13430222864447286,0.8656977713555272
0.2,1.0,11,correlation_aware,28028,627,71972,15773,0.022370486656200943,0.21915467126104596,0.7808453287389541
0.2,1.0,11,three_source_diverse,28028,3882,71972,9666,0.13850435279006706,0.13430222864447286,0.8656977713555272
0.2,1.0,12,single_source,28118,3909,71882,9613,0.1390212675154705,0.13373306251912856,0.8662669374808715
0.2,1.0,12,redundant_fail_closed,28118,3909,71882,9613,0.1390212675154705,0.13373306251912856,0.8662669374808715
0.2,1.0,12,correlation_aware,28118,613,71882,15689,0.021800981577637102,0.21826048245736068,0.7817395175426394
0.2,1.0,12,three_source_diverse,28118,3909,71882,9613,0.1390212675154705,0.13373306251912856,0.8662669374808715
0.2,1.0,13,single_source,28203,3938,71797,9624,0.13963053575860723,0.13404459796370322,0.8659554020362967
0.2,1.0,13,redundant_fail_closed,28203,3938,71797,9624,0.13963053575860723,0.13404459796370322,0.8659554020362967
0.2,1.0,13,correlation_aware,28203,650,71797,15895,0.023047193560968692,0.22138808028190593,0.7786119197180941
0.2,1.0,13,three_source_diverse,28203,3938,71797,9624,0.13963053575860723,0.13404459796370322,0.8659554020362967
0.2,1.0,14,single_source,28034,3897,71966,9813,0.1390097738460441,0.13635605702692938,0.8636439429730707
0.2,1.0,14,redundant_fail_closed,28034,3897,71966,9813,0.1390097738460441,0.13635605702692938,0.8636439429730707
0.2,1.0,14,correlation_aware,28034,602,71966,16052,0.02147392452022544,0.22304977350415475,0.7769502264958452
0.2,1.0,14,three_source_diverse,28034,3897,71966,9813,0.1390097738460441,0.13635605702692938,0.8636439429730707
0.2,1.0,15,single_source,28194,3966,71806,9597,0.1406682272824005,0.13365178397348412,0.8663482160265159
0.2,1.0,15,redundant_fail_closed,28194,3966,71806,9597,0.1406682272824005,0.13365178397348412,0.8663482160265159
0.2,1.0,15,correlation_aware,28194,614,71806,15697,0.02177768319500603,0.21860290226443474,0.7813970977355653
0.2,1.0,15,three_source_diverse,28194,3966,71806,9597,0.1406682272824005,0.13365178397348412,0.8663482160265159
0.2,1.0,16,single_source,27819,3747,72181,9674,0.1346921168985226,0.13402418919106135,0.8659758108089386
0.2,1.0,16,redundant_fail_closed,27819,3747,72181,9674,0.1346921168985226,0.13402418919106135,0.8659758108089386
0.2,1.0,16,correlation_aware,27819,573,72181,15943,0.02059743340882131,0.220875299594076,0.779124700405924
0.2,1.0,16,three_source_diverse,27819,3747,72181,9674,0.1346921168985226,0.13402418919106135,0.8659758108089386
0.2,1.0,17,single_source,28057,3847,71943,9788,0.13711373275831343,0.13605215239842652,0.8639478476015735
0.2,1.0,17,redundant_fail_closed,28057,3847,71943,9788,0.13711373275831343,0.13605215239842652,0.8639478476015735
0.2,1.0,17,correlation_aware,28057,597,71943,16065,0.021278112414014328,0.22330178057628955,0.7766982194237104
0.2,1.0,17,three_source_diverse,28057,3847,71943,9788,0.13711373275831343,0.13605215239842652,0.8639478476015735
0.2,1.0,18,single_source,28089,3907,71911,9817,0.13909359535761331,0.13651597113098135,0.8634840288690186
0.2,1.0,18,redundant_fail_closed,28089,3907,71911,9817,0.13909359535761331,0.13651597113098135,0.8634840288690186
0.2,1.0,18,correlation_aware,28089,626,71911,16071,0.02228630424721421,0.22348458511215252,0.7765154148878475
0.2,1.0,18,three_source_diverse,28089,3907,71911,9817,0.13909359535761331,0.13651597113098135,0.8634840288690186
0.2,1.0,19,single_source,28419,3953,71581,9622,0.13909708293747142,0.13442114527598106,0.865578854724019
0.2,1.0,19,redundant_fail_closed,28419,3953,71581,9622,0.13909708293747142,0.13442114527598106,0.865578854724019
0.2,1.0,19,correlation_aware,28419,637,71581,15852,0.0224145817938703,0.22145541414621198,0.778544585853788
0.2,1.0,19,three_source_diverse,28419,3953,71581,9622,0.13909708293747142,0.13442114527598106,0.865578854724019
0.2,1.0,20,single_source,27967,3909,72033,9723,0.13977187399435048,0.13497980092457623,0.8650201990754238
0.2,1.0,20,redundant_fail_closed,27967,3909,72033,9723,0.13977187399435048,0.13497980092457623,0.8650201990754238
0.2,1.0,20,correlation_aware,27967,589,72033,15897,0.02106053563127972,0.2206905168464454,0.7793094831535546
0.2,1.0,20,three_source_diverse,27967,3909,72033,9723,0.13977187399435048,0.13497980092457623,0.8650201990754238
0.2,1.0,21,single_source,27934,3918,72066,9705,0.14025918235841628,0.1346682207976022,0.8653317792023978
0.2,1.0,21,redundant_fail_closed,27934,3918,72066,9705,0.14025918235841628,0.1346682207976022,0.8653317792023978
0.2,1.0,21,correlation_aware,27934,616,72066,15931,0.02205197966635641,0.2210612494102628,0.7789387505897372
0.2,1.0,21,three_source_diverse,27934,3918,72066,9705,0.14025918235841628,0.1346682207976022,0.8653317792023978
0.2,1.0,22,single_source,28169,3905,71831,9604,0.13862756931378464,0.13370271888181984,0.8662972811181802
0.2,1.0,22,redundant_fail_closed,28169,3905,71831,9604,0.13862756931378464,0.13370271888181984,0.8662972811181802
0.2,1.0,22,correlation_aware,28169,626,71831,15736,0.022223011111505556,0.21906976096671354,0.7809302390332864
0.2,1.0,22,three_source_diverse,28169,3905,71831,9604,0.13862756931378464,0.13370271888181984,0.8662972811181802
0.2,1.0,23,single_source,27881,3827,72119,9708,0.1372619346508375,0.134610851509311,0.865389148490689
0.2,1.0,23,redundant_fail_closed,27881,3827,72119,9708,0.1372619346508375,0.134610851509311,0.865389148490689
0.2,1.0,23,correlation_aware,27881,589,72119,15956,0.021125497650729887,0.22124544156186304,0.778754558438137
0.2,1.0,23,three_source_diverse,27881,3827,72119,9708,0.1372619346508375,0.134610851509311,0.865389148490689
0.2,1.0,24,single_source,28148,3794,71852,9676,0.13478755151342903,0.13466570172020265,0.8653342982797974
0.2,1.0,24,redundant_fail_closed,28148,3794,71852,9676,0.13478755151342903,0.13466570172020265,0.8653342982797974
0.2,1.0,24,correlation_aware,28148,533,71852,15830,0.018935625976978825,0.22031397873406447,0.7796860212659356
0.2,1.0,24,three_source_diverse,28148,3794,71852,9676,0.13478755151342903,0.13466570172020265,0.8653342982797974
0.2,1.0,25,single_source,27894,3876,72106,9778,0.13895461389546138,0.13560591351621223,0.8643940864837878
0.2,1.0,25,redundant_fail_closed,27894,3876,72106,9778,0.13895461389546138,0.13560591351621223,0.8643940864837878
0.2,1.0,25,correlation_aware,27894,567,72106,15952,0.020326952032695203,0.22122985604526668,0.7787701439547333
0.2,1.0,25,three_source_diverse,27894,3876,72106,9778,0.13895461389546138,0.13560591351621223,0.8643940864837878
0.2,1.0,26,single_source,27928,3850,72072,9799,0.13785448295617303,0.13596126096126096,0.8640387390387391
0.2,1.0,26,redundant_fail_closed,27928,3850,72072,9799,0.13785448295617303,0.13596126096126096,0.8640387390387391
0.2,1.0,26,correlation_aware,27928,590,72072,15897,0.021125751933543397,0.22057109557109558,0.7794289044289044
0.2,1.0,26,three_source_diverse,27928,3850,72072,9799,0.13785448295617303,0.13596126096126096,0.8640387390387391
0.2,1.0,27,single_source,27861,3924,72139,9559,0.1408420372563799,0.1325080746891418,0.8674919253108582
0.2,1.0,27,redundant_fail_closed,27861,3924,72139,9559,0.1408420372563799,0.1325080746891418,0.8674919253108582
0.2,1.0,27,correlation_aware,27861,599,72139,15711,0.02149958723663903,0.21778788172833002,0.7822121182716699
0.2,1.0,27,three_source_diverse,27861,3924,72139,9559,0.1408420372563799,0.1325080746891418,0.8674919253108582
0.2,1.0,28,single_source,27972,3909,72028,9832,0.13974688974688976,0.1365024712611762,0.8634975287388238
0.2,1.0,28,redundant_fail_closed,27972,3909,72028,9832,0.13974688974688976,0.1365024712611762,0.8634975287388238
0.2,1.0,28,correlation_aware,27972,614,72028,15849,0.02195052195052195,0.22003942911090132,0.7799605708890986
0.2,1.0,28,three_source_diverse,27972,3909,72028,9832,0.13974688974688976,0.1365024712611762,0.8634975287388238
0.2,1.0,29,single_source,28011,4031,71989,9760,0.14390775052657884,0.13557626859659114,0.8644237314034089
0.2,1.0,29,redundant_fail_closed,28011,4031,71989,9760,0.14390775052657884,0.13557626859659114,0.8644237314034089
0.2,1.0,29,correlation_aware,28011,636,71989,16033,0.022705365749169967,0.2227145813943797,0.7772854186056203
0.2,1.0,29,three_source_diverse,28011,4031,71989,9760,0.14390775052657884,0.13557626859659114,0.8644237314034089
