hidden_fraction,seed,protocol,threshold,fpr,tpr,known_tpr,hidden_tpr,known_attack_mean_pairwise_corr
0.0,0,single_m1,1.3021232040472863,0.1,0.5921,0.5921,nan,-0.22844807762454766
0.0,0,algorithm_diverse,0.7857499466979281,0.1,0.9439333333333333,0.9439333333333333,nan,-0.22844807762454766
0.0,0,evidence_diverse,1.3717411459038593,0.1,0.7742333333333333,0.7742333333333333,nan,-0.22844807762454766
0.0,0,max_pool,1.979925055200246,0.1,0.9213,0.9213,nan,-0.22844807762454766
0.0,0,weighted_max,1.6610079684770007,0.1,0.9232,0.9232,nan,-0.22844807762454766
0.0,0,hybrid_evidence,1.5526724421721867,0.1,0.9509666666666666,0.9509666666666666,nan,-0.22844807762454766
0.0,0,adaptive_evidence,1.6987908999807149,0.1,0.9015,0.9015,nan,-0.22844807762454766
0.0,0,conservative_max,1.8809288024402337,0.1,0.9213,0.9213,nan,-0.22844807762454766
0.0,1,single_m1,1.294221057398263,0.1,0.5938333333333333,0.5938333333333333,nan,-0.2322055925664919
0.0,1,algorithm_diverse,0.7741525069297664,0.1,0.9485333333333333,0.9485333333333333,nan,-0.2322055925664919
0.0,1,evidence_diverse,1.3845407055904815,0.1,0.7671333333333333,0.7671333333333333,nan,-0.2322055925664919
0.0,1,max_pool,1.9717841258125217,0.1,0.9249666666666667,0.9249666666666667,nan,-0.2322055925664919
0.0,1,weighted_max,1.6615547712634424,0.1,0.9244666666666667,0.9244666666666667,nan,-0.2322055925664919
0.0,1,hybrid_evidence,1.5478841179256027,0.1,0.9529333333333333,0.9529333333333333,nan,-0.2322055925664919
0.0,1,adaptive_evidence,1.6976135541562054,0.1,0.9039333333333334,0.9039333333333334,nan,-0.2322055925664919
0.0,1,conservative_max,1.8731949195218955,0.1,0.9249666666666667,0.9249666666666667,nan,-0.2322055925664919
0.0,2,single_m1,1.299665663234799,0.1,0.5910666666666666,0.5910666666666666,nan,-0.23207224540933188
0.0,2,algorithm_diverse,0.782036671740407,0.1,0.9481333333333334,0.9481333333333334,nan,-0.23207224540933188
0.0,2,evidence_diverse,1.3830579487444645,0.1,0.7712333333333333,0.7712333333333333,nan,-0.23207224540933188
0.0,2,max_pool,1.977096947975315,0.1,0.9226666666666666,0.9226666666666666,nan,-0.23207224540933188
0.0,2,weighted_max,1.66508400423397,0.1,0.9237,0.9237,nan,-0.23207224540933188
0.0,2,hybrid_evidence,1.5545411378168725,0.1,0.9511333333333334,0.9511333333333334,nan,-0.23207224540933188
0.0,2,adaptive_evidence,1.6920173844122588,0.1,0.9059,0.9059,nan,-0.23207224540933188
0.0,2,conservative_max,1.8782421005765493,0.1,0.9226666666666666,0.9226666666666666,nan,-0.23207224540933188
0.0,3,single_m1,1.3245485913656934,0.1,0.5865,0.5865,nan,-0.22992689865839258
0.0,3,algorithm_diverse,0.7863697632338225,0.1,0.9475,0.9475,nan,-0.22992689865839258
0.0,3,evidence_diverse,1.3694058984819084,0.1,0.7771333333333333,0.7771333333333333,nan,-0.22992689865839258
0.0,3,max_pool,1.9700215740607698,0.1,0.9255,0.9255,nan,-0.22992689865839258
0.0,3,weighted_max,1.6535425627923863,0.1,0.9270333333333334,0.9270333333333334,nan,-0.22992689865839258
0.0,3,hybrid_evidence,1.5473696226478515,0.1,0.9537666666666667,0.9537666666666667,nan,-0.22992689865839258
0.0,3,adaptive_evidence,1.6881591582176934,0.1,0.9061666666666667,0.9061666666666667,nan,-0.22992689865839258
0.0,3,conservative_max,1.8715204953577314,0.1,0.9255,0.9255,nan,-0.22992689865839258
0.0,4,single_m1,1.3026666836731977,0.1,0.5941,0.5941,nan,-0.22838875642709647
0.0,4,algorithm_diverse,0.7898840750292919,0.1,0.9452,0.9452,nan,-0.22838875642709647
0.0,4,evidence_diverse,1.3710971412172803,0.1,0.7759666666666667,0.7759666666666667,nan,-0.22838875642709647
0.0,4,max_pool,1.9755622207992378,0.1,0.9236,0.9236,nan,-0.22838875642709647
0.0,4,weighted_max,1.6635957052924484,0.1,0.9238333333333333,0.9238333333333333,nan,-0.22838875642709647
0.0,4,hybrid_evidence,1.5541988498040697,0.1,0.9507,0.9507,nan,-0.22838875642709647
0.0,4,adaptive_evidence,1.693389658261049,0.1,0.9051,0.9051,nan,-0.22838875642709647
0.0,4,conservative_max,1.876784109759276,0.1,0.9236,0.9236,nan,-0.22838875642709647
0.0,5,single_m1,1.3149341784221407,0.1,0.5868333333333333,0.5868333333333333,nan,-0.22754111860800916
0.0,5,algorithm_diverse,0.784814974550917,0.1,0.9456333333333333,0.9456333333333333,nan,-0.22754111860800916
0.0,5,evidence_diverse,1.369455342806617,0.1,0.7739333333333334,0.7739333333333334,nan,-0.22754111860800916
0.0,5,max_pool,1.9786087977032498,0.1,0.9209,0.9209,nan,-0.22754111860800916
0.0,5,weighted_max,1.6551715491574204,0.1,0.9238,0.9238,nan,-0.22754111860800916
0.0,5,hybrid_evidence,1.5588221224336154,0.1,0.9503666666666667,0.9503666666666667,nan,-0.22754111860800916
0.0,5,adaptive_evidence,1.6963605997793867,0.1,0.9021666666666667,0.9021666666666667,nan,-0.22754111860800916
0.0,5,conservative_max,1.8796783578180871,0.1,0.9209,0.9209,nan,-0.22754111860800916
0.0,6,single_m1,1.2924349100549235,0.1,0.6008333333333333,0.6008333333333333,nan,-0.2290640237915511
0.0,6,algorithm_diverse,0.7801179906099901,0.1,0.9449333333333333,0.9449333333333333,nan,-0.2290640237915511
0.0,6,evidence_diverse,1.3664725417746184,0.1,0.7781333333333333,0.7781333333333333,nan,-0.2290640237915511
0.0,6,max_pool,1.977187860783157,0.1,0.9208,0.9208,nan,-0.2290640237915511
0.0,6,weighted_max,1.659817261999452,0.1,0.9219666666666667,0.9219666666666667,nan,-0.2290640237915511
0.0,6,hybrid_evidence,1.5513315076881522,0.1,0.9487,0.9487,nan,-0.2290640237915511
0.0,6,adaptive_evidence,1.6954244795526476,0.1,0.9017666666666667,0.9017666666666667,nan,-0.2290640237915511
0.0,6,conservative_max,1.878328467743999,0.1,0.9208,0.9208,nan,-0.2290640237915511
0.0,7,single_m1,1.3085157213836098,0.1,0.5852,0.5852,nan,-0.23355318276523315
0.0,7,algorithm_diverse,0.7871671952754294,0.1,0.9472,0.9472,nan,-0.23355318276523315
0.0,7,evidence_diverse,1.373104412042777,0.1,0.7747,0.7747,nan,-0.23355318276523315
0.0,7,max_pool,1.980290411557239,0.1,0.9238333333333333,0.9238333333333333,nan,-0.23355318276523315
0.0,7,weighted_max,1.6611561079578936,0.1,0.9253,0.9253,nan,-0.23355318276523315
0.0,7,hybrid_evidence,1.5590886340810128,0.1,0.9515333333333333,0.9515333333333333,nan,-0.23355318276523315
0.0,7,adaptive_evidence,1.6916870691337818,0.1,0.9062333333333333,0.9062333333333333,nan,-0.23355318276523315
0.0,7,conservative_max,1.881275890979377,0.1,0.9238333333333333,0.9238333333333333,nan,-0.23355318276523315
0.0,8,single_m1,1.3027455652096505,0.1,0.5924,0.5924,nan,-0.2287579401188858
0.0,8,algorithm_diverse,0.7880289916639641,0.1,0.9456666666666667,0.9456666666666667,nan,-0.2287579401188858
0.0,8,evidence_diverse,1.3682528024530531,0.1,0.7729333333333334,0.7729333333333334,nan,-0.2287579401188858
0.0,8,max_pool,1.9822023956856227,0.1,0.9222333333333333,0.9222333333333333,nan,-0.2287579401188858
0.0,8,weighted_max,1.6657828786830733,0.1,0.9218,0.9218,nan,-0.2287579401188858
0.0,8,hybrid_evidence,1.5555089067680672,0.1,0.951,0.951,nan,-0.2287579401188858
0.0,8,adaptive_evidence,1.6957332394866556,0.1,0.9024666666666666,0.9024666666666666,nan,-0.2287579401188858
0.0,8,conservative_max,1.8830922759013415,0.1,0.9222333333333333,0.9222333333333333,nan,-0.2287579401188858
0.0,9,single_m1,1.3048497839704376,0.1,0.5903333333333334,0.5903333333333334,nan,-0.22830019309967411
0.0,9,algorithm_diverse,0.8026002212825297,0.1,0.9440666666666667,0.9440666666666667,nan,-0.22830019309967411
0.0,9,evidence_diverse,1.3795195307319732,0.1,0.7728,0.7728,nan,-0.22830019309967411
0.0,9,max_pool,1.989566867976118,0.1,0.9216,0.9216,nan,-0.22830019309967411
0.0,9,weighted_max,1.679987228257809,0.1,0.9216333333333333,0.9216333333333333,nan,-0.22830019309967411
0.0,9,hybrid_evidence,1.5593238980966813,0.1,0.9496333333333333,0.9496333333333333,nan,-0.22830019309967411
0.0,9,adaptive_evidence,1.7084619385124888,0.1,0.9016666666666666,0.9016666666666666,nan,-0.22830019309967411
0.0,9,conservative_max,1.890088524577312,0.1,0.9216,0.9216,nan,-0.22830019309967411
0.0,10,single_m1,1.3072282379596332,0.1,0.5881,0.5881,nan,-0.2278448426329324
0.0,10,algorithm_diverse,0.780283969354477,0.1,0.9477333333333333,0.9477333333333333,nan,-0.2278448426329324
0.0,10,evidence_diverse,1.3783526147403689,0.1,0.7727333333333334,0.7727333333333334,nan,-0.2278448426329324
0.0,10,max_pool,1.9770813976815953,0.1,0.9193666666666667,0.9193666666666667,nan,-0.2278448426329324
0.0,10,weighted_max,1.6788135416065635,0.1,0.919,0.919,nan,-0.2278448426329324
0.0,10,hybrid_evidence,1.5527227786357316,0.1,0.9503,0.9503,nan,-0.2278448426329324
0.0,10,adaptive_evidence,1.7030474564704476,0.1,0.8976333333333333,0.8976333333333333,nan,-0.2278448426329324
0.0,10,conservative_max,1.8782273277975154,0.1,0.9193666666666667,0.9193666666666667,nan,-0.2278448426329324
0.0,11,single_m1,1.3017278263073588,0.1,0.5886666666666667,0.5886666666666667,nan,-0.22950867984508586
0.0,11,algorithm_diverse,0.7826304063011971,0.1,0.9468333333333333,0.9468333333333333,nan,-0.22950867984508586
0.0,11,evidence_diverse,1.361101866365965,0.1,0.7782,0.7782,nan,-0.22950867984508586
0.0,11,max_pool,1.978332251174702,0.1,0.9227,0.9227,nan,-0.22950867984508586
0.0,11,weighted_max,1.6642484683286256,0.1,0.9233666666666667,0.9233666666666667,nan,-0.22950867984508586
0.0,11,hybrid_evidence,1.5585062635673579,0.1,0.9504,0.9504,nan,-0.22950867984508586
0.0,11,adaptive_evidence,1.6930759415337535,0.1,0.9025333333333333,0.9025333333333333,nan,-0.22950867984508586
0.0,11,conservative_max,1.8794156386159668,0.1,0.9227,0.9227,nan,-0.22950867984508586
0.0,12,single_m1,1.3114866752280423,0.1,0.5895333333333334,0.5895333333333334,nan,-0.22916720796931797
0.0,12,algorithm_diverse,0.7818012908063753,0.1,0.945,0.945,nan,-0.22916720796931797
0.0,12,evidence_diverse,1.3601536761216044,0.1,0.7784333333333333,0.7784333333333333,nan,-0.22916720796931797
0.0,12,max_pool,1.9725146393797182,0.1,0.9223666666666667,0.9223666666666667,nan,-0.22916720796931797
0.0,12,weighted_max,1.6657693344268103,0.1,0.9205,0.9205,nan,-0.22916720796931797
0.0,12,hybrid_evidence,1.5484694023744985,0.1,0.9513666666666667,0.9513666666666667,nan,-0.22916720796931797
0.0,12,adaptive_evidence,1.6962995391885864,0.1,0.9016,0.9016,nan,-0.22916720796931797
0.0,12,conservative_max,1.873888907410732,0.1,0.9223666666666667,0.9223666666666667,nan,-0.22916720796931797
0.0,13,single_m1,1.3205799022492806,0.1,0.5872666666666667,0.5872666666666667,nan,-0.228106049424896
0.0,13,algorithm_diverse,0.779125851662201,0.1,0.9477333333333333,0.9477333333333333,nan,-0.228106049424896
0.0,13,evidence_diverse,1.3665692042382556,0.1,0.7796,0.7796,nan,-0.228106049424896
0.0,13,max_pool,1.9737346193887229,0.1,0.9244,0.9244,nan,-0.228106049424896
0.0,13,weighted_max,1.657286542543235,0.1,0.9254333333333333,0.9254333333333333,nan,-0.228106049424896
0.0,13,hybrid_evidence,1.5487779723804767,0.1,0.9524666666666667,0.9524666666666667,nan,-0.228106049424896
0.0,13,adaptive_evidence,1.6893349384847443,0.1,0.9050666666666667,0.9050666666666667,nan,-0.228106049424896
0.0,13,conservative_max,1.8750478884192867,0.1,0.9244,0.9244,nan,-0.228106049424896
0.0,14,single_m1,1.3059891640272423,0.1,0.5873333333333334,0.5873333333333334,nan,-0.22830334700127874
0.0,14,algorithm_diverse,0.7869814057703232,0.1,0.9441,0.9441,nan,-0.22830334700127874
0.0,14,evidence_diverse,1.3553588824742338,0.1,0.7828666666666667,0.7828666666666667,nan,-0.22830334700127874
0.0,14,max_pool,1.9661108512332688,0.1,0.9242666666666667,0.9242666666666667,nan,-0.22830334700127874
0.0,14,weighted_max,1.653953395788621,0.1,0.9236666666666666,0.9236666666666666,nan,-0.22830334700127874
0.0,14,hybrid_evidence,1.5469399561104478,0.1,0.9509,0.9509,nan,-0.22830334700127874
0.0,14,adaptive_evidence,1.6862107804303585,0.1,0.9058333333333334,0.9058333333333334,nan,-0.22830334700127874
0.0,14,conservative_max,1.8678053086716053,0.1,0.9242666666666667,0.9242666666666667,nan,-0.22830334700127874
0.0,15,single_m1,1.3077771251170571,0.1,0.5893666666666667,0.5893666666666667,nan,-0.23160585016010446
0.0,15,algorithm_diverse,0.7864053640094792,0.1,0.9442333333333334,0.9442333333333334,nan,-0.23160585016010446
0.0,15,evidence_diverse,1.3767291233008825,0.1,0.7732,0.7732,nan,-0.23160585016010446
0.0,15,max_pool,1.9784455226265965,0.1,0.9217,0.9217,nan,-0.23160585016010446
0.0,15,weighted_max,1.659935758299982,0.1,0.9234333333333333,0.9234333333333333,nan,-0.23160585016010446
0.0,15,hybrid_evidence,1.5539424646146416,0.1,0.9497,0.9497,nan,-0.23160585016010446
0.0,15,adaptive_evidence,1.6936182269069544,0.1,0.9031666666666667,0.9031666666666667,nan,-0.23160585016010446
0.0,15,conservative_max,1.8795232464952667,0.1,0.9217,0.9217,nan,-0.23160585016010446
0.0,16,single_m1,1.305356614889506,0.1,0.5882333333333334,0.5882333333333334,nan,-0.2321867296333556
0.0,16,algorithm_diverse,0.7864923958247264,0.1,0.9479,0.9479,nan,-0.2321867296333556
0.0,16,evidence_diverse,1.3669515643157508,0.1,0.7794666666666666,0.7794666666666666,nan,-0.2321867296333556
0.0,16,max_pool,1.96090001628922,0.1,0.9272333333333334,0.9272333333333334,nan,-0.2321867296333556
0.0,16,weighted_max,1.6629906257987697,0.1,0.9254,0.9254,nan,-0.2321867296333556
0.0,16,hybrid_evidence,1.541378412133244,0.1,0.9537666666666667,0.9537666666666667,nan,-0.2321867296333556
0.0,16,adaptive_evidence,1.6901920917819773,0.1,0.9072666666666667,0.9072666666666667,nan,-0.2321867296333556
0.0,16,conservative_max,1.862855015474759,0.1,0.9272333333333334,0.9272333333333334,nan,-0.2321867296333556
0.0,17,single_m1,1.3056614407429241,0.1,0.59,0.59,nan,-0.22662938166206636
0.0,17,algorithm_diverse,0.7979324272329246,0.1,0.9433666666666667,0.9433666666666667,nan,-0.22662938166206636
0.0,17,evidence_diverse,1.384195934089039,0.1,0.7687333333333334,0.7687333333333334,nan,-0.22662938166206636
0.0,17,max_pool,1.9858036939661807,0.1,0.9213333333333333,0.9213333333333333,nan,-0.22662938166206636
0.0,17,weighted_max,1.6724911777050953,0.1,0.9219666666666667,0.9219666666666667,nan,-0.22662938166206636
0.0,17,hybrid_evidence,1.5685319720400346,0.1,0.9486333333333333,0.9486333333333333,nan,-0.22662938166206636
0.0,17,adaptive_evidence,1.701531941480038,0.1,0.9017666666666667,0.9017666666666667,nan,-0.22662938166206636
0.0,17,conservative_max,1.8865135092678718,0.1,0.9213333333333333,0.9213333333333333,nan,-0.22662938166206636
0.0,18,single_m1,1.3054812013471886,0.1,0.5909333333333333,0.5909333333333333,nan,-0.22870347331232635
0.0,18,algorithm_diverse,0.7872465155184837,0.1,0.9448,0.9448,nan,-0.22870347331232635
0.0,18,evidence_diverse,1.390826475479833,0.1,0.7631333333333333,0.7631333333333333,nan,-0.22870347331232635
0.0,18,max_pool,1.985317490728379,0.1,0.9202666666666667,0.9202666666666667,nan,-0.22870347331232635
0.0,18,weighted_max,1.6760556388970502,0.1,0.9193333333333333,0.9193333333333333,nan,-0.22870347331232635
0.0,18,hybrid_evidence,1.56288942875609,0.1,0.9511333333333334,0.9511333333333334,nan,-0.22870347331232635
0.0,18,adaptive_evidence,1.7057343849552744,0.1,0.9002,0.9002,nan,-0.22870347331232635
0.0,18,conservative_max,1.88605161619196,0.1,0.9202666666666667,0.9202666666666667,nan,-0.22870347331232635
0.0,19,single_m1,1.323781642456137,0.1,0.5857666666666667,0.5857666666666667,nan,-0.2309973217350211
0.0,19,algorithm_diverse,0.7797706726467207,0.1,0.9475,0.9475,nan,-0.2309973217350211
0.0,19,evidence_diverse,1.3614269603726432,0.1,0.7811,0.7811,nan,-0.2309973217350211
0.0,19,max_pool,1.9707876348642752,0.1,0.925,0.925,nan,-0.2309973217350211
0.0,19,weighted_max,1.65757639600748,0.1,0.9257333333333333,0.9257333333333333,nan,-0.2309973217350211
0.0,19,hybrid_evidence,1.551877418376557,0.1,0.9522333333333334,0.9522333333333334,nan,-0.2309973217350211
0.0,19,adaptive_evidence,1.6901167522671716,0.1,0.9065666666666666,0.9065666666666666,nan,-0.2309973217350211
0.0,19,conservative_max,1.8722482531210614,0.1,0.925,0.925,nan,-0.2309973217350211
0.0,20,single_m1,1.296951928397449,0.1,0.5923,0.5923,nan,-0.23130087173485184
0.0,20,algorithm_diverse,0.7729140348852617,0.1,0.9475,0.9475,nan,-0.23130087173485184
0.0,20,evidence_diverse,1.368187652445996,0.1,0.7766666666666666,0.7766666666666666,nan,-0.23130087173485184
0.0,20,max_pool,1.9650392982060079,0.1,0.9245666666666666,0.9245666666666666,nan,-0.23130087173485184
0.0,20,weighted_max,1.6485167213293166,0.1,0.9263666666666667,0.9263666666666667,nan,-0.23130087173485184
0.0,20,hybrid_evidence,1.5342527605706775,0.1,0.9544,0.9544,nan,-0.23130087173485184
0.0,20,adaptive_evidence,1.6810580012864136,0.1,0.9058333333333334,0.9058333333333334,nan,-0.23130087173485184
0.0,20,conservative_max,1.8667873332957075,0.1,0.9245666666666666,0.9245666666666666,nan,-0.23130087173485184
0.0,21,single_m1,1.3104905013214587,0.1,0.5837333333333333,0.5837333333333333,nan,-0.22749555840883565
0.0,21,algorithm_diverse,0.7819583499009373,0.1,0.9452333333333334,0.9452333333333334,nan,-0.22749555840883565
0.0,21,evidence_diverse,1.3701215696212157,0.1,0.7722,0.7722,nan,-0.22749555840883565
0.0,21,max_pool,1.9771267457624937,0.1,0.9213,0.9213,nan,-0.22749555840883565
0.0,21,weighted_max,1.6628563675879988,0.1,0.9213,0.9213,nan,-0.22749555840883565
0.0,21,hybrid_evidence,1.551723308845839,0.1,0.9505,0.9505,nan,-0.22749555840883565
0.0,21,adaptive_evidence,1.6942509550188214,0.1,0.9012333333333333,0.9012333333333333,nan,-0.22749555840883565
0.0,21,conservative_max,1.8782704084743689,0.1,0.9213,0.9213,nan,-0.22749555840883565
0.0,22,single_m1,1.318654973554941,0.1,0.5869666666666666,0.5869666666666666,nan,-0.2287478504179695
0.0,22,algorithm_diverse,0.7955865610104074,0.1,0.9420333333333333,0.9420333333333333,nan,-0.2287478504179695
0.0,22,evidence_diverse,1.3815815819382862,0.1,0.7683333333333333,0.7683333333333333,nan,-0.2287478504179695
0.0,22,max_pool,1.979856263217846,0.1,0.9217,0.9217,nan,-0.2287478504179695
0.0,22,weighted_max,1.669663717587655,0.1,0.9197666666666666,0.9197666666666666,nan,-0.2287478504179695
0.0,22,hybrid_evidence,1.5619199000712076,0.1,0.9493,0.9493,nan,-0.2287478504179695
0.0,22,adaptive_evidence,1.7021862708931748,0.1,0.9008,0.9008,nan,-0.2287478504179695
0.0,22,conservative_max,1.8808634500569539,0.1,0.9217,0.9217,nan,-0.2287478504179695
0.0,23,single_m1,1.3015418405261394,0.1,0.5925,0.5925,nan,-0.22707329153152134
0.0,23,algorithm_diverse,0.7771297204103121,0.1,0.9459,0.9459,nan,-0.22707329153152134
0.0,23,evidence_diverse,1.355341734083966,0.1,0.7803666666666667,0.7803666666666667,nan,-0.22707329153152134
0.0,23,max_pool,1.9762942415393778,0.1,0.9248,0.9248,nan,-0.22707329153152134
0.0,23,weighted_max,1.6559584035404946,0.1,0.9233333333333333,0.9233333333333333,nan,-0.22707329153152134
0.0,23,hybrid_evidence,1.5493981415383304,0.1,0.9506333333333333,0.9506333333333333,nan,-0.22707329153152134
0.0,23,adaptive_evidence,1.6902484896106995,0.1,0.9039333333333334,0.9039333333333334,nan,-0.22707329153152134
0.0,23,conservative_max,1.877479529462409,0.1,0.9248,0.9248,nan,-0.22707329153152134
0.0,24,single_m1,1.2967726397385606,0.1,0.5977,0.5977,nan,-0.22771551799396061
0.0,24,algorithm_diverse,0.7848775979724081,0.1,0.946,0.946,nan,-0.22771551799396061
0.0,24,evidence_diverse,1.3769505373330595,0.1,0.7710333333333333,0.7710333333333333,nan,-0.22771551799396061
0.0,24,max_pool,1.9753602456248347,0.1,0.9237666666666666,0.9237666666666666,nan,-0.22771551799396061
0.0,24,weighted_max,1.6690219894468452,0.1,0.9214333333333333,0.9214333333333333,nan,-0.22771551799396061
0.0,24,hybrid_evidence,1.5479536639546112,0.1,0.9517666666666666,0.9517666666666666,nan,-0.22771551799396061
0.0,24,adaptive_evidence,1.6982360592864598,0.1,0.9034,0.9034,nan,-0.22771551799396061
0.0,24,conservative_max,1.876592233343593,0.1,0.9237666666666666,0.9237666666666666,nan,-0.22771551799396061
0.0,25,single_m1,1.295979104271805,0.1,0.5926333333333333,0.5926333333333333,nan,-0.2311403209895705
0.0,25,algorithm_diverse,0.7843395611204151,0.1,0.9457,0.9457,nan,-0.2311403209895705
0.0,25,evidence_diverse,1.3707693607578553,0.1,0.7732333333333333,0.7732333333333333,nan,-0.2311403209895705
0.0,25,max_pool,1.9777903938231418,0.1,0.9215666666666666,0.9215666666666666,nan,-0.2311403209895705
0.0,25,weighted_max,1.6635437335618677,0.1,0.9226,0.9226,nan,-0.2311403209895705
0.0,25,hybrid_evidence,1.556166254308088,0.1,0.9508,0.9508,nan,-0.2311403209895705
0.0,25,adaptive_evidence,1.6951784876451461,0.1,0.9029333333333334,0.9029333333333334,nan,-0.2311403209895705
0.0,25,conservative_max,1.8789008741319846,0.1,0.9215666666666666,0.9215666666666666,nan,-0.2311403209895705
0.0,26,single_m1,1.3175336137700986,0.1,0.5847,0.5847,nan,-0.23032692239199815
0.0,26,algorithm_diverse,0.7709480506922567,0.1,0.9482666666666667,0.9482666666666667,nan,-0.23032692239199815
0.0,26,evidence_diverse,1.3835715103278765,0.1,0.7707,0.7707,nan,-0.23032692239199815
0.0,26,max_pool,1.976648563066128,0.1,0.9235,0.9235,nan,-0.23032692239199815
0.0,26,weighted_max,1.663119047606722,0.1,0.9236,0.9236,nan,-0.23032692239199815
0.0,26,hybrid_evidence,1.5509398778346797,0.1,0.9521333333333334,0.9521333333333334,nan,-0.23032692239199815
0.0,26,adaptive_evidence,1.6999127407881718,0.1,0.9035,0.9035,nan,-0.23032692239199815
0.0,26,conservative_max,1.8778161349128215,0.1,0.9235,0.9235,nan,-0.23032692239199815
0.0,27,single_m1,1.3022153320223784,0.1,0.5928,0.5928,nan,-0.23015541200061373
0.0,27,algorithm_diverse,0.7863366668326928,0.1,0.9452666666666667,0.9452666666666667,nan,-0.23015541200061373
0.0,27,evidence_diverse,1.3722874642959848,0.1,0.7746,0.7746,nan,-0.23015541200061373
0.0,27,max_pool,1.9697766971169173,0.1,0.9246666666666666,0.9246666666666666,nan,-0.23015541200061373
0.0,27,weighted_max,1.6651312106358278,0.1,0.9227,0.9227,nan,-0.23015541200061373
0.0,27,hybrid_evidence,1.550647648203376,0.1,0.9535333333333333,0.9535333333333333,nan,-0.23015541200061373
0.0,27,adaptive_evidence,1.6968471433389825,0.1,0.9031333333333333,0.9031333333333333,nan,-0.23015541200061373
0.0,27,conservative_max,1.8712878622610714,0.1,0.9246666666666666,0.9246666666666666,nan,-0.23015541200061373
0.0,28,single_m1,1.2903418263987405,0.1,0.5924,0.5924,nan,-0.23074268223837577
0.0,28,algorithm_diverse,0.7721434528474738,0.1,0.9490666666666666,0.9490666666666666,nan,-0.23074268223837577
0.0,28,evidence_diverse,1.3651131537409043,0.1,0.7781333333333333,0.7781333333333333,nan,-0.23074268223837577
0.0,28,max_pool,1.9763509467560159,0.1,0.9231333333333334,0.9231333333333334,nan,-0.23074268223837577
0.0,28,weighted_max,1.6604105721535785,0.1,0.9230666666666667,0.9230666666666667,nan,-0.23074268223837577
0.0,28,hybrid_evidence,1.548726217988187,0.1,0.9518,0.9518,nan,-0.23074268223837577
0.0,28,adaptive_evidence,1.6902618398192872,0.1,0.9040333333333334,0.9040333333333334,nan,-0.23074268223837577
0.0,28,conservative_max,1.8775333994182148,0.1,0.9231333333333334,0.9231333333333334,nan,-0.23074268223837577
0.0,29,single_m1,1.3066016143633858,0.1,0.5908,0.5908,nan,-0.23010823396388883
0.0,29,algorithm_diverse,0.7942813704646924,0.1,0.9442666666666667,0.9442666666666667,nan,-0.23010823396388883
0.0,29,evidence_diverse,1.3741228301076152,0.1,0.7746,0.7746,nan,-0.23010823396388883
0.0,29,max_pool,1.9812735570372078,0.1,0.9243666666666667,0.9243666666666667,nan,-0.23010823396388883
0.0,29,weighted_max,1.6689233828019456,0.1,0.9225666666666666,0.9225666666666666,nan,-0.23010823396388883
0.0,29,hybrid_evidence,1.5620609166460002,0.1,0.9519666666666666,0.9519666666666666,nan,-0.23010823396388883
0.0,29,adaptive_evidence,1.7033247443806785,0.1,0.9034333333333333,0.9034333333333333,nan,-0.23010823396388883
0.0,29,conservative_max,1.8822098791853472,0.1,0.9243666666666667,0.9243666666666667,nan,-0.23010823396388883
0.1,0,single_m1,1.3021232040472863,0.1,0.5461666666666667,0.5952222222222222,0.10466666666666667,-0.22897481348223855
0.1,0,algorithm_diverse,0.7857499466979281,0.1,0.8618,0.9460740740740741,0.10333333333333333,-0.22897481348223855
0.1,0,evidence_diverse,1.3717411459038593,0.1,0.7965333333333333,0.776074074074074,0.9806666666666667,-0.22897481348223855
0.1,0,max_pool,1.979925055200246,0.1,0.9227,0.922074074074074,0.9283333333333333,-0.22897481348223855
0.1,0,weighted_max,1.6610079684770007,0.1,0.9286666666666666,0.9247407407407408,0.964,-0.22897481348223855
0.1,0,hybrid_evidence,1.5526724421721867,0.1,0.9449,0.9521851851851851,0.8793333333333333,-0.22897481348223855
0.1,0,adaptive_evidence,1.6987908999807149,0.1,0.9091,0.9036296296296297,0.9583333333333334,-0.22897481348223855
0.1,0,conservative_max,1.8809288024402337,0.1,0.9227,0.922074074074074,0.9283333333333333,-0.22897481348223855
0.1,1,single_m1,1.294221057398263,0.1,0.5459666666666667,0.5936666666666667,0.11666666666666667,-0.2320803835366275
0.1,1,algorithm_diverse,0.7741525069297664,0.1,0.8640666666666666,0.9481111111111111,0.10766666666666666,-0.2320803835366275
0.1,1,evidence_diverse,1.3845407055904815,0.1,0.7867666666666666,0.7654814814814814,0.9783333333333334,-0.2320803835366275
0.1,1,max_pool,1.9717841258125217,0.1,0.9264,0.9264074074074075,0.9263333333333333,-0.2320803835366275
0.1,1,weighted_max,1.6615547712634424,0.1,0.9294666666666667,0.926,0.9606666666666667,-0.2320803835366275
0.1,1,hybrid_evidence,1.5478841179256027,0.1,0.9458333333333333,0.9538888888888889,0.8733333333333333,-0.2320803835366275
0.1,1,adaptive_evidence,1.6976135541562054,0.1,0.9112666666666667,0.9061851851851852,0.957,-0.2320803835366275
0.1,1,conservative_max,1.8731949195218955,0.1,0.9264,0.9264074074074075,0.9263333333333333,-0.2320803835366275
0.1,2,single_m1,1.299665663234799,0.1,0.5459333333333334,0.593925925925926,0.114,-0.23249237621534166
0.1,2,algorithm_diverse,0.782036671740407,0.1,0.8655,0.9484814814814815,0.11866666666666667,-0.23249237621534166
0.1,2,evidence_diverse,1.3830579487444645,0.1,0.7939,0.7737407407407407,0.9753333333333334,-0.23249237621534166
0.1,2,max_pool,1.977096947975315,0.1,0.9254666666666667,0.9247407407407408,0.932,-0.23249237621534166
0.1,2,weighted_max,1.66508400423397,0.1,0.9295,0.926074074074074,0.9603333333333334,-0.23249237621534166
0.1,2,hybrid_evidence,1.5545411378168725,0.1,0.9452,0.9523333333333334,0.881,-0.23249237621534166
0.1,2,adaptive_evidence,1.6920173844122588,0.1,0.9124666666666666,0.9074814814814814,0.9573333333333334,-0.23249237621534166
0.1,2,conservative_max,1.8782421005765493,0.1,0.9254666666666667,0.9247407407407408,0.932,-0.23249237621534166
0.1,3,single_m1,1.3245485913656934,0.1,0.5362,0.5836666666666667,0.109,-0.2287480108244593
0.1,3,algorithm_diverse,0.7863697632338225,0.1,0.8630666666666666,0.9475185185185185,0.103,-0.2287480108244593
0.1,3,evidence_diverse,1.3694058984819084,0.1,0.7976666666666666,0.7773703703703704,0.9803333333333333,-0.2287480108244593
0.1,3,max_pool,1.9700215740607698,0.1,0.9275,0.9268518518518518,0.9333333333333333,-0.2287480108244593
0.1,3,weighted_max,1.6535425627923863,0.1,0.9298666666666666,0.9262592592592592,0.9623333333333334,-0.2287480108244593
0.1,3,hybrid_evidence,1.5473696226478515,0.1,0.9483333333333334,0.955,0.8883333333333333,-0.2287480108244593
0.1,3,adaptive_evidence,1.6881591582176934,0.1,0.9114,0.9061111111111111,0.959,-0.2287480108244593
0.1,3,conservative_max,1.8715204953577314,0.1,0.9275,0.9268518518518518,0.9333333333333333,-0.2287480108244593
0.1,4,single_m1,1.3026666836731977,0.1,0.5425333333333333,0.59,0.11533333333333333,-0.2270594289675134
0.1,4,algorithm_diverse,0.7898840750292919,0.1,0.8626666666666667,0.9462592592592592,0.11033333333333334,-0.2270594289675134
0.1,4,evidence_diverse,1.3710971412172803,0.1,0.7942,0.7744074074074074,0.9723333333333334,-0.2270594289675134
0.1,4,max_pool,1.9755622207992378,0.1,0.9217666666666666,0.922037037037037,0.9193333333333333,-0.2270594289675134
0.1,4,weighted_max,1.6635957052924484,0.1,0.9253,0.9219259259259259,0.9556666666666667,-0.2270594289675134
0.1,4,hybrid_evidence,1.5541988498040697,0.1,0.9418666666666666,0.9496296296296296,0.872,-0.2270594289675134
0.1,4,adaptive_evidence,1.693389658261049,0.1,0.9095,0.9048518518518519,0.9513333333333334,-0.2270594289675134
0.1,4,conservative_max,1.876784109759276,0.1,0.9217666666666666,0.922037037037037,0.9193333333333333,-0.2270594289675134
0.1,5,single_m1,1.3149341784221407,0.1,0.5395333333333333,0.588037037037037,0.103,-0.22922813693702193
0.1,5,algorithm_diverse,0.784814974550917,0.1,0.8642,0.9475185185185185,0.11433333333333333,-0.22922813693702193
0.1,5,evidence_diverse,1.369455342806617,0.1,0.7946333333333333,0.7741111111111111,0.9793333333333333,-0.22922813693702193
0.1,5,max_pool,1.9786087977032498,0.1,0.9234,0.9231851851851852,0.9253333333333333,-0.22922813693702193
0.1,5,weighted_max,1.6551715491574204,0.1,0.9302,0.9263333333333333,0.965,-0.22922813693702193
0.1,5,hybrid_evidence,1.5588221224336154,0.1,0.9452666666666667,0.9528518518518518,0.877,-0.22922813693702193
0.1,5,adaptive_evidence,1.6963605997793867,0.1,0.9090333333333334,0.9036296296296297,0.9576666666666667,-0.22922813693702193
0.1,5,conservative_max,1.8796783578180871,0.1,0.9234,0.9231851851851852,0.9253333333333333,-0.22922813693702193
0.1,6,single_m1,1.2924349100549235,0.1,0.5488,0.599,0.097,-0.22999706874803014
0.1,6,algorithm_diverse,0.7801179906099901,0.1,0.8621666666666666,0.944925925925926,0.11733333333333333,-0.22999706874803014
0.1,6,evidence_diverse,1.3664725417746184,0.1,0.8002333333333334,0.7805925925925926,0.977,-0.22999706874803014
0.1,6,max_pool,1.977187860783157,0.1,0.9215333333333333,0.9204074074074075,0.9316666666666666,-0.22999706874803014
0.1,6,weighted_max,1.659817261999452,0.1,0.9261666666666667,0.9224074074074075,0.96,-0.22999706874803014
0.1,6,hybrid_evidence,1.5513315076881522,0.1,0.942,0.9495185185185185,0.8743333333333333,-0.22999706874803014
0.1,6,adaptive_evidence,1.6954244795526476,0.1,0.9065666666666666,0.9008148148148148,0.9583333333333334,-0.22999706874803014
0.1,6,conservative_max,1.878328467743999,0.1,0.9215333333333333,0.9204074074074075,0.9316666666666666,-0.22999706874803014
0.1,7,single_m1,1.3085157213836098,0.1,0.5392666666666667,0.5878518518518518,0.102,-0.230804237310849
0.1,7,algorithm_diverse,0.7871671952754294,0.1,0.8644666666666667,0.9472962962962963,0.119,-0.230804237310849
0.1,7,evidence_diverse,1.373104412042777,0.1,0.7930666666666667,0.7729259259259259,0.9743333333333334,-0.230804237310849
0.1,7,max_pool,1.980290411557239,0.1,0.9233333333333333,0.9242592592592592,0.915,-0.230804237310849
0.1,7,weighted_max,1.6611561079578936,0.1,0.9289333333333334,0.9257407407407408,0.9576666666666667,-0.230804237310849
0.1,7,hybrid_evidence,1.5590886340810128,0.1,0.9429333333333333,0.9517407407407408,0.8636666666666667,-0.230804237310849
0.1,7,adaptive_evidence,1.6916870691337818,0.1,0.9125,0.9078888888888889,0.954,-0.230804237310849
0.1,7,conservative_max,1.881275890979377,0.1,0.9233333333333333,0.9242592592592592,0.915,-0.230804237310849
0.1,8,single_m1,1.3027455652096505,0.1,0.5440333333333334,0.5918518518518519,0.11366666666666667,-0.23028981651611322
0.1,8,algorithm_diverse,0.7880289916639641,0.1,0.8649,0.9472962962962963,0.12333333333333334,-0.23028981651611322
0.1,8,evidence_diverse,1.3682528024530531,0.1,0.7931,0.773,0.974,-0.23028981651611322
0.1,8,max_pool,1.9822023956856227,0.1,0.9231333333333334,0.9229259259259259,0.925,-0.23028981651611322
0.1,8,weighted_max,1.6657828786830733,0.1,0.9268333333333333,0.9232592592592592,0.959,-0.23028981651611322
0.1,8,hybrid_evidence,1.5555089067680672,0.1,0.9442,0.952037037037037,0.8736666666666667,-0.23028981651611322
0.1,8,adaptive_evidence,1.6957332394866556,0.1,0.9092333333333333,0.9040370370370371,0.956,-0.23028981651611322
0.1,8,conservative_max,1.8830922759013415,0.1,0.9231333333333334,0.9229259259259259,0.925,-0.23028981651611322
0.1,9,single_m1,1.3048497839704376,0.1,0.5419666666666667,0.5894814814814815,0.11433333333333333,-0.22782526469368858
0.1,9,algorithm_diverse,0.8026002212825297,0.1,0.8595333333333334,0.943037037037037,0.108,-0.22782526469368858
0.1,9,evidence_diverse,1.3795195307319732,0.1,0.7950666666666667,0.7752592592592593,0.9733333333333334,-0.22782526469368858
0.1,9,max_pool,1.989566867976118,0.1,0.9207333333333333,0.9203703703703704,0.924,-0.22782526469368858
0.1,9,weighted_max,1.679987228257809,0.1,0.9244,0.9208148148148149,0.9566666666666667,-0.22782526469368858
0.1,9,hybrid_evidence,1.5593238980966813,0.1,0.9429666666666666,0.9505185185185185,0.875,-0.22782526469368858
0.1,9,adaptive_evidence,1.7084619385124888,0.1,0.9067333333333333,0.9016296296296297,0.9526666666666667,-0.22782526469368858
0.1,9,conservative_max,1.890088524577312,0.1,0.9207333333333333,0.9203703703703704,0.924,-0.22782526469368858
0.1,10,single_m1,1.3072282379596332,0.1,0.541,0.5890740740740741,0.10833333333333334,-0.22486117239613293
0.1,10,algorithm_diverse,0.780283969354477,0.1,0.8644333333333334,0.9464814814814815,0.126,-0.22486117239613293
0.1,10,evidence_diverse,1.3783526147403689,0.1,0.7935,0.7732222222222223,0.976,-0.22486117239613293
0.1,10,max_pool,1.9770813976815953,0.1,0.9210333333333334,0.9212962962962963,0.9186666666666666,-0.22486117239613293
0.1,10,weighted_max,1.6788135416065635,0.1,0.9213333333333333,0.9177777777777778,0.9533333333333334,-0.22486117239613293
0.1,10,hybrid_evidence,1.5527227786357316,0.1,0.9413,0.9497407407407408,0.8653333333333333,-0.22486117239613293
0.1,10,adaptive_evidence,1.7030474564704476,0.1,0.9034,0.8983703703703704,0.9486666666666667,-0.22486117239613293
0.1,10,conservative_max,1.8782273277975154,0.1,0.9210333333333334,0.9212962962962963,0.9186666666666666,-0.22486117239613293
0.1,11,single_m1,1.3017278263073588,0.1,0.5410333333333334,0.589925925925926,0.101,-0.22915229132490977
0.1,11,algorithm_diverse,0.7826304063011971,0.1,0.8637,0.9470740740740741,0.11333333333333333,-0.22915229132490977
0.1,11,evidence_diverse,1.361101866365965,0.1,0.7958333333333333,0.7759259259259259,0.975,-0.22915229132490977
0.1,11,max_pool,1.978332251174702,0.1,0.9224666666666667,0.9221481481481482,0.9253333333333333,-0.22915229132490977
0.1,11,weighted_max,1.6642484683286256,0.1,0.9265,0.9226296296296296,0.9613333333333334,-0.22915229132490977
0.1,11,hybrid_evidence,1.5585062635673579,0.1,0.9432666666666667,0.9502592592592592,0.8803333333333333,-0.22915229132490977
0.1,11,adaptive_evidence,1.6930759415337535,0.1,0.9085,0.902962962962963,0.9583333333333334,-0.22915229132490977
0.1,11,conservative_max,1.8794156386159668,0.1,0.9224666666666667,0.9221481481481482,0.9253333333333333,-0.22915229132490977
0.1,12,single_m1,1.3114866752280423,0.1,0.5447666666666666,0.5924074074074074,0.116,-0.22852108617358483
0.1,12,algorithm_diverse,0.7818012908063753,0.1,0.8637666666666667,0.9473333333333334,0.11166666666666666,-0.22852108617358483
0.1,12,evidence_diverse,1.3601536761216044,0.1,0.7985,0.779074074074074,0.9733333333333334,-0.22852108617358483
0.1,12,max_pool,1.9725146393797182,0.1,0.9237666666666666,0.9248148148148149,0.9143333333333333,-0.22852108617358483
0.1,12,weighted_max,1.6657693344268103,0.1,0.9247333333333333,0.9218518518518518,0.9506666666666667,-0.22852108617358483
0.1,12,hybrid_evidence,1.5484694023744985,0.1,0.9449666666666666,0.9537777777777777,0.8656666666666667,-0.22852108617358483
0.1,12,adaptive_evidence,1.6962995391885864,0.1,0.9063333333333333,0.9018148148148148,0.947,-0.22852108617358483
0.1,12,conservative_max,1.873888907410732,0.1,0.9237666666666666,0.9248148148148149,0.9143333333333333,-0.22852108617358483
0.1,13,single_m1,1.3205799022492806,0.1,0.5367666666666666,0.5848148148148148,0.10433333333333333,-0.22800722166341889
0.1,13,algorithm_diverse,0.779125851662201,0.1,0.8638333333333333,0.945962962962963,0.12466666666666666,-0.22800722166341889
0.1,13,evidence_diverse,1.3665692042382556,0.1,0.7982,0.7787037037037037,0.9736666666666667,-0.22800722166341889
0.1,13,max_pool,1.9737346193887229,0.1,0.9245,0.9249259259259259,0.9206666666666666,-0.22800722166341889
0.1,13,weighted_max,1.657286542543235,0.1,0.9293,0.9263703703703704,0.9556666666666667,-0.22800722166341889
0.1,13,hybrid_evidence,1.5487779723804767,0.1,0.9443,0.9525925925925925,0.8696666666666667,-0.22800722166341889
0.1,13,adaptive_evidence,1.6893349384847443,0.1,0.9131,0.9087037037037037,0.9526666666666667,-0.22800722166341889
0.1,13,conservative_max,1.8750478884192867,0.1,0.9245,0.9249259259259259,0.9206666666666666,-0.22800722166341889
0.1,14,single_m1,1.3059891640272423,0.1,0.5379,0.5857407407407408,0.10733333333333334,-0.22738959333400213
0.1,14,algorithm_diverse,0.7869814057703232,0.1,0.8607333333333334,0.9435555555555556,0.11533333333333333,-0.22738959333400213
0.1,14,evidence_diverse,1.3553588824742338,0.1,0.805,0.7851481481481482,0.9836666666666667,-0.22738959333400213
0.1,14,max_pool,1.9661108512332688,0.1,0.9254333333333333,0.9246666666666666,0.9323333333333333,-0.22738959333400213
0.1,14,weighted_max,1.653953395788621,0.1,0.9303666666666667,0.9262592592592592,0.9673333333333334,-0.22738959333400213
0.1,14,hybrid_evidence,1.5469399561104478,0.1,0.9454333333333333,0.952,0.8863333333333333,-0.22738959333400213
0.1,14,adaptive_evidence,1.6862107804303585,0.1,0.9115,0.9057777777777778,0.963,-0.22738959333400213
0.1,14,conservative_max,1.8678053086716053,0.1,0.9254333333333333,0.9246666666666666,0.9323333333333333,-0.22738959333400213
0.1,15,single_m1,1.3077771251170571,0.1,0.5422666666666667,0.5905555555555555,0.10766666666666666,-0.23112934794656734
0.1,15,algorithm_diverse,0.7864053640094792,0.1,0.8616666666666667,0.9448888888888889,0.11266666666666666,-0.23112934794656734
0.1,15,evidence_diverse,1.3767291233008825,0.1,0.7921333333333334,0.7716666666666666,0.9763333333333334,-0.23112934794656734
0.1,15,max_pool,1.9784455226265965,0.1,0.9226,0.9224074074074075,0.9243333333333333,-0.23112934794656734
0.1,15,weighted_max,1.659935758299982,0.1,0.9262666666666667,0.9224814814814815,0.9603333333333334,-0.23112934794656734
0.1,15,hybrid_evidence,1.5539424646146416,0.1,0.9446666666666667,0.952,0.8786666666666667,-0.23112934794656734
0.1,15,adaptive_evidence,1.6936182269069544,0.1,0.9082666666666667,0.9029259259259259,0.9563333333333334,-0.23112934794656734
0.1,15,conservative_max,1.8795232464952667,0.1,0.9226,0.9224074074074075,0.9243333333333333,-0.23112934794656734
0.1,16,single_m1,1.305356614889506,0.1,0.5414,0.5893333333333334,0.11,-0.22995224035172343
0.1,16,algorithm_diverse,0.7864923958247264,0.1,0.8637666666666667,0.9466296296296296,0.118,-0.22995224035172343
0.1,16,evidence_diverse,1.3669515643157508,0.1,0.7983333333333333,0.7784074074074074,0.9776666666666667,-0.22995224035172343
0.1,16,max_pool,1.96090001628922,0.1,0.9251333333333334,0.925074074074074,0.9256666666666666,-0.22995224035172343
0.1,16,weighted_max,1.6629906257987697,0.1,0.9254666666666667,0.9211851851851852,0.964,-0.22995224035172343
0.1,16,hybrid_evidence,1.541378412133244,0.1,0.9441,0.9514074074074074,0.8783333333333333,-0.22995224035172343
0.1,16,adaptive_evidence,1.6901920917819773,0.1,0.9090333333333334,0.9034444444444445,0.9593333333333334,-0.22995224035172343
0.1,16,conservative_max,1.862855015474759,0.1,0.9251333333333334,0.925074074074074,0.9256666666666666,-0.22995224035172343
0.1,17,single_m1,1.3056614407429241,0.1,0.5429666666666667,0.5923703703703703,0.09833333333333333,-0.2269740126173488
0.1,17,algorithm_diverse,0.7979324272329246,0.1,0.8608666666666667,0.944925925925926,0.10433333333333333,-0.2269740126173488
0.1,17,evidence_diverse,1.384195934089039,0.1,0.7882333333333333,0.7674814814814814,0.975,-0.2269740126173488
0.1,17,max_pool,1.9858036939661807,0.1,0.9223,0.9223703703703704,0.9216666666666666,-0.2269740126173488
0.1,17,weighted_max,1.6724911777050953,0.1,0.9265666666666666,0.922962962962963,0.959,-0.2269740126173488
0.1,17,hybrid_evidence,1.5685319720400346,0.1,0.9407333333333333,0.9491851851851851,0.8646666666666667,-0.2269740126173488
0.1,17,adaptive_evidence,1.701531941480038,0.1,0.9071,0.9015925925925926,0.9566666666666667,-0.2269740126173488
0.1,17,conservative_max,1.8865135092678718,0.1,0.9223,0.9223703703703704,0.9216666666666666,-0.2269740126173488
0.1,18,single_m1,1.3054812013471886,0.1,0.5420666666666667,0.5895555555555556,0.11466666666666667,-0.22703148210885493
0.1,18,algorithm_diverse,0.7872465155184837,0.1,0.8607666666666667,0.9442592592592592,0.10933333333333334,-0.22703148210885493
0.1,18,evidence_diverse,1.390826475479833,0.1,0.7844666666666666,0.763,0.9776666666666667,-0.22703148210885493
0.1,18,max_pool,1.985317490728379,0.1,0.9212,0.9202592592592592,0.9296666666666666,-0.22703148210885493
0.1,18,weighted_max,1.6760556388970502,0.1,0.9238,0.9194444444444444,0.963,-0.22703148210885493
0.1,18,hybrid_evidence,1.56288942875609,0.1,0.9429,0.9497777777777778,0.881,-0.22703148210885493
0.1,18,adaptive_evidence,1.7057343849552744,0.1,0.9041666666666667,0.8982592592592593,0.9573333333333334,-0.22703148210885493
0.1,18,conservative_max,1.88605161619196,0.1,0.9212,0.9202592592592592,0.9296666666666666,-0.22703148210885493
0.1,19,single_m1,1.323781642456137,0.1,0.5376666666666666,0.5867037037037037,0.09633333333333334,-0.2281416018232493
0.1,19,algorithm_diverse,0.7797706726467207,0.1,0.8635,0.9467777777777778,0.114,-0.2281416018232493
0.1,19,evidence_diverse,1.3614269603726432,0.1,0.8014,0.781074074074074,0.9843333333333333,-0.2281416018232493
0.1,19,max_pool,1.9707876348642752,0.1,0.9238333333333333,0.9237037037037037,0.925,-0.2281416018232493
0.1,19,weighted_max,1.65757639600748,0.1,0.9287,0.9246666666666666,0.965,-0.2281416018232493
0.1,19,hybrid_evidence,1.551877418376557,0.1,0.9430666666666667,0.9514444444444444,0.8676666666666667,-0.2281416018232493
0.1,19,adaptive_evidence,1.6901167522671716,0.1,0.9093,0.9037037037037037,0.9596666666666667,-0.2281416018232493
0.1,19,conservative_max,1.8722482531210614,0.1,0.9238333333333333,0.9237037037037037,0.925,-0.2281416018232493
0.1,20,single_m1,1.296951928397449,0.1,0.5427333333333333,0.5914814814814815,0.104,-0.2322220343434899
0.1,20,algorithm_diverse,0.7729140348852617,0.1,0.8661333333333333,0.9493703703703704,0.117,-0.2322220343434899
0.1,20,evidence_diverse,1.368187652445996,0.1,0.7965333333333333,0.7763703703703704,0.978,-0.2322220343434899
0.1,20,max_pool,1.9650392982060079,0.1,0.925,0.9247037037037037,0.9276666666666666,-0.2322220343434899
0.1,20,weighted_max,1.6485167213293166,0.1,0.9294,0.9258148148148149,0.9616666666666667,-0.2322220343434899
0.1,20,hybrid_evidence,1.5342527605706775,0.1,0.9458666666666666,0.9532962962962963,0.879,-0.2322220343434899
0.1,20,adaptive_evidence,1.6810580012864136,0.1,0.9124666666666666,0.9074814814814814,0.9573333333333334,-0.2322220343434899
0.1,20,conservative_max,1.8667873332957075,0.1,0.925,0.9247037037037037,0.9276666666666666,-0.2322220343434899
0.1,21,single_m1,1.3104905013214587,0.1,0.5394666666666666,0.5873703703703703,0.10833333333333334,-0.22963348967943797
0.1,21,algorithm_diverse,0.7819583499009373,0.1,0.8635666666666667,0.9467407407407408,0.115,-0.22963348967943797
0.1,21,evidence_diverse,1.3701215696212157,0.1,0.7956666666666666,0.7757407407407407,0.975,-0.22963348967943797
0.1,21,max_pool,1.9771267457624937,0.1,0.9212666666666667,0.921037037037037,0.9233333333333333,-0.22963348967943797
0.1,21,weighted_max,1.6628563675879988,0.1,0.9256666666666666,0.9222222222222223,0.9566666666666667,-0.22963348967943797
0.1,21,hybrid_evidence,1.551723308845839,0.1,0.9426,0.9498888888888889,0.877,-0.22963348967943797
0.1,21,adaptive_evidence,1.6942509550188214,0.1,0.9063666666666667,0.9012592592592592,0.9523333333333334,-0.22963348967943797
0.1,21,conservative_max,1.8782704084743689,0.1,0.9212666666666667,0.921037037037037,0.9233333333333333,-0.22963348967943797
0.1,22,single_m1,1.318654973554941,0.1,0.537,0.584925925925926,0.10566666666666667,-0.22899686178397607
0.1,22,algorithm_diverse,0.7955865610104074,0.1,0.8581333333333333,0.9415925925925926,0.107,-0.22899686178397607
0.1,22,evidence_diverse,1.3815815819382862,0.1,0.7889,0.7685185185185185,0.9723333333333334,-0.22899686178397607
0.1,22,max_pool,1.979856263217846,0.1,0.9215666666666666,0.921962962962963,0.918,-0.22899686178397607
0.1,22,weighted_max,1.669663717587655,0.1,0.9248,0.9215925925925926,0.9536666666666667,-0.22899686178397607
0.1,22,hybrid_evidence,1.5619199000712076,0.1,0.9398666666666666,0.9481851851851851,0.865,-0.22899686178397607
0.1,22,adaptive_evidence,1.7021862708931748,0.1,0.9082333333333333,0.9037407407407407,0.9486666666666667,-0.22899686178397607
0.1,22,conservative_max,1.8808634500569539,0.1,0.9215666666666666,0.921962962962963,0.918,-0.22899686178397607
0.1,23,single_m1,1.3015418405261394,0.1,0.5411666666666667,0.5896666666666667,0.10466666666666667,-0.22764945093839342
0.1,23,algorithm_diverse,0.7771297204103121,0.1,0.8625666666666667,0.9458518518518518,0.113,-0.22764945093839342
0.1,23,evidence_diverse,1.355341734083966,0.1,0.8004666666666667,0.7805925925925926,0.9793333333333333,-0.22764945093839342
0.1,23,max_pool,1.9762942415393778,0.1,0.9229,0.9228148148148149,0.9236666666666666,-0.22764945093839342
0.1,23,weighted_max,1.6559584035404946,0.1,0.9274666666666667,0.9236296296296296,0.962,-0.22764945093839342
0.1,23,hybrid_evidence,1.5493981415383304,0.1,0.9421333333333334,0.9504444444444444,0.8673333333333333,-0.22764945093839342
0.1,23,adaptive_evidence,1.6902484896106995,0.1,0.9103,0.9052222222222223,0.956,-0.22764945093839342
0.1,23,conservative_max,1.877479529462409,0.1,0.9229,0.9228148148148149,0.9236666666666666,-0.22764945093839342
0.1,24,single_m1,1.2967726397385606,0.1,0.5443666666666667,0.5925185185185186,0.111,-0.22975830141842116
0.1,24,algorithm_diverse,0.7848775979724081,0.1,0.864,0.9462962962962963,0.12333333333333334,-0.22975830141842116
0.1,24,evidence_diverse,1.3769505373330595,0.1,0.7918333333333333,0.7708148148148148,0.981,-0.22975830141842116
0.1,24,max_pool,1.9753602456248347,0.1,0.9239,0.9235185185185185,0.9273333333333333,-0.22975830141842116
0.1,24,weighted_max,1.6690219894468452,0.1,0.9258333333333333,0.9217777777777778,0.9623333333333334,-0.22975830141842116
0.1,24,hybrid_evidence,1.5479536639546112,0.1,0.9450333333333333,0.9522962962962963,0.8796666666666667,-0.22975830141842116
0.1,24,adaptive_evidence,1.6982360592864598,0.1,0.9086333333333333,0.9032962962962963,0.9566666666666667,-0.22975830141842116
0.1,24,conservative_max,1.876592233343593,0.1,0.9239,0.9235185185185185,0.9273333333333333,-0.22975830141842116
0.1,25,single_m1,1.295979104271805,0.1,0.5454666666666667,0.5935925925925926,0.11233333333333333,-0.2293348243335269
0.1,25,algorithm_diverse,0.7843395611204151,0.1,0.8606666666666667,0.944,0.11066666666666666,-0.2293348243335269
0.1,25,evidence_diverse,1.3707693607578553,0.1,0.7923333333333333,0.772,0.9753333333333334,-0.2293348243335269
0.1,25,max_pool,1.9777903938231418,0.1,0.9204666666666667,0.920037037037037,0.9243333333333333,-0.2293348243335269
0.1,25,weighted_max,1.6635437335618677,0.1,0.9241333333333334,0.9198148148148149,0.963,-0.2293348243335269
0.1,25,hybrid_evidence,1.556166254308088,0.1,0.9433333333333334,0.9508148148148148,0.876,-0.2293348243335269
0.1,25,adaptive_evidence,1.6951784876451461,0.1,0.9070666666666667,0.9014074074074074,0.958,-0.2293348243335269
0.1,25,conservative_max,1.8789008741319846,0.1,0.9204666666666667,0.920037037037037,0.9243333333333333,-0.2293348243335269
0.1,26,single_m1,1.3175336137700986,0.1,0.5361666666666667,0.583962962962963,0.106,-0.2325570457853204
0.1,26,algorithm_diverse,0.7709480506922567,0.1,0.8671,0.949037037037037,0.12966666666666668,-0.2325570457853204
0.1,26,evidence_diverse,1.3835715103278765,0.1,0.7941666666666667,0.7741851851851852,0.974,-0.2325570457853204
0.1,26,max_pool,1.976648563066128,0.1,0.9222333333333333,0.9224814814814815,0.92,-0.2325570457853204
0.1,26,weighted_max,1.663119047606722,0.1,0.9259,0.9227037037037037,0.9546666666666667,-0.2325570457853204
0.1,26,hybrid_evidence,1.5509398778346797,0.1,0.9428333333333333,0.9508518518518518,0.8706666666666667,-0.2325570457853204
0.1,26,adaptive_evidence,1.6999127407881718,0.1,0.9059333333333334,0.901074074074074,0.9496666666666667,-0.2325570457853204
0.1,26,conservative_max,1.8778161349128215,0.1,0.9222333333333333,0.9224814814814815,0.92,-0.2325570457853204
0.1,27,single_m1,1.3022153320223784,0.1,0.5416,0.5894444444444444,0.111,-0.23434518603649812
0.1,27,algorithm_diverse,0.7863366668326928,0.1,0.8637,0.9462592592592592,0.12066666666666667,-0.23434518603649812
0.1,27,evidence_diverse,1.3722874642959848,0.1,0.7961333333333334,0.775962962962963,0.9776666666666667,-0.23434518603649812
0.1,27,max_pool,1.9697766971169173,0.1,0.9267333333333333,0.9267777777777778,0.9263333333333333,-0.23434518603649812
0.1,27,weighted_max,1.6651312106358278,0.1,0.9294,0.9261851851851852,0.9583333333333334,-0.23434518603649812
0.1,27,hybrid_evidence,1.550647648203376,0.1,0.9458,0.9537407407407408,0.8743333333333333,-0.23434518603649812
0.1,27,adaptive_evidence,1.6968471433389825,0.1,0.9109333333333334,0.9061481481481481,0.954,-0.23434518603649812
0.1,27,conservative_max,1.8712878622610714,0.1,0.9267333333333333,0.9267777777777778,0.9263333333333333,-0.23434518603649812
0.1,28,single_m1,1.2903418263987405,0.1,0.5416666666666666,0.5902592592592593,0.10433333333333333,-0.2309469050253231
0.1,28,algorithm_diverse,0.7721434528474738,0.1,0.8658666666666667,0.9487777777777778,0.11966666666666667,-0.2309469050253231
0.1,28,evidence_diverse,1.3651131537409043,0.1,0.7965333333333333,0.776074074074074,0.9806666666666667,-0.2309469050253231
0.1,28,max_pool,1.9763509467560159,0.1,0.9227,0.9227037037037037,0.9226666666666666,-0.2309469050253231
0.1,28,weighted_max,1.6604105721535785,0.1,0.9268,0.923,0.961,-0.2309469050253231
0.1,28,hybrid_evidence,1.548726217988187,0.1,0.9439333333333333,0.9522222222222222,0.8693333333333333,-0.2309469050253231
0.1,28,adaptive_evidence,1.6902618398192872,0.1,0.9099666666666667,0.9045925925925926,0.9583333333333334,-0.2309469050253231
0.1,28,conservative_max,1.8775333994182148,0.1,0.9227,0.9227037037037037,0.9226666666666666,-0.2309469050253231
0.1,29,single_m1,1.3066016143633858,0.1,0.5447333333333333,0.5927407407407408,0.11266666666666666,-0.23050493281520693
0.1,29,algorithm_diverse,0.7942813704646924,0.1,0.8611,0.9442222222222222,0.113,-0.23050493281520693
0.1,29,evidence_diverse,1.3741228301076152,0.1,0.7926333333333333,0.7724814814814814,0.974,-0.23050493281520693
0.1,29,max_pool,1.9812735570372078,0.1,0.9219,0.9217037037037037,0.9236666666666666,-0.23050493281520693
0.1,29,weighted_max,1.6689233828019456,0.1,0.9260666666666667,0.9226666666666666,0.9566666666666667,-0.23050493281520693
0.1,29,hybrid_evidence,1.5620609166460002,0.1,0.9429,0.9508148148148148,0.8716666666666667,-0.23050493281520693
0.1,29,adaptive_evidence,1.7033247443806785,0.1,0.9066,0.9014814814814814,0.9526666666666667,-0.23050493281520693
0.1,29,conservative_max,1.8822098791853472,0.1,0.9219,0.9217037037037037,0.9236666666666666,-0.23050493281520693
0.25,0,single_m1,1.3021232040472863,0.1,0.47563333333333335,0.5964888888888888,0.11306666666666666,-0.22643646710119006
0.25,0,algorithm_diverse,0.7857499466979281,0.1,0.7367666666666667,0.9442666666666667,0.11426666666666667,-0.22643646710119006
0.25,0,evidence_diverse,1.3717411459038593,0.1,0.8238333333333333,0.7727111111111111,0.9772,-0.22643646710119006
0.25,0,max_pool,1.979925055200246,0.1,0.9209666666666667,0.9204444444444444,0.9225333333333333,-0.22643646710119006
0.25,0,weighted_max,1.6610079684770007,0.1,0.9299,0.9204888888888889,0.9581333333333333,-0.22643646710119006
0.25,0,hybrid_evidence,1.5526724421721867,0.1,0.9286666666666666,0.9476,0.8718666666666667,-0.22643646710119006
0.25,0,adaptive_evidence,1.6987908999807149,0.1,0.9139,0.9011555555555556,0.9521333333333334,-0.22643646710119006
0.25,0,conservative_max,1.8809288024402337,0.1,0.9209666666666667,0.9204444444444444,0.9225333333333333,-0.22643646710119006
0.25,1,single_m1,1.294221057398263,0.1,0.4720666666666667,0.5936,0.10746666666666667,-0.23020756212873794
0.25,1,algorithm_diverse,0.7741525069297664,0.1,0.7379333333333333,0.9458222222222222,0.11426666666666667,-0.23020756212873794
0.25,1,evidence_diverse,1.3845407055904815,0.1,0.8192666666666667,0.7670666666666667,0.9758666666666667,-0.23020756212873794
0.25,1,max_pool,1.9717841258125217,0.1,0.9250333333333334,0.9254666666666667,0.9237333333333333,-0.23020756212873794
0.25,1,weighted_max,1.6615547712634424,0.1,0.9333333333333333,0.9248,0.9589333333333333,-0.23020756212873794
0.25,1,hybrid_evidence,1.5478841179256027,0.1,0.9332333333333334,0.9528444444444445,0.8744,-0.23020756212873794
0.25,1,adaptive_evidence,1.6976135541562054,0.1,0.9157333333333333,0.9025777777777778,0.9552,-0.23020756212873794
0.25,1,conservative_max,1.8731949195218955,0.1,0.9250333333333334,0.9254666666666667,0.9237333333333333,-0.23020756212873794
0.25,2,single_m1,1.299665663234799,0.1,0.4737,0.5928888888888889,0.11613333333333334,-0.23198706619223075
0.25,2,algorithm_diverse,0.782036671740407,0.1,0.7393666666666666,0.9472444444444444,0.11573333333333333,-0.23198706619223075
0.25,2,evidence_diverse,1.3830579487444645,0.1,0.8220333333333333,0.7707111111111111,0.976,-0.23198706619223075
0.25,2,max_pool,1.977096947975315,0.1,0.9231333333333334,0.9218666666666666,0.9269333333333334,-0.23198706619223075
0.25,2,weighted_max,1.66508400423397,0.1,0.932,0.9225777777777778,0.9602666666666667,-0.23198706619223075
0.25,2,hybrid_evidence,1.5545411378168725,0.1,0.9322,0.9500888888888889,0.8785333333333334,-0.23198706619223075
0.25,2,adaptive_evidence,1.6920173844122588,0.1,0.9176666666666666,0.9045777777777778,0.9569333333333333,-0.23198706619223075
0.25,2,conservative_max,1.8782421005765493,0.1,0.9231333333333334,0.9218666666666666,0.9269333333333334,-0.23198706619223075
0.25,3,single_m1,1.3245485913656934,0.1,0.46636666666666665,0.5861333333333333,0.10706666666666667,-0.2279451321019711
0.25,3,algorithm_diverse,0.7863697632338225,0.1,0.7378666666666667,0.9457333333333333,0.11426666666666667,-0.2279451321019711
0.25,3,evidence_diverse,1.3694058984819084,0.1,0.8261,0.7750222222222222,0.9793333333333333,-0.2279451321019711
0.25,3,max_pool,1.9700215740607698,0.1,0.9273666666666667,0.9256888888888889,0.9324,-0.2279451321019711
0.25,3,weighted_max,1.6535425627923863,0.1,0.9361333333333334,0.9267555555555556,0.9642666666666667,-0.2279451321019711
0.25,3,hybrid_evidence,1.5473696226478515,0.1,0.9341666666666667,0.9524,0.8794666666666666,-0.2279451321019711
0.25,3,adaptive_evidence,1.6881591582176934,0.1,0.9189333333333334,0.9051111111111111,0.9604,-0.2279451321019711
0.25,3,conservative_max,1.8715204953577314,0.1,0.9273666666666667,0.9256888888888889,0.9324,-0.2279451321019711
0.25,4,single_m1,1.3026666836731977,0.1,0.4693333333333333,0.5897777777777777,0.108,-0.2272321953937099
0.25,4,algorithm_diverse,0.7898840750292919,0.1,0.7372333333333333,0.9446222222222223,0.11506666666666666,-0.2272321953937099
0.25,4,evidence_diverse,1.3710971412172803,0.1,0.8262,0.7762222222222223,0.9761333333333333,-0.2272321953937099
0.25,4,max_pool,1.9755622207992378,0.1,0.9223666666666667,0.9216,0.9246666666666666,-0.2272321953937099
0.25,4,weighted_max,1.6635957052924484,0.1,0.9298,0.9204444444444444,0.9578666666666666,-0.2272321953937099
0.25,4,hybrid_evidence,1.5541988498040697,0.1,0.9311666666666667,0.9481333333333334,0.8802666666666666,-0.2272321953937099
0.25,4,adaptive_evidence,1.693389658261049,0.1,0.9154,0.9025777777777778,0.9538666666666666,-0.2272321953937099
0.25,4,conservative_max,1.876784109759276,0.1,0.9223666666666667,0.9216,0.9246666666666666,-0.2272321953937099
0.25,5,single_m1,1.3149341784221407,0.1,0.46953333333333336,0.5912,0.10453333333333334,-0.22481349514833893
0.25,5,algorithm_diverse,0.784814974550917,0.1,0.7364333333333334,0.9448444444444445,0.1112,-0.22481349514833893
0.25,5,evidence_diverse,1.369455342806617,0.1,0.825,0.7742222222222223,0.9773333333333334,-0.22481349514833893
0.25,5,max_pool,1.9786087977032498,0.1,0.9229,0.9228444444444445,0.9230666666666667,-0.22481349514833893
0.25,5,weighted_max,1.6551715491574204,0.1,0.9338,0.9245777777777778,0.9614666666666667,-0.22481349514833893
0.25,5,hybrid_evidence,1.5588221224336154,0.1,0.9298,0.9481333333333334,0.8748,-0.22481349514833893
0.25,5,adaptive_evidence,1.6963605997793867,0.1,0.9155,0.902,0.956,-0.22481349514833893
0.25,5,conservative_max,1.8796783578180871,0.1,0.9229,0.9228444444444445,0.9230666666666667,-0.22481349514833893
0.25,6,single_m1,1.2924349100549235,0.1,0.47546666666666665,0.598,0.10786666666666667,-0.22700305535970475
0.25,6,algorithm_diverse,0.7801179906099901,0.1,0.7391333333333333,0.9467111111111111,0.1164,-0.22700305535970475
0.25,6,evidence_diverse,1.3664725417746184,0.1,0.8258,0.7753333333333333,0.9772,-0.22700305535970475
0.25,6,max_pool,1.977187860783157,0.1,0.9223333333333333,0.9211111111111111,0.926,-0.22700305535970475
0.25,6,weighted_max,1.659817261999452,0.1,0.9323333333333333,0.9225333333333333,0.9617333333333333,-0.22700305535970475
0.25,6,hybrid_evidence,1.5513315076881522,0.1,0.9308,0.9490666666666666,0.876,-0.22700305535970475
0.25,6,adaptive_evidence,1.6954244795526476,0.1,0.9154333333333333,0.9016444444444445,0.9568,-0.22700305535970475
0.25,6,conservative_max,1.878328467743999,0.1,0.9223333333333333,0.9211111111111111,0.926,-0.22700305535970475
0.25,7,single_m1,1.3085157213836098,0.1,0.4671666666666667,0.5884888888888888,0.1032,-0.23338141230364193
0.25,7,algorithm_diverse,0.7871671952754294,0.1,0.7386666666666667,0.9483555555555555,0.1096,-0.23338141230364193
0.25,7,evidence_diverse,1.373104412042777,0.1,0.8245,0.7741333333333333,0.9756,-0.23338141230364193
0.25,7,max_pool,1.980290411557239,0.1,0.9247666666666666,0.9258222222222222,0.9216,-0.23338141230364193
0.25,7,weighted_max,1.6611561079578936,0.1,0.9345,0.9256888888888889,0.9609333333333333,-0.23338141230364193
0.25,7,hybrid_evidence,1.5590886340810128,0.1,0.9317333333333333,0.9524888888888889,0.8694666666666667,-0.23338141230364193
0.25,7,adaptive_evidence,1.6916870691337818,0.1,0.9183333333333333,0.9058222222222222,0.9558666666666666,-0.23338141230364193
0.25,7,conservative_max,1.881275890979377,0.1,0.9247666666666666,0.9258222222222222,0.9216,-0.23338141230364193
0.25,8,single_m1,1.3027455652096505,0.1,0.4692,0.5897333333333333,0.1076,-0.22641421376684545
0.25,8,algorithm_diverse,0.7880289916639641,0.1,0.738,0.9447111111111111,0.11786666666666666,-0.22641421376684545
0.25,8,evidence_diverse,1.3682528024530531,0.1,0.8229333333333333,0.7725777777777778,0.974,-0.22641421376684545
0.25,8,max_pool,1.9822023956856227,0.1,0.9202,0.9197777777777778,0.9214666666666667,-0.22641421376684545
0.25,8,weighted_max,1.6657828786830733,0.1,0.9303333333333333,0.9217777777777778,0.956,-0.22641421376684545
0.25,8,hybrid_evidence,1.5555089067680672,0.1,0.9315333333333333,0.9508,0.8737333333333334,-0.22641421376684545
0.25,8,adaptive_evidence,1.6957332394866556,0.1,0.9149,0.9022222222222223,0.9529333333333333,-0.22641421376684545
0.25,8,conservative_max,1.8830922759013415,0.1,0.9202,0.9197777777777778,0.9214666666666667,-0.22641421376684545
0.25,9,single_m1,1.3048497839704376,0.1,0.47036666666666666,0.5899555555555556,0.1116,-0.22823082620898402
0.25,9,algorithm_diverse,0.8026002212825297,0.1,0.7354,0.9428444444444445,0.11306666666666666,-0.22823082620898402
0.25,9,evidence_diverse,1.3795195307319732,0.1,0.8214,0.7711555555555556,0.9721333333333333,-0.22823082620898402
0.25,9,max_pool,1.989566867976118,0.1,0.9206333333333333,0.9208,0.9201333333333334,-0.22823082620898402
0.25,9,weighted_max,1.679987228257809,0.1,0.9290333333333334,0.9203555555555556,0.9550666666666666,-0.22823082620898402
0.25,9,hybrid_evidence,1.5593238980966813,0.1,0.9308333333333333,0.9499111111111112,0.8736,-0.22823082620898402
0.25,9,adaptive_evidence,1.7084619385124888,0.1,0.9133333333333333,0.9005777777777778,0.9516,-0.22823082620898402
0.25,9,conservative_max,1.890088524577312,0.1,0.9206333333333333,0.9208,0.9201333333333334,-0.22823082620898402
0.25,10,single_m1,1.3072282379596332,0.1,0.46553333333333335,0.5855111111111111,0.1056,-0.2249627496320663
0.25,10,algorithm_diverse,0.780283969354477,0.1,0.7404666666666667,0.9468444444444445,0.12133333333333333,-0.2249627496320663
0.25,10,evidence_diverse,1.3783526147403689,0.1,0.8214666666666667,0.7708444444444444,0.9733333333333334,-0.2249627496320663
0.25,10,max_pool,1.9770813976815953,0.1,0.9203333333333333,0.9201777777777778,0.9208,-0.2249627496320663
0.25,10,weighted_max,1.6788135416065635,0.1,0.9265,0.9163555555555556,0.9569333333333333,-0.2249627496320663
0.25,10,hybrid_evidence,1.5527227786357316,0.1,0.9301,0.9499111111111112,0.8706666666666667,-0.2249627496320663
0.25,10,adaptive_evidence,1.7030474564704476,0.1,0.9117,0.8981333333333333,0.9524,-0.2249627496320663
0.25,10,conservative_max,1.8782273277975154,0.1,0.9203333333333333,0.9201777777777778,0.9208,-0.2249627496320663
0.25,11,single_m1,1.3017278263073588,0.1,0.4660666666666667,0.5858666666666666,0.10666666666666667,-0.22729807562980106
0.25,11,algorithm_diverse,0.7826304063011971,0.1,0.7384,0.9460888888888889,0.11533333333333333,-0.22729807562980106
0.25,11,evidence_diverse,1.361101866365965,0.1,0.8253,0.7745333333333333,0.9776,-0.22729807562980106
0.25,11,max_pool,1.978332251174702,0.1,0.9206333333333333,0.9201777777777778,0.922,-0.22729807562980106
0.25,11,weighted_max,1.6642484683286256,0.1,0.9297333333333333,0.9200888888888888,0.9586666666666667,-0.22729807562980106
0.25,11,hybrid_evidence,1.5585062635673579,0.1,0.9281,0.9479111111111111,0.8686666666666667,-0.22729807562980106
0.25,11,adaptive_evidence,1.6930759415337535,0.1,0.9157333333333333,0.9031111111111111,0.9536,-0.22729807562980106
0.25,11,conservative_max,1.8794156386159668,0.1,0.9206333333333333,0.9201777777777778,0.922,-0.22729807562980106
0.25,12,single_m1,1.3114866752280423,0.1,0.4742,0.5940444444444445,0.11466666666666667,-0.2270500474627256
0.25,12,algorithm_diverse,0.7818012908063753,0.1,0.7380666666666666,0.9459555555555555,0.1144,-0.2270500474627256
0.25,12,evidence_diverse,1.3601536761216044,0.1,0.8270666666666666,0.7785333333333333,0.9726666666666667,-0.2270500474627256
0.25,12,max_pool,1.9725146393797182,0.1,0.9223666666666667,0.9229777777777778,0.9205333333333333,-0.2270500474627256
0.25,12,weighted_max,1.6657693344268103,0.1,0.9315,0.9225333333333333,0.9584,-0.2270500474627256
0.25,12,hybrid_evidence,1.5484694023744985,0.1,0.9318333333333333,0.9517333333333333,0.8721333333333333,-0.2270500474627256
0.25,12,adaptive_evidence,1.6962995391885864,0.1,0.9148333333333334,0.9020888888888889,0.9530666666666666,-0.2270500474627256
0.25,12,conservative_max,1.873888907410732,0.1,0.9223666666666667,0.9229777777777778,0.9205333333333333,-0.2270500474627256
0.25,13,single_m1,1.3205799022492806,0.1,0.4653,0.5838222222222222,0.10973333333333334,-0.23055195447553778
0.25,13,algorithm_diverse,0.779125851662201,0.1,0.7408666666666667,0.9463555555555555,0.1244,-0.23055195447553778
0.25,13,evidence_diverse,1.3665692042382556,0.1,0.8274,0.7785333333333333,0.974,-0.23055195447553778
0.25,13,max_pool,1.9737346193887229,0.1,0.9239333333333334,0.9247111111111112,0.9216,-0.23055195447553778
0.25,13,weighted_max,1.657286542543235,0.1,0.9340666666666667,0.9260444444444444,0.9581333333333333,-0.23055195447553778
0.25,13,hybrid_evidence,1.5487779723804767,0.1,0.9333666666666667,0.9533777777777778,0.8733333333333333,-0.23055195447553778
0.25,13,adaptive_evidence,1.6893349384847443,0.1,0.9171333333333334,0.9052444444444444,0.9528,-0.23055195447553778
0.25,13,conservative_max,1.8750478884192867,0.1,0.9239333333333334,0.9247111111111112,0.9216,-0.23055195447553778
0.25,14,single_m1,1.3059891640272423,0.1,0.46886666666666665,0.5888444444444444,0.10893333333333333,-0.22772324038766908
0.25,14,algorithm_diverse,0.7869814057703232,0.1,0.7366,0.9437333333333333,0.1152,-0.22772324038766908
0.25,14,evidence_diverse,1.3553588824742338,0.1,0.8318666666666666,0.7828,0.9790666666666666,-0.22772324038766908
0.25,14,max_pool,1.9661108512332688,0.1,0.9256666666666666,0.9241777777777778,0.9301333333333334,-0.22772324038766908
0.25,14,weighted_max,1.653953395788621,0.1,0.9327666666666666,0.9228444444444445,0.9625333333333334,-0.22772324038766908
0.25,14,hybrid_evidence,1.5469399561104478,0.1,0.9338333333333333,0.9515555555555556,0.8806666666666667,-0.22772324038766908
0.25,14,adaptive_evidence,1.6862107804303585,0.1,0.9163666666666667,0.9024444444444445,0.9581333333333333,-0.22772324038766908
0.25,14,conservative_max,1.8678053086716053,0.1,0.9256666666666666,0.9241777777777778,0.9301333333333334,-0.22772324038766908
0.25,15,single_m1,1.3077771251170571,0.1,0.4698,0.59,0.1092,-0.22994119335652705
0.25,15,algorithm_diverse,0.7864053640094792,0.1,0.7366,0.9434666666666667,0.116,-0.22994119335652705
0.25,15,evidence_diverse,1.3767291233008825,0.1,0.8249666666666666,0.7745777777777778,0.9761333333333333,-0.22994119335652705
0.25,15,max_pool,1.9784455226265965,0.1,0.923,0.9232,0.9224,-0.22994119335652705
0.25,15,weighted_max,1.659935758299982,0.1,0.9339,0.9256,0.9588,-0.22994119335652705
0.25,15,hybrid_evidence,1.5539424646146416,0.1,0.9317333333333333,0.9503555555555555,0.8758666666666667,-0.22994119335652705
0.25,15,adaptive_evidence,1.6936182269069544,0.1,0.9166,0.9039555555555555,0.9545333333333333,-0.22994119335652705
0.25,15,conservative_max,1.8795232464952667,0.1,0.923,0.9232,0.9224,-0.22994119335652705
0.25,16,single_m1,1.305356614889506,0.1,0.47203333333333336,0.5929777777777778,0.1092,-0.2289369404383753
0.25,16,algorithm_diverse,0.7864923958247264,0.1,0.7384666666666667,0.9476,0.11106666666666666,-0.2289369404383753
0.25,16,evidence_diverse,1.3669515643157508,0.1,0.8291666666666667,0.7801777777777777,0.9761333333333333,-0.2289369404383753
0.25,16,max_pool,1.96090001628922,0.1,0.9255666666666666,0.9251111111111111,0.9269333333333334,-0.2289369404383753
0.25,16,weighted_max,1.6629906257987697,0.1,0.9322,0.9228,0.9604,-0.2289369404383753
0.25,16,hybrid_evidence,1.541378412133244,0.1,0.9345333333333333,0.9521777777777778,0.8816,-0.2289369404383753
0.25,16,adaptive_evidence,1.6901920917819773,0.1,0.9172666666666667,0.9044,0.9558666666666666,-0.2289369404383753
0.25,16,conservative_max,1.862855015474759,0.1,0.9255666666666666,0.9251111111111111,0.9269333333333334,-0.2289369404383753
0.25,17,single_m1,1.3056614407429241,0.1,0.4694333333333333,0.5920888888888889,0.10146666666666666,-0.22713790104437118
0.25,17,algorithm_diverse,0.7979324272329246,0.1,0.7332333333333333,0.9416444444444444,0.108,-0.22713790104437118
0.25,17,evidence_diverse,1.384195934089039,0.1,0.8193333333333334,0.7681777777777777,0.9728,-0.22713790104437118
0.25,17,max_pool,1.9858036939661807,0.1,0.9215333333333333,0.9217333333333333,0.9209333333333334,-0.22713790104437118
0.25,17,weighted_max,1.6724911777050953,0.1,0.931,0.9220444444444444,0.9578666666666666,-0.22713790104437118
0.25,17,hybrid_evidence,1.5685319720400346,0.1,0.9298333333333333,0.9499111111111112,0.8696,-0.22713790104437118
0.25,17,adaptive_evidence,1.701531941480038,0.1,0.9157333333333333,0.9030222222222222,0.9538666666666666,-0.22713790104437118
0.25,17,conservative_max,1.8865135092678718,0.1,0.9215333333333333,0.9217333333333333,0.9209333333333334,-0.22713790104437118
0.25,18,single_m1,1.3054812013471886,0.1,0.4696,0.5891111111111111,0.11106666666666666,-0.22997634097417133
0.25,18,algorithm_diverse,0.7872465155184837,0.1,0.7365333333333334,0.9445777777777777,0.1124,-0.22997634097417133
0.25,18,evidence_diverse,1.390826475479833,0.1,0.8184333333333333,0.7656888888888889,0.9766666666666667,-0.22997634097417133
0.25,18,max_pool,1.985317490728379,0.1,0.9222,0.9209333333333334,0.926,-0.22997634097417133
0.25,18,weighted_max,1.6760556388970502,0.1,0.9311,0.9207555555555555,0.9621333333333333,-0.22997634097417133
0.25,18,hybrid_evidence,1.56288942875609,0.1,0.9314666666666667,0.9496444444444444,0.8769333333333333,-0.22997634097417133
0.25,18,adaptive_evidence,1.7057343849552744,0.1,0.9139,0.8991111111111111,0.9582666666666667,-0.22997634097417133
0.25,18,conservative_max,1.88605161619196,0.1,0.9222,0.9209333333333334,0.926,-0.22997634097417133
0.25,19,single_m1,1.323781642456137,0.1,0.46663333333333334,0.5871555555555555,0.10506666666666667,-0.22761425803049254
0.25,19,algorithm_diverse,0.7797706726467207,0.1,0.7363333333333333,0.9460888888888889,0.10706666666666667,-0.22761425803049254
0.25,19,evidence_diverse,1.3614269603726432,0.1,0.8292666666666667,0.7796,0.9782666666666666,-0.22761425803049254
0.25,19,max_pool,1.9707876348642752,0.1,0.924,0.9244888888888889,0.9225333333333333,-0.22761425803049254
0.25,19,weighted_max,1.65757639600748,0.1,0.9329666666666667,0.9239555555555555,0.96,-0.22761425803049254
0.25,19,hybrid_evidence,1.551877418376557,0.1,0.9316666666666666,0.9521777777777778,0.8701333333333333,-0.22761425803049254
0.25,19,adaptive_evidence,1.6901167522671716,0.1,0.9168333333333333,0.9038222222222222,0.9558666666666666,-0.22761425803049254
0.25,19,conservative_max,1.8722482531210614,0.1,0.924,0.9244888888888889,0.9225333333333333,-0.22761425803049254
0.25,20,single_m1,1.296951928397449,0.1,0.4711666666666667,0.5928,0.10626666666666666,-0.22987093743127565
0.25,20,algorithm_diverse,0.7729140348852617,0.1,0.7390666666666666,0.9483555555555555,0.1112,-0.22987093743127565
0.25,20,evidence_diverse,1.368187652445996,0.1,0.8285333333333333,0.7778222222222222,0.9806666666666667,-0.22987093743127565
0.25,20,max_pool,1.9650392982060079,0.1,0.9237333333333333,0.9236888888888889,0.9238666666666666,-0.22987093743127565
0.25,20,weighted_max,1.6485167213293166,0.1,0.9338,0.9242222222222222,0.9625333333333334,-0.22987093743127565
0.25,20,hybrid_evidence,1.5342527605706775,0.1,0.9339,0.9530666666666666,0.8764,-0.22987093743127565
0.25,20,adaptive_evidence,1.6810580012864136,0.1,0.9182,0.9054666666666666,0.9564,-0.22987093743127565
0.25,20,conservative_max,1.8667873332957075,0.1,0.9237333333333333,0.9236888888888889,0.9238666666666666,-0.22987093743127565
0.25,21,single_m1,1.3104905013214587,0.1,0.4653333333333333,0.5844,0.10813333333333333,-0.2287229894246302
0.25,21,algorithm_diverse,0.7819583499009373,0.1,0.7378666666666667,0.9459111111111111,0.11373333333333334,-0.2287229894246302
0.25,21,evidence_diverse,1.3701215696212157,0.1,0.8221333333333334,0.7707111111111111,0.9764,-0.2287229894246302
0.25,21,max_pool,1.9771267457624937,0.1,0.9221333333333334,0.9232444444444444,0.9188,-0.2287229894246302
0.25,21,weighted_max,1.6628563675879988,0.1,0.9314,0.9224888888888889,0.9581333333333333,-0.2287229894246302
0.25,21,hybrid_evidence,1.551723308845839,0.1,0.9325666666666667,0.9530666666666666,0.8710666666666667,-0.2287229894246302
0.25,21,adaptive_evidence,1.6942509550188214,0.1,0.9161666666666667,0.904,0.9526666666666667,-0.2287229894246302
0.25,21,conservative_max,1.8782704084743689,0.1,0.9221333333333334,0.9232444444444444,0.9188,-0.2287229894246302
0.25,22,single_m1,1.318654973554941,0.1,0.4666,0.5866222222222223,0.10653333333333333,-0.2298156726430688
0.25,22,algorithm_diverse,0.7955865610104074,0.1,0.7345333333333334,0.9431111111111111,0.1088,-0.2298156726430688
0.25,22,evidence_diverse,1.3815815819382862,0.1,0.8187666666666666,0.7672,0.9734666666666667,-0.2298156726430688
0.25,22,max_pool,1.979856263217846,0.1,0.9222,0.9219111111111111,0.9230666666666667,-0.2298156726430688
0.25,22,weighted_max,1.669663717587655,0.1,0.9312,0.9228,0.9564,-0.2298156726430688
0.25,22,hybrid_evidence,1.5619199000712076,0.1,0.9297,0.9490222222222222,0.8717333333333334,-0.2298156726430688
0.25,22,adaptive_evidence,1.7021862708931748,0.1,0.9145333333333333,0.9019111111111111,0.9524,-0.2298156726430688
0.25,22,conservative_max,1.8808634500569539,0.1,0.9222,0.9219111111111111,0.9230666666666667,-0.2298156726430688
0.25,23,single_m1,1.3015418405261394,0.1,0.4715666666666667,0.5927111111111111,0.10813333333333333,-0.23116683796896134
0.25,23,algorithm_diverse,0.7771297204103121,0.1,0.7396,0.9472888888888888,0.11653333333333334,-0.23116683796896134
0.25,23,evidence_diverse,1.355341734083966,0.1,0.8333333333333334,0.7849777777777778,0.9784,-0.23116683796896134
0.25,23,max_pool,1.9762942415393778,0.1,0.9251,0.9236444444444445,0.9294666666666667,-0.23116683796896134
0.25,23,weighted_max,1.6559584035404946,0.1,0.9327,0.9234222222222223,0.9605333333333334,-0.23116683796896134
0.25,23,hybrid_evidence,1.5493981415383304,0.1,0.9326,0.9521333333333334,0.874,-0.23116683796896134
0.25,23,adaptive_evidence,1.6902484896106995,0.1,0.917,0.904,0.956,-0.23116683796896134
0.25,23,conservative_max,1.877479529462409,0.1,0.9251,0.9236444444444445,0.9294666666666667,-0.23116683796896134
0.25,24,single_m1,1.2967726397385606,0.1,0.47513333333333335,0.5972444444444445,0.1088,-0.2297028082978618
0.25,24,algorithm_diverse,0.7848775979724081,0.1,0.7388333333333333,0.9456444444444444,0.1184,-0.2297028082978618
0.25,24,evidence_diverse,1.3769505373330595,0.1,0.8273666666666667,0.7769777777777778,0.9785333333333334,-0.2297028082978618
0.25,24,max_pool,1.9753602456248347,0.1,0.9233666666666667,0.9231111111111111,0.9241333333333334,-0.2297028082978618
0.25,24,weighted_max,1.6690219894468452,0.1,0.932,0.9227555555555556,0.9597333333333333,-0.2297028082978618
0.25,24,hybrid_evidence,1.5479536639546112,0.1,0.9332,0.9520888888888889,0.8765333333333334,-0.2297028082978618
0.25,24,adaptive_evidence,1.6982360592864598,0.1,0.9168666666666667,0.9043555555555556,0.9544,-0.2297028082978618
0.25,24,conservative_max,1.876592233343593,0.1,0.9233666666666667,0.9231111111111111,0.9241333333333334,-0.2297028082978618
0.25,25,single_m1,1.295979104271805,0.1,0.47323333333333334,0.594,0.11093333333333333,-0.22964287175474904
0.25,25,algorithm_diverse,0.7843395611204151,0.1,0.7388333333333333,0.9463555555555555,0.11626666666666667,-0.22964287175474904
0.25,25,evidence_diverse,1.3707693607578553,0.1,0.8236,0.7722222222222223,0.9777333333333333,-0.22964287175474904
0.25,25,max_pool,1.9777903938231418,0.1,0.9225,0.9216444444444445,0.9250666666666667,-0.22964287175474904
0.25,25,weighted_max,1.6635437335618677,0.1,0.9317666666666666,0.9225777777777778,0.9593333333333334,-0.22964287175474904
0.25,25,hybrid_evidence,1.556166254308088,0.1,0.9323333333333333,0.9507555555555556,0.8770666666666667,-0.22964287175474904
0.25,25,adaptive_evidence,1.6951784876451461,0.1,0.9148333333333334,0.9011111111111111,0.956,-0.22964287175474904
0.25,25,conservative_max,1.8789008741319846,0.1,0.9225,0.9216444444444445,0.9250666666666667,-0.22964287175474904
0.25,26,single_m1,1.3175336137700986,0.1,0.4656,0.5856888888888889,0.10533333333333333,-0.22907130834556264
0.25,26,algorithm_diverse,0.7709480506922567,0.1,0.7428333333333333,0.9488444444444445,0.1248,-0.22907130834556264
0.25,26,evidence_diverse,1.3835715103278765,0.1,0.8204333333333333,0.7697777777777778,0.9724,-0.22907130834556264
0.25,26,max_pool,1.976648563066128,0.1,0.9197,0.9192444444444444,0.9210666666666667,-0.22907130834556264
0.25,26,weighted_max,1.663119047606722,0.1,0.9286666666666666,0.9201333333333334,0.9542666666666667,-0.22907130834556264
0.25,26,hybrid_evidence,1.5509398778346797,0.1,0.9313,0.9510666666666666,0.872,-0.22907130834556264
0.25,26,adaptive_evidence,1.6999127407881718,0.1,0.9109333333333334,0.8980444444444444,0.9496,-0.22907130834556264
0.25,26,conservative_max,1.8778161349128215,0.1,0.9197,0.9192444444444444,0.9210666666666667,-0.22907130834556264
0.25,27,single_m1,1.3022153320223784,0.1,0.4707,0.5924,0.1056,-0.23328660976170745
0.25,27,algorithm_diverse,0.7863366668326928,0.1,0.7374333333333334,0.9463111111111111,0.1108,-0.23328660976170745
0.25,27,evidence_diverse,1.3722874642959848,0.1,0.8253,0.7749777777777778,0.9762666666666666,-0.23328660976170745
0.25,27,max_pool,1.9697766971169173,0.1,0.9256333333333333,0.9260888888888889,0.9242666666666667,-0.23328660976170745
0.25,27,weighted_max,1.6651312106358278,0.1,0.9333,0.9246222222222222,0.9593333333333334,-0.23328660976170745
0.25,27,hybrid_evidence,1.550647648203376,0.1,0.9334666666666667,0.9527555555555556,0.8756,-0.23328660976170745
0.25,27,adaptive_evidence,1.6968471433389825,0.1,0.9174333333333333,0.9048444444444445,0.9552,-0.23328660976170745
0.25,27,conservative_max,1.8712878622610714,0.1,0.9256333333333333,0.9260888888888889,0.9242666666666667,-0.23328660976170745
0.25,28,single_m1,1.2903418263987405,0.1,0.4721666666666667,0.5930666666666666,0.10946666666666667,-0.2265149818435518
0.25,28,algorithm_diverse,0.7721434528474738,0.1,0.7389666666666667,0.9484888888888889,0.1104,-0.2265149818435518
0.25,28,evidence_diverse,1.3651131537409043,0.1,0.8292,0.7790666666666667,0.9796,-0.2265149818435518
0.25,28,max_pool,1.9763509467560159,0.1,0.9231333333333334,0.9224444444444444,0.9252,-0.2265149818435518
0.25,28,weighted_max,1.6604105721535785,0.1,0.9321,0.9226666666666666,0.9604,-0.2265149818435518
0.25,28,hybrid_evidence,1.548726217988187,0.1,0.933,0.9512444444444444,0.8782666666666666,-0.2265149818435518
0.25,28,adaptive_evidence,1.6902618398192872,0.1,0.9158666666666667,0.9024,0.9562666666666667,-0.2265149818435518
0.25,28,conservative_max,1.8775333994182148,0.1,0.9231333333333334,0.9224444444444444,0.9252,-0.2265149818435518
0.25,29,single_m1,1.3066016143633858,0.1,0.4719,0.5931111111111111,0.10826666666666666,-0.2294069844278054
0.25,29,algorithm_diverse,0.7942813704646924,0.1,0.7387666666666667,0.9456888888888889,0.118,-0.2294069844278054
0.25,29,evidence_diverse,1.3741228301076152,0.1,0.8262666666666667,0.7763555555555556,0.976,-0.2294069844278054
0.25,29,max_pool,1.9812735570372078,0.1,0.9249,0.9248888888888889,0.9249333333333334,-0.2294069844278054
0.25,29,weighted_max,1.6689233828019456,0.1,0.9346333333333333,0.9261333333333334,0.9601333333333333,-0.2294069844278054
0.25,29,hybrid_evidence,1.5620609166460002,0.1,0.9317666666666666,0.9512444444444444,0.8733333333333333,-0.2294069844278054
0.25,29,adaptive_evidence,1.7033247443806785,0.1,0.9173666666666667,0.9040888888888889,0.9572,-0.2294069844278054
0.25,29,conservative_max,1.8822098791853472,0.1,0.9249,0.9248888888888889,0.9249333333333334,-0.2294069844278054
0.5,0,single_m1,1.3021232040472863,0.1,0.3549333333333333,0.5959333333333333,0.11393333333333333,-0.22817428640789572
0.5,0,algorithm_diverse,0.7857499466979281,0.1,0.5288,0.9460666666666666,0.11153333333333333,-0.22817428640789572
0.5,0,evidence_diverse,1.3717411459038593,0.1,0.8737,0.7716,0.9758,-0.22817428640789572
0.5,0,max_pool,1.979925055200246,0.1,0.9227,0.9224666666666667,0.9229333333333334,-0.22817428640789572
0.5,0,weighted_max,1.6610079684770007,0.1,0.9427666666666666,0.9256,0.9599333333333333,-0.22817428640789572
0.5,0,hybrid_evidence,1.5526724421721867,0.1,0.9126,0.9506666666666667,0.8745333333333334,-0.22817428640789572
0.5,0,adaptive_evidence,1.6987908999807149,0.1,0.9279333333333334,0.9017333333333334,0.9541333333333334,-0.22817428640789572
0.5,0,conservative_max,1.8809288024402337,0.1,0.9227,0.9224666666666667,0.9229333333333334,-0.22817428640789572
0.5,1,single_m1,1.294221057398263,0.1,0.3522666666666667,0.5973333333333334,0.1072,-0.23211235694904353
0.5,1,algorithm_diverse,0.7741525069297664,0.1,0.5323666666666667,0.9506,0.11413333333333334,-0.23211235694904353
0.5,1,evidence_diverse,1.3845407055904815,0.1,0.8693,0.7619333333333334,0.9766666666666667,-0.23211235694904353
0.5,1,max_pool,1.9717841258125217,0.1,0.9251,0.9252666666666667,0.9249333333333334,-0.23211235694904353
0.5,1,weighted_max,1.6615547712634424,0.1,0.9435333333333333,0.9251333333333334,0.9619333333333333,-0.23211235694904353
0.5,1,hybrid_evidence,1.5478841179256027,0.1,0.9143666666666667,0.9532,0.8755333333333334,-0.23211235694904353
0.5,1,adaptive_evidence,1.6976135541562054,0.1,0.9303666666666667,0.9038,0.9569333333333333,-0.23211235694904353
0.5,1,conservative_max,1.8731949195218955,0.1,0.9251,0.9252666666666667,0.9249333333333334,-0.23211235694904353
0.5,2,single_m1,1.299665663234799,0.1,0.35296666666666665,0.5965333333333334,0.1094,-0.23148152486906
0.5,2,algorithm_diverse,0.782036671740407,0.1,0.5292666666666667,0.9460666666666666,0.11246666666666667,-0.23148152486906
0.5,2,evidence_diverse,1.3830579487444645,0.1,0.8714333333333333,0.7676666666666667,0.9752,-0.23148152486906
0.5,2,max_pool,1.977096947975315,0.1,0.9234,0.9236666666666666,0.9231333333333334,-0.23148152486906
0.5,2,weighted_max,1.66508400423397,0.1,0.9409,0.9234,0.9584,-0.23148152486906
0.5,2,hybrid_evidence,1.5545411378168725,0.1,0.9145,0.9530666666666666,0.8759333333333333,-0.23148152486906
0.5,2,adaptive_evidence,1.6920173844122588,0.1,0.9299666666666667,0.9048666666666667,0.9550666666666666,-0.23148152486906
0.5,2,conservative_max,1.8782421005765493,0.1,0.9234,0.9236666666666666,0.9231333333333334,-0.23148152486906
0.5,3,single_m1,1.3245485913656934,0.1,0.342,0.5773333333333334,0.10666666666666667,-0.2340367352255722
0.5,3,algorithm_diverse,0.7863697632338225,0.1,0.5311666666666667,0.9465333333333333,0.1158,-0.2340367352255722
0.5,3,evidence_diverse,1.3694058984819084,0.1,0.8779666666666667,0.7760666666666667,0.9798666666666667,-0.2340367352255722
0.5,3,max_pool,1.9700215740607698,0.1,0.9287,0.9265333333333333,0.9308666666666666,-0.2340367352255722
0.5,3,weighted_max,1.6535425627923863,0.1,0.9455666666666667,0.9267333333333333,0.9644,-0.2340367352255722
0.5,3,hybrid_evidence,1.5473696226478515,0.1,0.9172666666666667,0.9534,0.8811333333333333,-0.2340367352255722
0.5,3,adaptive_evidence,1.6881591582176934,0.1,0.9341,0.9075333333333333,0.9606666666666667,-0.2340367352255722
0.5,3,conservative_max,1.8715204953577314,0.1,0.9287,0.9265333333333333,0.9308666666666666,-0.2340367352255722
0.5,4,single_m1,1.3026666836731977,0.1,0.35133333333333333,0.5926666666666667,0.11,-0.22685966084491507
0.5,4,algorithm_diverse,0.7898840750292919,0.1,0.5296,0.9433333333333334,0.11586666666666667,-0.22685966084491507
0.5,4,evidence_diverse,1.3710971412172803,0.1,0.8773,0.7760666666666667,0.9785333333333334,-0.22685966084491507
0.5,4,max_pool,1.9755622207992378,0.1,0.9251,0.9216,0.9286,-0.22685966084491507
0.5,4,weighted_max,1.6635957052924484,0.1,0.9418,0.922,0.9616,-0.22685966084491507
0.5,4,hybrid_evidence,1.5541988498040697,0.1,0.9159666666666667,0.9514666666666667,0.8804666666666666,-0.22685966084491507
0.5,4,adaptive_evidence,1.693389658261049,0.1,0.9289,0.9011333333333333,0.9566666666666667,-0.22685966084491507
0.5,4,conservative_max,1.876784109759276,0.1,0.9251,0.9216,0.9286,-0.22685966084491507
0.5,5,single_m1,1.3149341784221407,0.1,0.3469,0.5872666666666667,0.10653333333333333,-0.22858718923939106
0.5,5,algorithm_diverse,0.784814974550917,0.1,0.5279333333333334,0.9443333333333334,0.11153333333333333,-0.22858718923939106
0.5,5,evidence_diverse,1.369455342806617,0.1,0.8776333333333334,0.7766,0.9786666666666667,-0.22858718923939106
0.5,5,max_pool,1.9786087977032498,0.1,0.9243666666666667,0.9232666666666667,0.9254666666666667,-0.22858718923939106
0.5,5,weighted_max,1.6551715491574204,0.1,0.9434666666666667,0.9246666666666666,0.9622666666666667,-0.22858718923939106
0.5,5,hybrid_evidence,1.5588221224336154,0.1,0.9119333333333334,0.9502,0.8736666666666667,-0.22858718923939106
0.5,5,adaptive_evidence,1.6963605997793867,0.1,0.9303333333333333,0.9040666666666667,0.9566,-0.22858718923939106
0.5,5,conservative_max,1.8796783578180871,0.1,0.9243666666666667,0.9232666666666667,0.9254666666666667,-0.22858718923939106
0.5,6,single_m1,1.2924349100549235,0.1,0.3527,0.5952,0.1102,-0.2312029206515678
0.5,6,algorithm_diverse,0.7801179906099901,0.1,0.531,0.9490666666666666,0.11293333333333333,-0.2312029206515678
0.5,6,evidence_diverse,1.3664725417746184,0.1,0.8767333333333334,0.7794,0.9740666666666666,-0.2312029206515678
0.5,6,max_pool,1.977187860783157,0.1,0.9236333333333333,0.9234666666666667,0.9238,-0.2312029206515678
0.5,6,weighted_max,1.659817261999452,0.1,0.9410333333333334,0.9247333333333333,0.9573333333333334,-0.2312029206515678
0.5,6,hybrid_evidence,1.5513315076881522,0.1,0.912,0.9509333333333333,0.8730666666666667,-0.2312029206515678
0.5,6,adaptive_evidence,1.6954244795526476,0.1,0.9298,0.9060666666666667,0.9535333333333333,-0.2312029206515678
0.5,6,conservative_max,1.878328467743999,0.1,0.9236333333333333,0.9234666666666667,0.9238,-0.2312029206515678
0.5,7,single_m1,1.3085157213836098,0.1,0.3476666666666667,0.588,0.10733333333333334,-0.23492954112365982
0.5,7,algorithm_diverse,0.7871671952754294,0.1,0.5298,0.9476,0.112,-0.23492954112365982
0.5,7,evidence_diverse,1.373104412042777,0.1,0.8765666666666667,0.7757333333333334,0.9774,-0.23492954112365982
0.5,7,max_pool,1.980290411557239,0.1,0.9246333333333333,0.9264,0.9228666666666666,-0.23492954112365982
0.5,7,weighted_max,1.6611561079578936,0.1,0.9434333333333333,0.9264,0.9604666666666667,-0.23492954112365982
0.5,7,hybrid_evidence,1.5590886340810128,0.1,0.9126666666666666,0.9526,0.8727333333333334,-0.23492954112365982
0.5,7,adaptive_evidence,1.6916870691337818,0.1,0.9323,0.9081333333333333,0.9564666666666667,-0.23492954112365982
0.5,7,conservative_max,1.881275890979377,0.1,0.9246333333333333,0.9264,0.9228666666666666,-0.23492954112365982
0.5,8,single_m1,1.3027455652096505,0.1,0.3516666666666667,0.5943333333333334,0.109,-0.22575279024328335
0.5,8,algorithm_diverse,0.7880289916639641,0.1,0.5287666666666667,0.9448666666666666,0.11266666666666666,-0.22575279024328335
0.5,8,evidence_diverse,1.3682528024530531,0.1,0.8713,0.7674,0.9752,-0.22575279024328335
0.5,8,max_pool,1.9822023956856227,0.1,0.9200666666666667,0.9186,0.9215333333333333,-0.22575279024328335
0.5,8,weighted_max,1.6657828786830733,0.1,0.9388666666666666,0.9196666666666666,0.9580666666666666,-0.22575279024328335
0.5,8,hybrid_evidence,1.5555089067680672,0.1,0.9095,0.9478,0.8712,-0.22575279024328335
0.5,8,adaptive_evidence,1.6957332394866556,0.1,0.9274,0.9014,0.9534,-0.22575279024328335
0.5,8,conservative_max,1.8830922759013415,0.1,0.9200666666666667,0.9186,0.9215333333333333,-0.22575279024328335
0.5,9,single_m1,1.3048497839704376,0.1,0.34886666666666666,0.5881333333333333,0.1096,-0.228877157785938
0.5,9,algorithm_diverse,0.8026002212825297,0.1,0.5284666666666666,0.9428666666666666,0.11406666666666666,-0.228877157785938
0.5,9,evidence_diverse,1.3795195307319732,0.1,0.8752333333333333,0.7737333333333334,0.9767333333333333,-0.228877157785938
0.5,9,max_pool,1.989566867976118,0.1,0.9213,0.9196,0.923,-0.228877157785938
0.5,9,weighted_max,1.679987228257809,0.1,0.9382,0.9192666666666667,0.9571333333333333,-0.228877157785938
0.5,9,hybrid_evidence,1.5593238980966813,0.1,0.9139666666666667,0.9506,0.8773333333333333,-0.228877157785938
0.5,9,adaptive_evidence,1.7084619385124888,0.1,0.9259666666666667,0.9002666666666667,0.9516666666666667,-0.228877157785938
0.5,9,conservative_max,1.890088524577312,0.1,0.9213,0.9196,0.923,-0.228877157785938
0.5,10,single_m1,1.3072282379596332,0.1,0.3448,0.5834,0.1062,-0.22961346890384293
0.5,10,algorithm_diverse,0.780283969354477,0.1,0.5328,0.9466666666666667,0.11893333333333334,-0.22961346890384293
0.5,10,evidence_diverse,1.3783526147403689,0.1,0.875,0.7736666666666666,0.9763333333333334,-0.22961346890384293
0.5,10,max_pool,1.9770813976815953,0.1,0.9236333333333333,0.9240666666666667,0.9232,-0.22961346890384293
0.5,10,weighted_max,1.6788135416065635,0.1,0.9384333333333333,0.9197333333333333,0.9571333333333333,-0.22961346890384293
0.5,10,hybrid_evidence,1.5527227786357316,0.1,0.9125333333333333,0.9508666666666666,0.8742,-0.22961346890384293
0.5,10,adaptive_evidence,1.7030474564704476,0.1,0.9288666666666666,0.9047333333333333,0.953,-0.22961346890384293
0.5,10,conservative_max,1.8782273277975154,0.1,0.9236333333333333,0.9240666666666667,0.9232,-0.22961346890384293
0.5,11,single_m1,1.3017278263073588,0.1,0.34833333333333333,0.5894,0.10726666666666666,-0.2308312307463277
0.5,11,algorithm_diverse,0.7826304063011971,0.1,0.5324666666666666,0.9466,0.11833333333333333,-0.2308312307463277
0.5,11,evidence_diverse,1.361101866365965,0.1,0.8775,0.7773333333333333,0.9776666666666667,-0.2308312307463277
0.5,11,max_pool,1.978332251174702,0.1,0.9237666666666666,0.923,0.9245333333333333,-0.2308312307463277
0.5,11,weighted_max,1.6642484683286256,0.1,0.9408,0.9232,0.9584,-0.2308312307463277
0.5,11,hybrid_evidence,1.5585062635673579,0.1,0.9112666666666667,0.9494,0.8731333333333333,-0.2308312307463277
0.5,11,adaptive_evidence,1.6930759415337535,0.1,0.9289333333333334,0.9038,0.9540666666666666,-0.2308312307463277
0.5,11,conservative_max,1.8794156386159668,0.1,0.9237666666666666,0.923,0.9245333333333333,-0.2308312307463277
0.5,12,single_m1,1.3114866752280423,0.1,0.3531,0.592,0.1142,-0.2274373873464547
0.5,12,algorithm_diverse,0.7818012908063753,0.1,0.5303666666666667,0.9456666666666667,0.11506666666666666,-0.2274373873464547
0.5,12,evidence_diverse,1.3601536761216044,0.1,0.8778,0.7796,0.976,-0.2274373873464547
0.5,12,max_pool,1.9725146393797182,0.1,0.9203666666666667,0.9220666666666667,0.9186666666666666,-0.2274373873464547
0.5,12,weighted_max,1.6657693344268103,0.1,0.9386333333333333,0.9212,0.9560666666666666,-0.2274373873464547
0.5,12,hybrid_evidence,1.5484694023744985,0.1,0.9113333333333333,0.9508,0.8718666666666667,-0.2274373873464547
0.5,12,adaptive_evidence,1.6962995391885864,0.1,0.9272,0.9034,0.951,-0.2274373873464547
0.5,12,conservative_max,1.873888907410732,0.1,0.9203666666666667,0.9220666666666667,0.9186666666666666,-0.2274373873464547
0.5,13,single_m1,1.3205799022492806,0.1,0.3457,0.5858,0.1056,-0.2290623793808153
0.5,13,algorithm_diverse,0.779125851662201,0.1,0.5337666666666666,0.9466,0.12093333333333334,-0.2290623793808153
0.5,13,evidence_diverse,1.3665692042382556,0.1,0.8769333333333333,0.7793333333333333,0.9745333333333334,-0.2290623793808153
0.5,13,max_pool,1.9737346193887229,0.1,0.923,0.9233333333333333,0.9226666666666666,-0.2290623793808153
0.5,13,weighted_max,1.657286542543235,0.1,0.9416333333333333,0.9258,0.9574666666666667,-0.2290623793808153
0.5,13,hybrid_evidence,1.5487779723804767,0.1,0.9122,0.9524666666666667,0.8719333333333333,-0.2290623793808153
0.5,13,adaptive_evidence,1.6893349384847443,0.1,0.9293333333333333,0.9053333333333333,0.9533333333333334,-0.2290623793808153
0.5,13,conservative_max,1.8750478884192867,0.1,0.923,0.9233333333333333,0.9226666666666666,-0.2290623793808153
0.5,14,single_m1,1.3059891640272423,0.1,0.34723333333333334,0.5885333333333334,0.10593333333333334,-0.22699118816267613
0.5,14,algorithm_diverse,0.7869814057703232,0.1,0.5296,0.9450666666666667,0.11413333333333334,-0.22699118816267613
0.5,14,evidence_diverse,1.3553588824742338,0.1,0.8799,0.7816666666666666,0.9781333333333333,-0.22699118816267613
0.5,14,max_pool,1.9661108512332688,0.1,0.9257333333333333,0.9246,0.9268666666666666,-0.22699118816267613
0.5,14,weighted_max,1.653953395788621,0.1,0.9433666666666667,0.9262666666666667,0.9604666666666667,-0.22699118816267613
0.5,14,hybrid_evidence,1.5469399561104478,0.1,0.9147333333333333,0.9523333333333334,0.8771333333333333,-0.22699118816267613
0.5,14,adaptive_evidence,1.6862107804303585,0.1,0.9314666666666667,0.9063333333333333,0.9566,-0.22699118816267613
0.5,14,conservative_max,1.8678053086716053,0.1,0.9257333333333333,0.9246,0.9268666666666666,-0.22699118816267613
0.5,15,single_m1,1.3077771251170571,0.1,0.3516,0.5942666666666667,0.10893333333333333,-0.22577873186967176
0.5,15,algorithm_diverse,0.7864053640094792,0.1,0.5264666666666666,0.9428666666666666,0.11006666666666666,-0.22577873186967176
0.5,15,evidence_diverse,1.3767291233008825,0.1,0.8730666666666667,0.7716,0.9745333333333334,-0.22577873186967176
0.5,15,max_pool,1.9784455226265965,0.1,0.9218,0.9205333333333333,0.9230666666666667,-0.22577873186967176
0.5,15,weighted_max,1.659935758299982,0.1,0.9406333333333333,0.9225333333333333,0.9587333333333333,-0.22577873186967176
0.5,15,hybrid_evidence,1.5539424646146416,0.1,0.9106666666666666,0.95,0.8713333333333333,-0.22577873186967176
0.5,15,adaptive_evidence,1.6936182269069544,0.1,0.9282333333333334,0.9027333333333334,0.9537333333333333,-0.22577873186967176
0.5,15,conservative_max,1.8795232464952667,0.1,0.9218,0.9205333333333333,0.9230666666666667,-0.22577873186967176
0.5,16,single_m1,1.305356614889506,0.1,0.3505333333333333,0.5888,0.11226666666666667,-0.23137738341523906
0.5,16,algorithm_diverse,0.7864923958247264,0.1,0.5319,0.9485333333333333,0.11526666666666667,-0.23137738341523906
0.5,16,evidence_diverse,1.3669515643157508,0.1,0.878,0.7796666666666666,0.9763333333333334,-0.23137738341523906
0.5,16,max_pool,1.96090001628922,0.1,0.9263666666666667,0.9236,0.9291333333333334,-0.23137738341523906
0.5,16,weighted_max,1.6629906257987697,0.1,0.9418333333333333,0.9226666666666666,0.961,-0.23137738341523906
0.5,16,hybrid_evidence,1.541378412133244,0.1,0.9150666666666667,0.9525333333333333,0.8776,-0.23137738341523906
0.5,16,adaptive_evidence,1.6901920917819773,0.1,0.9292666666666667,0.9012666666666667,0.9572666666666667,-0.23137738341523906
0.5,16,conservative_max,1.862855015474759,0.1,0.9263666666666667,0.9236,0.9291333333333334,-0.23137738341523906
0.5,17,single_m1,1.3056614407429241,0.1,0.3472,0.5906,0.1038,-0.23190448769077152
0.5,17,algorithm_diverse,0.7979324272329246,0.1,0.5271,0.9449333333333333,0.10926666666666666,-0.23190448769077152
0.5,17,evidence_diverse,1.384195934089039,0.1,0.8714,0.7679333333333334,0.9748666666666667,-0.23190448769077152
0.5,17,max_pool,1.9858036939661807,0.1,0.9205666666666666,0.9208666666666666,0.9202666666666667,-0.23190448769077152
0.5,17,weighted_max,1.6724911777050953,0.1,0.9396666666666667,0.9224666666666667,0.9568666666666666,-0.23190448769077152
0.5,17,hybrid_evidence,1.5685319720400346,0.1,0.9088333333333334,0.9499333333333333,0.8677333333333334,-0.23190448769077152
0.5,17,adaptive_evidence,1.701531941480038,0.1,0.9275,0.9025333333333333,0.9524666666666667,-0.23190448769077152
0.5,17,conservative_max,1.8865135092678718,0.1,0.9205666666666666,0.9208666666666666,0.9202666666666667,-0.23190448769077152
0.5,18,single_m1,1.3054812013471886,0.1,0.34963333333333335,0.5912,0.10806666666666667,-0.22818976137224598
0.5,18,algorithm_diverse,0.7872465155184837,0.1,0.5295,0.9444,0.1146,-0.22818976137224598
0.5,18,evidence_diverse,1.390826475479833,0.1,0.8716333333333334,0.7654,0.9778666666666667,-0.22818976137224598
0.5,18,max_pool,1.985317490728379,0.1,0.9232,0.9210666666666667,0.9253333333333333,-0.22818976137224598
0.5,18,weighted_max,1.6760556388970502,0.1,0.9414666666666667,0.9214666666666667,0.9614666666666667,-0.22818976137224598
0.5,18,hybrid_evidence,1.56288942875609,0.1,0.9115333333333333,0.9506,0.8724666666666666,-0.22818976137224598
0.5,18,adaptive_evidence,1.7057343849552744,0.1,0.9296666666666666,0.9016666666666666,0.9576666666666667,-0.22818976137224598
0.5,18,conservative_max,1.88605161619196,0.1,0.9232,0.9210666666666667,0.9253333333333333,-0.22818976137224598
0.5,19,single_m1,1.323781642456137,0.1,0.343,0.5816666666666667,0.10433333333333333,-0.2314379535773181
0.5,19,algorithm_diverse,0.7797706726467207,0.1,0.5315333333333333,0.9478666666666666,0.1152,-0.2314379535773181
0.5,19,evidence_diverse,1.3614269603726432,0.1,0.8772666666666666,0.777,0.9775333333333334,-0.2314379535773181
0.5,19,max_pool,1.9707876348642752,0.1,0.9246333333333333,0.9249333333333334,0.9243333333333333,-0.2314379535773181
0.5,19,weighted_max,1.65757639600748,0.1,0.9426666666666667,0.9254666666666667,0.9598666666666666,-0.2314379535773181
0.5,19,hybrid_evidence,1.551877418376557,0.1,0.9133666666666667,0.9506,0.8761333333333333,-0.2314379535773181
0.5,19,adaptive_evidence,1.6901167522671716,0.1,0.9298,0.904,0.9556,-0.2314379535773181
0.5,19,conservative_max,1.8722482531210614,0.1,0.9246333333333333,0.9249333333333334,0.9243333333333333,-0.2314379535773181
0.5,20,single_m1,1.296951928397449,0.1,0.3513,0.5908,0.1118,-0.22843158643694358
0.5,20,algorithm_diverse,0.7729140348852617,0.1,0.5314,0.9472666666666667,0.11553333333333334,-0.22843158643694358
0.5,20,evidence_diverse,1.368187652445996,0.1,0.8760666666666667,0.7748666666666667,0.9772666666666666,-0.22843158643694358
0.5,20,max_pool,1.9650392982060079,0.1,0.9241,0.9234,0.9248,-0.22843158643694358
0.5,20,weighted_max,1.6485167213293166,0.1,0.9418666666666666,0.9236,0.9601333333333333,-0.22843158643694358
0.5,20,hybrid_evidence,1.5342527605706775,0.1,0.9151333333333334,0.9524,0.8778666666666667,-0.22843158643694358
0.5,20,adaptive_evidence,1.6810580012864136,0.1,0.9320666666666667,0.908,0.9561333333333333,-0.22843158643694358
0.5,20,conservative_max,1.8667873332957075,0.1,0.9241,0.9234,0.9248,-0.22843158643694358
0.5,21,single_m1,1.3104905013214587,0.1,0.3430666666666667,0.5808,0.10533333333333333,-0.22704971541252758
0.5,21,algorithm_diverse,0.7819583499009373,0.1,0.5293333333333333,0.9439333333333333,0.11473333333333334,-0.22704971541252758
0.5,21,evidence_diverse,1.3701215696212157,0.1,0.8730666666666667,0.7692666666666667,0.9768666666666667,-0.22704971541252758
0.5,21,max_pool,1.9771267457624937,0.1,0.9224,0.9222,0.9226,-0.22704971541252758
0.5,21,weighted_max,1.6628563675879988,0.1,0.94,0.9216666666666666,0.9583333333333334,-0.22704971541252758
0.5,21,hybrid_evidence,1.551723308845839,0.1,0.9131666666666667,0.9517333333333333,0.8746,-0.22704971541252758
0.5,21,adaptive_evidence,1.6942509550188214,0.1,0.9280666666666667,0.9026,0.9535333333333333,-0.22704971541252758
0.5,21,conservative_max,1.8782704084743689,0.1,0.9224,0.9222,0.9226,-0.22704971541252758
0.5,22,single_m1,1.318654973554941,0.1,0.3479,0.5889333333333333,0.10686666666666667,-0.22796091055731382
0.5,22,algorithm_diverse,0.7955865610104074,0.1,0.5258666666666667,0.9438666666666666,0.10786666666666667,-0.22796091055731382
0.5,22,evidence_diverse,1.3815815819382862,0.1,0.8710666666666667,0.7666666666666667,0.9754666666666667,-0.22796091055731382
0.5,22,max_pool,1.979856263217846,0.1,0.9214333333333333,0.9193333333333333,0.9235333333333333,-0.22796091055731382
0.5,22,weighted_max,1.669663717587655,0.1,0.9382333333333334,0.9192,0.9572666666666667,-0.22796091055731382
0.5,22,hybrid_evidence,1.5619199000712076,0.1,0.9070333333333334,0.9477333333333333,0.8663333333333333,-0.22796091055731382
0.5,22,adaptive_evidence,1.7021862708931748,0.1,0.9253,0.8979333333333334,0.9526666666666667,-0.22796091055731382
0.5,22,conservative_max,1.8808634500569539,0.1,0.9214333333333333,0.9193333333333333,0.9235333333333333,-0.22796091055731382
0.5,23,single_m1,1.3015418405261394,0.1,0.34883333333333333,0.588,0.10966666666666666,-0.2302250142488332
0.5,23,algorithm_diverse,0.7771297204103121,0.1,0.5310333333333334,0.9473333333333334,0.11473333333333334,-0.2302250142488332
0.5,23,evidence_diverse,1.355341734083966,0.1,0.8781666666666667,0.7799333333333334,0.9764,-0.2302250142488332
0.5,23,max_pool,1.9762942415393778,0.1,0.9226333333333333,0.9208,0.9244666666666667,-0.2302250142488332
0.5,23,weighted_max,1.6559584035404946,0.1,0.9416666666666667,0.9226666666666666,0.9606666666666667,-0.2302250142488332
0.5,23,hybrid_evidence,1.5493981415383304,0.1,0.9124,0.9513333333333334,0.8734666666666666,-0.2302250142488332
0.5,23,adaptive_evidence,1.6902484896106995,0.1,0.9291333333333334,0.9026,0.9556666666666667,-0.2302250142488332
0.5,23,conservative_max,1.877479529462409,0.1,0.9226333333333333,0.9208,0.9244666666666667,-0.2302250142488332
0.5,24,single_m1,1.2967726397385606,0.1,0.35306666666666664,0.5938666666666667,0.11226666666666667,-0.2289767531180159
0.5,24,algorithm_diverse,0.7848775979724081,0.1,0.5327333333333333,0.9439333333333333,0.12153333333333333,-0.2289767531180159
0.5,24,evidence_diverse,1.3769505373330595,0.1,0.8734666666666666,0.7701333333333333,0.9768,-0.2289767531180159
0.5,24,max_pool,1.9753602456248347,0.1,0.9244,0.9252666666666667,0.9235333333333333,-0.2289767531180159
0.5,24,weighted_max,1.6690219894468452,0.1,0.9412,0.9236,0.9588,-0.2289767531180159
0.5,24,hybrid_evidence,1.5479536639546112,0.1,0.9148,0.9526666666666667,0.8769333333333333,-0.2289767531180159
0.5,24,adaptive_evidence,1.6982360592864598,0.1,0.9287666666666666,0.9037333333333334,0.9538,-0.2289767531180159
0.5,24,conservative_max,1.876592233343593,0.1,0.9244,0.9252666666666667,0.9235333333333333,-0.2289767531180159
0.5,25,single_m1,1.295979104271805,0.1,0.3516666666666667,0.5927333333333333,0.1106,-0.22749810147094485
0.5,25,algorithm_diverse,0.7843395611204151,0.1,0.5287333333333334,0.9418,0.11566666666666667,-0.22749810147094485
0.5,25,evidence_diverse,1.3707693607578553,0.1,0.8736333333333334,0.7698,0.9774666666666667,-0.22749810147094485
0.5,25,max_pool,1.9777903938231418,0.1,0.9246333333333333,0.9228666666666666,0.9264,-0.22749810147094485
0.5,25,weighted_max,1.6635437335618677,0.1,0.9409666666666666,0.9227333333333333,0.9592,-0.22749810147094485
0.5,25,hybrid_evidence,1.556166254308088,0.1,0.9137333333333333,0.9483333333333334,0.8791333333333333,-0.22749810147094485
0.5,25,adaptive_evidence,1.6951784876451461,0.1,0.9291666666666667,0.9030666666666667,0.9552666666666667,-0.22749810147094485
0.5,25,conservative_max,1.8789008741319846,0.1,0.9246333333333333,0.9228666666666666,0.9264,-0.22749810147094485
0.5,26,single_m1,1.3175336137700986,0.1,0.3422,0.5817333333333333,0.10266666666666667,-0.23289088328653537
0.5,26,algorithm_diverse,0.7709480506922567,0.1,0.5351333333333333,0.9513333333333334,0.11893333333333334,-0.23289088328653537
0.5,26,evidence_diverse,1.3835715103278765,0.1,0.8714666666666666,0.7677333333333334,0.9752,-0.23289088328653537
0.5,26,max_pool,1.976648563066128,0.1,0.9253,0.9262666666666667,0.9243333333333333,-0.23289088328653537
0.5,26,weighted_max,1.663119047606722,0.1,0.9421,0.9257333333333333,0.9584666666666667,-0.23289088328653537
0.5,26,hybrid_evidence,1.5509398778346797,0.1,0.9147333333333333,0.9540666666666666,0.8754,-0.23289088328653537
0.5,26,adaptive_evidence,1.6999127407881718,0.1,0.9301,0.906,0.9542,-0.23289088328653537
0.5,26,conservative_max,1.8778161349128215,0.1,0.9253,0.9262666666666667,0.9243333333333333,-0.23289088328653537
0.5,27,single_m1,1.3022153320223784,0.1,0.3506,0.5942666666666667,0.10693333333333334,-0.23482485135296896
0.5,27,algorithm_diverse,0.7863366668326928,0.1,0.5305,0.9465333333333333,0.11446666666666666,-0.23482485135296896
0.5,27,evidence_diverse,1.3722874642959848,0.1,0.8763333333333333,0.7748,0.9778666666666667,-0.23482485135296896
0.5,27,max_pool,1.9697766971169173,0.1,0.9255333333333333,0.9250666666666667,0.926,-0.23482485135296896
0.5,27,weighted_max,1.6651312106358278,0.1,0.9431,0.925,0.9612,-0.23482485135296896
0.5,27,hybrid_evidence,1.550647648203376,0.1,0.9141666666666667,0.9529333333333333,0.8754,-0.23482485135296896
0.5,27,adaptive_evidence,1.6968471433389825,0.1,0.9295333333333333,0.9030666666666667,0.956,-0.23482485135296896
0.5,27,conservative_max,1.8712878622610714,0.1,0.9255333333333333,0.9250666666666667,0.926,-0.23482485135296896
0.5,28,single_m1,1.2903418263987405,0.1,0.35113333333333335,0.5931333333333333,0.10913333333333333,-0.22725533315915047
0.5,28,algorithm_diverse,0.7721434528474738,0.1,0.5311333333333333,0.9478666666666666,0.1144,-0.22725533315915047
0.5,28,evidence_diverse,1.3651131537409043,0.1,0.8768333333333334,0.7760666666666667,0.9776,-0.22725533315915047
0.5,28,max_pool,1.9763509467560159,0.1,0.9244666666666667,0.925,0.9239333333333334,-0.22725533315915047
0.5,28,weighted_max,1.6604105721535785,0.1,0.9424333333333333,0.9236666666666666,0.9612,-0.22725533315915047
0.5,28,hybrid_evidence,1.548726217988187,0.1,0.9132666666666667,0.9522666666666667,0.8742666666666666,-0.22725533315915047
0.5,28,adaptive_evidence,1.6902618398192872,0.1,0.9317333333333333,0.9066,0.9568666666666666,-0.22725533315915047
0.5,28,conservative_max,1.8775333994182148,0.1,0.9244666666666667,0.925,0.9239333333333334,-0.22725533315915047
0.5,29,single_m1,1.3066016143633858,0.1,0.3484333333333333,0.586,0.11086666666666667,-0.23338754102739143
0.5,29,algorithm_diverse,0.7942813704646924,0.1,0.5308333333333334,0.9457333333333333,0.11593333333333333,-0.23338754102739143
0.5,29,evidence_diverse,1.3741228301076152,0.1,0.8747666666666667,0.7734,0.9761333333333333,-0.23338754102739143
0.5,29,max_pool,1.9812735570372078,0.1,0.9249333333333334,0.9254,0.9244666666666667,-0.23338754102739143
0.5,29,weighted_max,1.6689233828019456,0.1,0.9416,0.9240666666666667,0.9591333333333333,-0.23338754102739143
0.5,29,hybrid_evidence,1.5620609166460002,0.1,0.9114666666666666,0.9502,0.8727333333333334,-0.23338754102739143
0.5,29,adaptive_evidence,1.7033247443806785,0.1,0.9306,0.9067333333333333,0.9544666666666667,-0.23338754102739143
0.5,29,conservative_max,1.8822098791853472,0.1,0.9249333333333334,0.9254,0.9244666666666667,-0.23338754102739143
0.75,0,single_m1,1.3021232040472863,0.1,0.23196666666666665,0.5914666666666667,0.11213333333333333,-0.2291086276265539
0.75,0,algorithm_diverse,0.7857499466979281,0.1,0.3227333333333333,0.9456,0.11511111111111111,-0.2291086276265539
0.75,0,evidence_diverse,1.3717411459038593,0.1,0.9266666666666666,0.7769333333333334,0.9765777777777778,-0.2291086276265539
0.75,0,max_pool,1.979925055200246,0.1,0.9228333333333333,0.9186666666666666,0.9242222222222222,-0.2291086276265539
0.75,0,weighted_max,1.6610079684770007,0.1,0.9486666666666667,0.9198666666666667,0.9582666666666667,-0.2291086276265539
0.75,0,hybrid_evidence,1.5526724421721867,0.1,0.8942333333333333,0.9496,0.8757777777777778,-0.2291086276265539
0.75,0,adaptive_evidence,1.6987908999807149,0.1,0.9401333333333334,0.8993333333333333,0.9537333333333333,-0.2291086276265539
0.75,0,conservative_max,1.8809288024402337,0.1,0.9228333333333333,0.9186666666666666,0.9242222222222222,-0.2291086276265539
0.75,1,single_m1,1.294221057398263,0.1,0.2333,0.5997333333333333,0.11115555555555555,-0.22574520347031446
0.75,1,algorithm_diverse,0.7741525069297664,0.1,0.3263,0.9485333333333333,0.11888888888888889,-0.22574520347031446
0.75,1,evidence_diverse,1.3845407055904815,0.1,0.9233666666666667,0.7612,0.9774222222222222,-0.22574520347031446
0.75,1,max_pool,1.9717841258125217,0.1,0.9237,0.9193333333333333,0.9251555555555555,-0.22574520347031446
0.75,1,weighted_max,1.6615547712634424,0.1,0.95,0.9210666666666667,0.9596444444444444,-0.22574520347031446
0.75,1,hybrid_evidence,1.5478841179256027,0.1,0.8951,0.95,0.8768,-0.22574520347031446
0.75,1,adaptive_evidence,1.6976135541562054,0.1,0.9410666666666667,0.8996,0.9548888888888889,-0.22574520347031446
0.75,1,conservative_max,1.8731949195218955,0.1,0.9237,0.9193333333333333,0.9251555555555555,-0.22574520347031446
0.75,2,single_m1,1.299665663234799,0.1,0.23113333333333333,0.5930666666666666,0.11048888888888889,-0.23321582789579495
0.75,2,algorithm_diverse,0.782036671740407,0.1,0.32253333333333334,0.9474666666666667,0.11422222222222222,-0.23321582789579495
0.75,2,evidence_diverse,1.3830579487444645,0.1,0.9241666666666667,0.7708,0.9752888888888889,-0.23321582789579495
0.75,2,max_pool,1.977096947975315,0.1,0.9229666666666667,0.9168,0.9250222222222222,-0.23321582789579495
0.75,2,weighted_max,1.66508400423397,0.1,0.9487333333333333,0.9185333333333333,0.9588,-0.23321582789579495
0.75,2,hybrid_evidence,1.5545411378168725,0.1,0.8937,0.9470666666666666,0.8759111111111111,-0.23321582789579495
0.75,2,adaptive_evidence,1.6920173844122588,0.1,0.9402,0.8976,0.9544,-0.23321582789579495
0.75,2,conservative_max,1.8782421005765493,0.1,0.9229666666666667,0.9168,0.9250222222222222,-0.23321582789579495
0.75,3,single_m1,1.3245485913656934,0.1,0.22523333333333334,0.5784,0.10751111111111111,-0.23514630583737875
0.75,3,algorithm_diverse,0.7863697632338225,0.1,0.32183333333333336,0.9461333333333334,0.11373333333333334,-0.23514630583737875
0.75,3,evidence_diverse,1.3694058984819084,0.1,0.9287,0.778,0.9789333333333333,-0.23514630583737875
0.75,3,max_pool,1.9700215740607698,0.1,0.9290666666666667,0.9232,0.9310222222222222,-0.23514630583737875
0.75,3,weighted_max,1.6535425627923863,0.1,0.9544,0.9236,0.9646666666666667,-0.23514630583737875
0.75,3,hybrid_evidence,1.5473696226478515,0.1,0.8981,0.9538666666666666,0.8795111111111111,-0.23514630583737875
0.75,3,adaptive_evidence,1.6881591582176934,0.1,0.9461,0.9046666666666666,0.9599111111111112,-0.23514630583737875
0.75,3,conservative_max,1.8715204953577314,0.1,0.9290666666666667,0.9232,0.9310222222222222,-0.23514630583737875
0.75,4,single_m1,1.3026666836731977,0.1,0.2299,0.5864,0.11106666666666666,-0.23425898375568502
0.75,4,algorithm_diverse,0.7898840750292919,0.1,0.32266666666666666,0.9441333333333334,0.1155111111111111,-0.23425898375568502
0.75,4,evidence_diverse,1.3710971412172803,0.1,0.9288666666666666,0.7833333333333333,0.9773777777777778,-0.23425898375568502
0.75,4,max_pool,1.9755622207992378,0.1,0.9244333333333333,0.9230666666666667,0.9248888888888889,-0.23425898375568502
0.75,4,weighted_max,1.6635957052924484,0.1,0.9511666666666667,0.9234666666666667,0.9604,-0.23425898375568502
0.75,4,hybrid_evidence,1.5541988498040697,0.1,0.894,0.9505333333333333,0.8751555555555556,-0.23425898375568502
0.75,4,adaptive_evidence,1.693389658261049,0.1,0.944,0.9058666666666667,0.9567111111111111,-0.23425898375568502
0.75,4,conservative_max,1.876784109759276,0.1,0.9244333333333333,0.9230666666666667,0.9248888888888889,-0.23425898375568502
0.75,5,single_m1,1.3149341784221407,0.1,0.22883333333333333,0.5909333333333333,0.10813333333333333,-0.2317390739448144
0.75,5,algorithm_diverse,0.784814974550917,0.1,0.32156666666666667,0.9505333333333333,0.11191111111111111,-0.2317390739448144
0.75,5,evidence_diverse,1.369455342806617,0.1,0.9284333333333333,0.7845333333333333,0.9764,-0.2317390739448144
0.75,5,max_pool,1.9786087977032498,0.1,0.9240666666666667,0.9266666666666666,0.9232,-0.2317390739448144
0.75,5,weighted_max,1.6551715491574204,0.1,0.9523666666666667,0.9308,0.9595555555555556,-0.2317390739448144
0.75,5,hybrid_evidence,1.5588221224336154,0.1,0.8931,0.9548,0.8725333333333334,-0.2317390739448144
0.75,5,adaptive_evidence,1.6963605997793867,0.1,0.9433,0.9092,0.9546666666666667,-0.2317390739448144
0.75,5,conservative_max,1.8796783578180871,0.1,0.9240666666666667,0.9266666666666666,0.9232,-0.2317390739448144
0.75,6,single_m1,1.2924349100549235,0.1,0.23156666666666667,0.5921333333333333,0.11137777777777778,-0.23232422293118746
0.75,6,algorithm_diverse,0.7801179906099901,0.1,0.32393333333333335,0.9473333333333334,0.11613333333333334,-0.23232422293118746
0.75,6,evidence_diverse,1.3664725417746184,0.1,0.9262666666666667,0.7809333333333334,0.9747111111111111,-0.23232422293118746
0.75,6,max_pool,1.977187860783157,0.1,0.9230666666666667,0.9266666666666666,0.9218666666666666,-0.23232422293118746
0.75,6,weighted_max,1.659817261999452,0.1,0.95,0.9268,0.9577333333333333,-0.23232422293118746
0.75,6,hybrid_evidence,1.5513315076881522,0.1,0.8928,0.9541333333333334,0.8723555555555556,-0.23232422293118746
0.75,6,adaptive_evidence,1.6954244795526476,0.1,0.9419333333333333,0.9088,0.9529777777777778,-0.23232422293118746
0.75,6,conservative_max,1.878328467743999,0.1,0.9230666666666667,0.9266666666666666,0.9218666666666666,-0.23232422293118746
0.75,7,single_m1,1.3085157213836098,0.1,0.22476666666666667,0.5828,0.10542222222222222,-0.2352209248202358
0.75,7,algorithm_diverse,0.7871671952754294,0.1,0.3221,0.9485333333333333,0.11328888888888888,-0.2352209248202358
0.75,7,evidence_diverse,1.373104412042777,0.1,0.9275333333333333,0.7789333333333334,0.9770666666666666,-0.2352209248202358
0.75,7,max_pool,1.980290411557239,0.1,0.9245333333333333,0.9250666666666667,0.9243555555555556,-0.2352209248202358
0.75,7,weighted_max,1.6611561079578936,0.1,0.9519333333333333,0.9250666666666667,0.9608888888888889,-0.2352209248202358
0.75,7,hybrid_evidence,1.5590886340810128,0.1,0.8935,0.9524,0.8738666666666667,-0.2352209248202358
0.75,7,adaptive_evidence,1.6916870691337818,0.1,0.9446333333333333,0.9084,0.9567111111111111,-0.2352209248202358
0.75,7,conservative_max,1.881275890979377,0.1,0.9245333333333333,0.9250666666666667,0.9243555555555556,-0.2352209248202358
0.75,8,single_m1,1.3027455652096505,0.1,0.2271,0.5786666666666667,0.10991111111111111,-0.23379237311329373
0.75,8,algorithm_diverse,0.7880289916639641,0.1,0.32193333333333335,0.9449333333333333,0.11426666666666667,-0.23379237311329373
0.75,8,evidence_diverse,1.3682528024530531,0.1,0.9262666666666667,0.7770666666666667,0.976,-0.23379237311329373
0.75,8,max_pool,1.9822023956856227,0.1,0.9257666666666666,0.9288,0.9247555555555556,-0.23379237311329373
0.75,8,weighted_max,1.6657828786830733,0.1,0.9506666666666667,0.928,0.9582222222222222,-0.23379237311329373
0.75,8,hybrid_evidence,1.5555089067680672,0.1,0.8944,0.9570666666666666,0.8735111111111111,-0.23379237311329373
0.75,8,adaptive_evidence,1.6957332394866556,0.1,0.9424666666666667,0.9086666666666666,0.9537333333333333,-0.23379237311329373
0.75,8,conservative_max,1.8830922759013415,0.1,0.9257666666666666,0.9288,0.9247555555555556,-0.23379237311329373
0.75,9,single_m1,1.3048497839704376,0.1,0.23076666666666668,0.5904,0.11088888888888888,-0.22845351456410146
0.75,9,algorithm_diverse,0.8026002212825297,0.1,0.32076666666666664,0.9454666666666667,0.11253333333333333,-0.22845351456410146
0.75,9,evidence_diverse,1.3795195307319732,0.1,0.9237666666666666,0.7682666666666667,0.9756,-0.22845351456410146
0.75,9,max_pool,1.989566867976118,0.1,0.9217666666666666,0.9185333333333333,0.9228444444444445,-0.22845351456410146
0.75,9,weighted_max,1.679987228257809,0.1,0.9478,0.9189333333333334,0.9574222222222222,-0.22845351456410146
0.75,9,hybrid_evidence,1.5593238980966813,0.1,0.8938,0.9521333333333334,0.8743555555555556,-0.22845351456410146
0.75,9,adaptive_evidence,1.7084619385124888,0.1,0.9391333333333334,0.8981333333333333,0.9528,-0.22845351456410146
0.75,9,conservative_max,1.890088524577312,0.1,0.9217666666666666,0.9185333333333333,0.9228444444444445,-0.22845351456410146
0.75,10,single_m1,1.3072282379596332,0.1,0.22693333333333332,0.5914666666666667,0.10542222222222222,-0.22279807011502314
0.75,10,algorithm_diverse,0.780283969354477,0.1,0.3239666666666667,0.9458666666666666,0.11666666666666667,-0.22279807011502314
0.75,10,evidence_diverse,1.3783526147403689,0.1,0.9237666666666666,0.7697333333333334,0.9751111111111112,-0.22279807011502314
0.75,10,max_pool,1.9770813976815953,0.1,0.9234333333333333,0.9234666666666667,0.9234222222222223,-0.22279807011502314
0.75,10,weighted_max,1.6788135416065635,0.1,0.9487666666666666,0.9249333333333334,0.9567111111111111,-0.22279807011502314
0.75,10,hybrid_evidence,1.5527227786357316,0.1,0.8934333333333333,0.9549333333333333,0.8729333333333333,-0.22279807011502314
0.75,10,adaptive_evidence,1.7030474564704476,0.1,0.9401333333333334,0.9028,0.9525777777777777,-0.22279807011502314
0.75,10,conservative_max,1.8782273277975154,0.1,0.9234333333333333,0.9234666666666667,0.9234222222222223,-0.22279807011502314
0.75,11,single_m1,1.3017278263073588,0.1,0.2297,0.5921333333333333,0.10888888888888888,-0.23421773675359678
0.75,11,algorithm_diverse,0.7826304063011971,0.1,0.32426666666666665,0.9492,0.11595555555555556,-0.23421773675359678
0.75,11,evidence_diverse,1.361101866365965,0.1,0.928,0.7825333333333333,0.9764888888888889,-0.23421773675359678
0.75,11,max_pool,1.978332251174702,0.1,0.9250333333333334,0.9258666666666666,0.9247555555555556,-0.23421773675359678
0.75,11,weighted_max,1.6642484683286256,0.1,0.9508666666666666,0.9270666666666667,0.9588,-0.23421773675359678
0.75,11,hybrid_evidence,1.5585062635673579,0.1,0.8916333333333334,0.9528,0.8712444444444445,-0.23421773675359678
0.75,11,adaptive_evidence,1.6930759415337535,0.1,0.9434666666666667,0.9085333333333333,0.9551111111111111,-0.23421773675359678
0.75,11,conservative_max,1.8794156386159668,0.1,0.9250333333333334,0.9258666666666666,0.9247555555555556,-0.23421773675359678
0.75,12,single_m1,1.3114866752280423,0.1,0.23153333333333334,0.5914666666666667,0.11155555555555556,-0.2256961845751555
0.75,12,algorithm_diverse,0.7818012908063753,0.1,0.3213,0.9436,0.11386666666666667,-0.2256961845751555
0.75,12,evidence_diverse,1.3601536761216044,0.1,0.9262333333333334,0.776,0.9763111111111111,-0.2256961845751555
0.75,12,max_pool,1.9725146393797182,0.1,0.9215,0.9161333333333334,0.9232888888888889,-0.2256961845751555
0.75,12,weighted_max,1.6657693344268103,0.1,0.9484666666666667,0.9194666666666667,0.9581333333333333,-0.2256961845751555
0.75,12,hybrid_evidence,1.5484694023744985,0.1,0.8923,0.9466666666666667,0.8741777777777778,-0.2256961845751555
0.75,12,adaptive_evidence,1.6962995391885864,0.1,0.9400666666666667,0.8993333333333333,0.9536444444444444,-0.2256961845751555
0.75,12,conservative_max,1.873888907410732,0.1,0.9215,0.9161333333333334,0.9232888888888889,-0.2256961845751555
0.75,13,single_m1,1.3205799022492806,0.1,0.22686666666666666,0.5893333333333334,0.10604444444444444,-0.22512076948385
0.75,13,algorithm_diverse,0.779125851662201,0.1,0.32566666666666666,0.946,0.11888888888888889,-0.22512076948385
0.75,13,evidence_diverse,1.3665692042382556,0.1,0.9262333333333334,0.7778666666666667,0.9756888888888889,-0.22512076948385
0.75,13,max_pool,1.9737346193887229,0.1,0.9243333333333333,0.9249333333333334,0.9241333333333334,-0.22512076948385
0.75,13,weighted_max,1.657286542543235,0.1,0.9516333333333333,0.9270666666666667,0.9598222222222222,-0.22512076948385
0.75,13,hybrid_evidence,1.5487779723804767,0.1,0.8944666666666666,0.9508,0.8756888888888889,-0.22512076948385
0.75,13,adaptive_evidence,1.6893349384847443,0.1,0.9432,0.9069333333333334,0.9552888888888889,-0.22512076948385
0.75,13,conservative_max,1.8750478884192867,0.1,0.9243333333333333,0.9249333333333334,0.9241333333333334,-0.22512076948385
0.75,14,single_m1,1.3059891640272423,0.1,0.22903333333333334,0.5889333333333333,0.10906666666666667,-0.22695137729936998
0.75,14,algorithm_diverse,0.7869814057703232,0.1,0.3238666666666667,0.9445333333333333,0.11697777777777778,-0.22695137729936998
0.75,14,evidence_diverse,1.3553588824742338,0.1,0.9306666666666666,0.7892,0.9778222222222223,-0.22695137729936998
0.75,14,max_pool,1.9661108512332688,0.1,0.9244666666666667,0.9217333333333333,0.9253777777777777,-0.22695137729936998
0.75,14,weighted_max,1.653953395788621,0.1,0.9516333333333333,0.9245333333333333,0.9606666666666667,-0.22695137729936998
0.75,14,hybrid_evidence,1.5469399561104478,0.1,0.8944,0.9514666666666667,0.8753777777777778,-0.22695137729936998
0.75,14,adaptive_evidence,1.6862107804303585,0.1,0.9435333333333333,0.9044,0.9565777777777777,-0.22695137729936998
0.75,14,conservative_max,1.8678053086716053,0.1,0.9244666666666667,0.9217333333333333,0.9253777777777777,-0.22695137729936998
0.75,15,single_m1,1.3077771251170571,0.1,0.2281,0.5864,0.10866666666666666,-0.23654702798339863
0.75,15,algorithm_diverse,0.7864053640094792,0.1,0.31906666666666667,0.9473333333333334,0.10964444444444445,-0.23654702798339863
0.75,15,evidence_diverse,1.3767291233008825,0.1,0.9253,0.7713333333333333,0.9766222222222222,-0.23654702798339863
0.75,15,max_pool,1.9784455226265965,0.1,0.9247333333333333,0.9249333333333334,0.9246666666666666,-0.23654702798339863
0.75,15,weighted_max,1.659935758299982,0.1,0.9514333333333334,0.9264,0.9597777777777777,-0.23654702798339863
0.75,15,hybrid_evidence,1.5539424646146416,0.1,0.8953,0.9528,0.8761333333333333,-0.23654702798339863
0.75,15,adaptive_evidence,1.6936182269069544,0.1,0.9431333333333334,0.9082666666666667,0.9547555555555556,-0.23654702798339863
0.75,15,conservative_max,1.8795232464952667,0.1,0.9247333333333333,0.9249333333333334,0.9246666666666666,-0.23654702798339863
0.75,16,single_m1,1.305356614889506,0.1,0.2298,0.5901333333333333,0.10968888888888889,-0.23646982077534381
0.75,16,algorithm_diverse,0.7864923958247264,0.1,0.3244666666666667,0.9482666666666667,0.11653333333333334,-0.23646982077534381
0.75,16,evidence_diverse,1.3669515643157508,0.1,0.9283666666666667,0.7830666666666667,0.9768,-0.23646982077534381
0.75,16,max_pool,1.96090001628922,0.1,0.9276666666666666,0.9288,0.9272888888888889,-0.23646982077534381
0.75,16,weighted_max,1.6629906257987697,0.1,0.9518333333333333,0.9290666666666667,0.9594222222222222,-0.23646982077534381
0.75,16,hybrid_evidence,1.541378412133244,0.1,0.8968333333333334,0.9553333333333334,0.8773333333333333,-0.23646982077534381
0.75,16,adaptive_evidence,1.6901920917819773,0.1,0.9442333333333334,0.9108,0.9553777777777778,-0.23646982077534381
0.75,16,conservative_max,1.862855015474759,0.1,0.9276666666666666,0.9288,0.9272888888888889,-0.23646982077534381
0.75,17,single_m1,1.3056614407429241,0.1,0.22556666666666667,0.582,0.10675555555555556,-0.23468642333327175
0.75,17,algorithm_diverse,0.7979324272329246,0.1,0.32076666666666664,0.9454666666666667,0.11253333333333333,-0.23468642333327175
0.75,17,evidence_diverse,1.384195934089039,0.1,0.9229666666666667,0.7676,0.9747555555555556,-0.23468642333327175
0.75,17,max_pool,1.9858036939661807,0.1,0.9206,0.9189333333333334,0.9211555555555555,-0.23468642333327175
0.75,17,weighted_max,1.6724911777050953,0.1,0.9467,0.9186666666666666,0.9560444444444445,-0.23468642333327175
0.75,17,hybrid_evidence,1.5685319720400346,0.1,0.8876333333333334,0.9482666666666667,0.8674222222222222,-0.23468642333327175
0.75,17,adaptive_evidence,1.701531941480038,0.1,0.939,0.8989333333333334,0.9523555555555555,-0.23468642333327175
0.75,17,conservative_max,1.8865135092678718,0.1,0.9206,0.9189333333333334,0.9211555555555555,-0.23468642333327175
0.75,18,single_m1,1.3054812013471886,0.1,0.22886666666666666,0.5881333333333333,0.10911111111111112,-0.23185217537126604
0.75,18,algorithm_diverse,0.7872465155184837,0.1,0.3211,0.9474666666666667,0.11231111111111111,-0.23185217537126604
0.75,18,evidence_diverse,1.390826475479833,0.1,0.9245666666666666,0.7649333333333334,0.9777777777777777,-0.23185217537126604
0.75,18,max_pool,1.985317490728379,0.1,0.9239,0.9234666666666667,0.9240444444444444,-0.23185217537126604
0.75,18,weighted_max,1.6760556388970502,0.1,0.9512666666666667,0.9218666666666666,0.9610666666666666,-0.23185217537126604
0.75,18,hybrid_evidence,1.56288942875609,0.1,0.8924,0.9504,0.8730666666666667,-0.23185217537126604
0.75,18,adaptive_evidence,1.7057343849552744,0.1,0.9432333333333334,0.9026666666666666,0.9567555555555556,-0.23185217537126604
0.75,18,conservative_max,1.88605161619196,0.1,0.9239,0.9234666666666667,0.9240444444444444,-0.23185217537126604
0.75,19,single_m1,1.323781642456137,0.1,0.22476666666666667,0.5801333333333333,0.1063111111111111,-0.2310564902762238
0.75,19,algorithm_diverse,0.7797706726467207,0.1,0.32233333333333336,0.9464,0.11431111111111111,-0.2310564902762238
0.75,19,evidence_diverse,1.3614269603726432,0.1,0.928,0.7817333333333333,0.9767555555555556,-0.2310564902762238
0.75,19,max_pool,1.9707876348642752,0.1,0.9254,0.9269333333333334,0.9248888888888889,-0.2310564902762238
0.75,19,weighted_max,1.65757639600748,0.1,0.9512333333333334,0.9221333333333334,0.9609333333333333,-0.2310564902762238
0.75,19,hybrid_evidence,1.551877418376557,0.1,0.8948333333333334,0.9534666666666667,0.8752888888888889,-0.2310564902762238
0.75,19,adaptive_evidence,1.6901167522671716,0.1,0.9441666666666667,0.9072,0.9564888888888889,-0.2310564902762238
0.75,19,conservative_max,1.8722482531210614,0.1,0.9254,0.9269333333333334,0.9248888888888889,-0.2310564902762238
0.75,20,single_m1,1.296951928397449,0.1,0.22933333333333333,0.5893333333333334,0.10933333333333334,-0.23117543972615465
0.75,20,algorithm_diverse,0.7729140348852617,0.1,0.3235,0.9493333333333334,0.11488888888888889,-0.23117543972615465
0.75,20,evidence_diverse,1.368187652445996,0.1,0.9279,0.7798666666666667,0.9772444444444445,-0.23117543972615465
0.75,20,max_pool,1.9650392982060079,0.1,0.9251666666666667,0.9234666666666667,0.9257333333333333,-0.23117543972615465
0.75,20,weighted_max,1.6485167213293166,0.1,0.9521,0.9268,0.9605333333333334,-0.23117543972615465
0.75,20,hybrid_evidence,1.5342527605706775,0.1,0.8988333333333334,0.9533333333333334,0.8806666666666667,-0.23117543972615465
0.75,20,adaptive_evidence,1.6810580012864136,0.1,0.9436333333333333,0.9064,0.9560444444444445,-0.23117543972615465
0.75,20,conservative_max,1.8667873332957075,0.1,0.9251666666666667,0.9234666666666667,0.9257333333333333,-0.23117543972615465
0.75,21,single_m1,1.3104905013214587,0.1,0.2252,0.5805333333333333,0.10675555555555556,-0.22748179772236812
0.75,21,algorithm_diverse,0.7819583499009373,0.1,0.32053333333333334,0.9421333333333334,0.11333333333333333,-0.22748179772236812
0.75,21,evidence_diverse,1.3701215696212157,0.1,0.9238,0.7676,0.9758666666666667,-0.22748179772236812
0.75,21,max_pool,1.9771267457624937,0.1,0.9222666666666667,0.9217333333333333,0.9224444444444444,-0.22748179772236812
0.75,21,weighted_max,1.6628563675879988,0.1,0.9482666666666667,0.9204,0.9575555555555556,-0.22748179772236812
0.75,21,hybrid_evidence,1.551723308845839,0.1,0.8920333333333333,0.9496,0.8728444444444444,-0.22748179772236812
0.75,21,adaptive_evidence,1.6942509550188214,0.1,0.9393,0.9001333333333333,0.9523555555555555,-0.22748179772236812
0.75,21,conservative_max,1.8782704084743689,0.1,0.9222666666666667,0.9217333333333333,0.9224444444444444,-0.22748179772236812
0.75,22,single_m1,1.318654973554941,0.1,0.2292,0.5933333333333334,0.10782222222222222,-0.22188791716180678
0.75,22,algorithm_diverse,0.7955865610104074,0.1,0.3162333333333333,0.9450666666666667,0.10662222222222222,-0.22188791716180678
0.75,22,evidence_diverse,1.3815815819382862,0.1,0.9227,0.7642666666666666,0.9755111111111111,-0.22188791716180678
0.75,22,max_pool,1.979856263217846,0.1,0.9239333333333334,0.9216,0.9247111111111112,-0.22188791716180678
0.75,22,weighted_max,1.669663717587655,0.1,0.9487333333333333,0.9184,0.9588444444444445,-0.22188791716180678
0.75,22,hybrid_evidence,1.5619199000712076,0.1,0.8905666666666666,0.9504,0.8706222222222222,-0.22188791716180678
0.75,22,adaptive_evidence,1.7021862708931748,0.1,0.9392666666666667,0.8976,0.9531555555555555,-0.22188791716180678
0.75,22,conservative_max,1.8808634500569539,0.1,0.9239333333333334,0.9216,0.9247111111111112,-0.22188791716180678
0.75,23,single_m1,1.3015418405261394,0.1,0.23176666666666668,0.5977333333333333,0.10977777777777778,-0.22612905217826698
0.75,23,algorithm_diverse,0.7771297204103121,0.1,0.32466666666666666,0.9470666666666666,0.1172,-0.22612905217826698
0.75,23,evidence_diverse,1.355341734083966,0.1,0.9279666666666667,0.7841333333333333,0.9759111111111111,-0.22612905217826698
0.75,23,max_pool,1.9762942415393778,0.1,0.9229666666666667,0.9221333333333334,0.9232444444444444,-0.22612905217826698
0.75,23,weighted_max,1.6559584035404946,0.1,0.9494333333333334,0.9205333333333333,0.9590666666666666,-0.22612905217826698
0.75,23,hybrid_evidence,1.5493981415383304,0.1,0.8941,0.9490666666666666,0.8757777777777778,-0.22612905217826698
0.75,23,adaptive_evidence,1.6902484896106995,0.1,0.9409,0.9,0.9545333333333333,-0.22612905217826698
0.75,23,conservative_max,1.877479529462409,0.1,0.9229666666666667,0.9221333333333334,0.9232444444444444,-0.22612905217826698
0.75,24,single_m1,1.2967726397385606,0.1,0.23093333333333332,0.5850666666666666,0.11288888888888889,-0.22639677104912478
0.75,24,algorithm_diverse,0.7848775979724081,0.1,0.32303333333333334,0.942,0.11671111111111111,-0.22639677104912478
0.75,24,evidence_diverse,1.3769505373330595,0.1,0.9253333333333333,0.7690666666666667,0.9774222222222222,-0.22639677104912478
0.75,24,max_pool,1.9753602456248347,0.1,0.9252,0.9230666666666667,0.9259111111111111,-0.22639677104912478
0.75,24,weighted_max,1.6690219894468452,0.1,0.951,0.9214666666666667,0.9608444444444444,-0.22639677104912478
0.75,24,hybrid_evidence,1.5479536639546112,0.1,0.8964,0.948,0.8792,-0.22639677104912478
0.75,24,adaptive_evidence,1.6982360592864598,0.1,0.9431333333333334,0.9046666666666666,0.9559555555555556,-0.22639677104912478
0.75,24,conservative_max,1.876592233343593,0.1,0.9252,0.9230666666666667,0.9259111111111111,-0.22639677104912478
0.75,25,single_m1,1.295979104271805,0.1,0.22933333333333333,0.5904,0.10897777777777778,-0.22370051622270867
0.75,25,algorithm_diverse,0.7843395611204151,0.1,0.32083333333333336,0.9425333333333333,0.1136,-0.22370051622270867
0.75,25,evidence_diverse,1.3707693607578553,0.1,0.9252333333333334,0.7682666666666667,0.9775555555555555,-0.22370051622270867
0.75,25,max_pool,1.9777903938231418,0.1,0.9234666666666667,0.9210666666666667,0.9242666666666667,-0.22370051622270867
0.75,25,weighted_max,1.6635437335618677,0.1,0.9508333333333333,0.9214666666666667,0.9606222222222223,-0.22370051622270867
0.75,25,hybrid_evidence,1.556166254308088,0.1,0.8942333333333333,0.9489333333333333,0.876,-0.22370051622270867
0.75,25,adaptive_evidence,1.6951784876451461,0.1,0.9420666666666667,0.8993333333333333,0.9563111111111111,-0.22370051622270867
0.75,25,conservative_max,1.8789008741319846,0.1,0.9234666666666667,0.9210666666666667,0.9242666666666667,-0.22370051622270867
0.75,26,single_m1,1.3175336137700986,0.1,0.22283333333333333,0.5857333333333333,0.10186666666666666,-0.2197546994009448
0.75,26,algorithm_diverse,0.7709480506922567,0.1,0.3252333333333333,0.9453333333333334,0.11853333333333334,-0.2197546994009448
0.75,26,evidence_diverse,1.3835715103278765,0.1,0.9235,0.7642666666666666,0.9765777777777778,-0.2197546994009448
0.75,26,max_pool,1.976648563066128,0.1,0.9228,0.9216,0.9232,-0.2197546994009448
0.75,26,weighted_max,1.663119047606722,0.1,0.95,0.9201333333333334,0.9599555555555556,-0.2197546994009448
0.75,26,hybrid_evidence,1.5509398778346797,0.1,0.8944666666666666,0.9493333333333334,0.8761777777777778,-0.2197546994009448
0.75,26,adaptive_evidence,1.6999127407881718,0.1,0.9409333333333333,0.8993333333333333,0.9548,-0.2197546994009448
0.75,26,conservative_max,1.8778161349128215,0.1,0.9228,0.9216,0.9232,-0.2197546994009448
0.75,27,single_m1,1.3022153320223784,0.1,0.22903333333333334,0.5934666666666667,0.10755555555555556,-0.2412064157607746
0.75,27,algorithm_diverse,0.7863366668326928,0.1,0.32466666666666666,0.9498666666666666,0.11626666666666667,-0.2412064157607746
0.75,27,evidence_diverse,1.3722874642959848,0.1,0.9269,0.7768,0.9769333333333333,-0.2412064157607746
0.75,27,max_pool,1.9697766971169173,0.1,0.9248,0.9230666666666667,0.9253777777777777,-0.2412064157607746
0.75,27,weighted_max,1.6651312106358278,0.1,0.9509,0.9222666666666667,0.9604444444444444,-0.2412064157607746
0.75,27,hybrid_evidence,1.550647648203376,0.1,0.8952333333333333,0.9536,0.8757777777777778,-0.2412064157607746
0.75,27,adaptive_evidence,1.6968471433389825,0.1,0.9422666666666667,0.9025333333333333,0.9555111111111111,-0.2412064157607746
0.75,27,conservative_max,1.8712878622610714,0.1,0.9248,0.9230666666666667,0.9253777777777777,-0.2412064157607746
0.75,28,single_m1,1.2903418263987405,0.1,0.22976666666666667,0.5978666666666667,0.10706666666666667,-0.22989918371165272
0.75,28,algorithm_diverse,0.7721434528474738,0.1,0.32443333333333335,0.9488,0.11631111111111112,-0.22989918371165272
0.75,28,evidence_diverse,1.3651131537409043,0.1,0.9268666666666666,0.7758666666666667,0.9772,-0.22989918371165272
0.75,28,max_pool,1.9763509467560159,0.1,0.9233333333333333,0.9238666666666666,0.9231555555555555,-0.22989918371165272
0.75,28,weighted_max,1.6604105721535785,0.1,0.9499666666666666,0.9248,0.9583555555555555,-0.22989918371165272
0.75,28,hybrid_evidence,1.548726217988187,0.1,0.894,0.9517333333333333,0.8747555555555555,-0.22989918371165272
0.75,28,adaptive_evidence,1.6902618398192872,0.1,0.9420666666666667,0.9070666666666667,0.9537333333333333,-0.22989918371165272
0.75,28,conservative_max,1.8775333994182148,0.1,0.9233333333333333,0.9238666666666666,0.9231555555555555,-0.22989918371165272
0.75,29,single_m1,1.3066016143633858,0.1,0.22846666666666668,0.5789333333333333,0.11164444444444445,-0.23251586025158036
0.75,29,algorithm_diverse,0.7942813704646924,0.1,0.3199,0.942,0.11253333333333333,-0.23251586025158036
0.75,29,evidence_diverse,1.3741228301076152,0.1,0.9245333333333333,0.7698666666666667,0.9760888888888889,-0.23251586025158036
0.75,29,max_pool,1.9812735570372078,0.1,0.9230666666666667,0.9182666666666667,0.9246666666666666,-0.23251586025158036
0.75,29,weighted_max,1.6689233828019456,0.1,0.9487333333333333,0.9188,0.9587111111111111,-0.23251586025158036
0.75,29,hybrid_evidence,1.5620609166460002,0.1,0.8918,0.9449333333333333,0.8740888888888889,-0.23251586025158036
0.75,29,adaptive_evidence,1.7033247443806785,0.1,0.9406333333333333,0.9,0.9541777777777778,-0.23251586025158036
0.75,29,conservative_max,1.8822098791853472,0.1,0.9230666666666667,0.9182666666666667,0.9246666666666666,-0.23251586025158036
1.0,0,single_m1,1.3021232040472863,0.1,0.11293333333333333,nan,0.11293333333333333,nan
1.0,0,algorithm_diverse,0.7857499466979281,0.1,0.1138,nan,0.1138,nan
1.0,0,evidence_diverse,1.3717411459038593,0.1,0.9771333333333333,nan,0.9771333333333333,nan
1.0,0,max_pool,1.979925055200246,0.1,0.9242333333333334,nan,0.9242333333333334,nan
1.0,0,weighted_max,1.6610079684770007,0.1,0.9603,nan,0.9603,nan
1.0,0,hybrid_evidence,1.5526724421721867,0.1,0.8754666666666666,nan,0.8754666666666666,nan
1.0,0,adaptive_evidence,1.6987908999807149,0.1,0.9551333333333333,nan,0.9551333333333333,nan
1.0,0,conservative_max,1.8809288024402337,0.1,0.9242333333333334,nan,0.9242333333333334,nan
1.0,1,single_m1,1.294221057398263,0.1,0.113,nan,0.113,nan
1.0,1,algorithm_diverse,0.7741525069297664,0.1,0.1143,nan,0.1143,nan
1.0,1,evidence_diverse,1.3845407055904815,0.1,0.9764,nan,0.9764,nan
1.0,1,max_pool,1.9717841258125217,0.1,0.9251,nan,0.9251,nan
1.0,1,weighted_max,1.6615547712634424,0.1,0.9597666666666667,nan,0.9597666666666667,nan
1.0,1,hybrid_evidence,1.5478841179256027,0.1,0.8748333333333334,nan,0.8748333333333334,nan
1.0,1,adaptive_evidence,1.6976135541562054,0.1,0.9554666666666667,nan,0.9554666666666667,nan
1.0,1,conservative_max,1.8731949195218955,0.1,0.9251,nan,0.9251,nan
1.0,2,single_m1,1.299665663234799,0.1,0.10983333333333334,nan,0.10983333333333334,nan
1.0,2,algorithm_diverse,0.782036671740407,0.1,0.1149,nan,0.1149,nan
1.0,2,evidence_diverse,1.3830579487444645,0.1,0.9749666666666666,nan,0.9749666666666666,nan
1.0,2,max_pool,1.977096947975315,0.1,0.9243333333333333,nan,0.9243333333333333,nan
1.0,2,weighted_max,1.66508400423397,0.1,0.9584333333333334,nan,0.9584333333333334,nan
1.0,2,hybrid_evidence,1.5545411378168725,0.1,0.8742333333333333,nan,0.8742333333333333,nan
1.0,2,adaptive_evidence,1.6920173844122588,0.1,0.9547666666666667,nan,0.9547666666666667,nan
1.0,2,conservative_max,1.8782421005765493,0.1,0.9243333333333333,nan,0.9243333333333333,nan
1.0,3,single_m1,1.3245485913656934,0.1,0.1056,nan,0.1056,nan
1.0,3,algorithm_diverse,0.7863697632338225,0.1,0.11376666666666667,nan,0.11376666666666667,nan
1.0,3,evidence_diverse,1.3694058984819084,0.1,0.9781333333333333,nan,0.9781333333333333,nan
1.0,3,max_pool,1.9700215740607698,0.1,0.9288,nan,0.9288,nan
1.0,3,weighted_max,1.6535425627923863,0.1,0.9639,nan,0.9639,nan
1.0,3,hybrid_evidence,1.5473696226478515,0.1,0.8810333333333333,nan,0.8810333333333333,nan
1.0,3,adaptive_evidence,1.6881591582176934,0.1,0.9599666666666666,nan,0.9599666666666666,nan
1.0,3,conservative_max,1.8715204953577314,0.1,0.9288,nan,0.9288,nan
1.0,4,single_m1,1.3026666836731977,0.1,0.1104,nan,0.1104,nan
1.0,4,algorithm_diverse,0.7898840750292919,0.1,0.1145,nan,0.1145,nan
1.0,4,evidence_diverse,1.3710971412172803,0.1,0.9769666666666666,nan,0.9769666666666666,nan
1.0,4,max_pool,1.9755622207992378,0.1,0.9258333333333333,nan,0.9258333333333333,nan
1.0,4,weighted_max,1.6635957052924484,0.1,0.9596666666666667,nan,0.9596666666666667,nan
1.0,4,hybrid_evidence,1.5541988498040697,0.1,0.8751666666666666,nan,0.8751666666666666,nan
1.0,4,adaptive_evidence,1.693389658261049,0.1,0.9549333333333333,nan,0.9549333333333333,nan
1.0,4,conservative_max,1.876784109759276,0.1,0.9258333333333333,nan,0.9258333333333333,nan
1.0,5,single_m1,1.3149341784221407,0.1,0.10906666666666667,nan,0.10906666666666667,nan
1.0,5,algorithm_diverse,0.784814974550917,0.1,0.11456666666666666,nan,0.11456666666666666,nan
1.0,5,evidence_diverse,1.369455342806617,0.1,0.9775333333333334,nan,0.9775333333333334,nan
1.0,5,max_pool,1.9786087977032498,0.1,0.9242,nan,0.9242,nan
1.0,5,weighted_max,1.6551715491574204,0.1,0.9599666666666666,nan,0.9599666666666666,nan
1.0,5,hybrid_evidence,1.5588221224336154,0.1,0.873,nan,0.873,nan
1.0,5,adaptive_evidence,1.6963605997793867,0.1,0.9548666666666666,nan,0.9548666666666666,nan
1.0,5,conservative_max,1.8796783578180871,0.1,0.9242,nan,0.9242,nan
1.0,6,single_m1,1.2924349100549235,0.1,0.1114,nan,0.1114,nan
1.0,6,algorithm_diverse,0.7801179906099901,0.1,0.11696666666666666,nan,0.11696666666666666,nan
1.0,6,evidence_diverse,1.3664725417746184,0.1,0.9761333333333333,nan,0.9761333333333333,nan
1.0,6,max_pool,1.977187860783157,0.1,0.9217666666666666,nan,0.9217666666666666,nan
1.0,6,weighted_max,1.659817261999452,0.1,0.9590333333333333,nan,0.9590333333333333,nan
1.0,6,hybrid_evidence,1.5513315076881522,0.1,0.8734,nan,0.8734,nan
1.0,6,adaptive_evidence,1.6954244795526476,0.1,0.9543,nan,0.9543,nan
1.0,6,conservative_max,1.878328467743999,0.1,0.9217666666666666,nan,0.9217666666666666,nan
1.0,7,single_m1,1.3085157213836098,0.1,0.10743333333333334,nan,0.10743333333333334,nan
1.0,7,algorithm_diverse,0.7871671952754294,0.1,0.1123,nan,0.1123,nan
1.0,7,evidence_diverse,1.373104412042777,0.1,0.9764,nan,0.9764,nan
1.0,7,max_pool,1.980290411557239,0.1,0.925,nan,0.925,nan
1.0,7,weighted_max,1.6611561079578936,0.1,0.9602333333333334,nan,0.9602333333333334,nan
1.0,7,hybrid_evidence,1.5590886340810128,0.1,0.8754333333333333,nan,0.8754333333333333,nan
1.0,7,adaptive_evidence,1.6916870691337818,0.1,0.9557,nan,0.9557,nan
1.0,7,conservative_max,1.881275890979377,0.1,0.925,nan,0.925,nan
1.0,8,single_m1,1.3027455652096505,0.1,0.10923333333333334,nan,0.10923333333333334,nan
1.0,8,algorithm_diverse,0.7880289916639641,0.1,0.1125,nan,0.1125,nan
1.0,8,evidence_diverse,1.3682528024530531,0.1,0.9754666666666667,nan,0.9754666666666667,nan
1.0,8,max_pool,1.9822023956856227,0.1,0.9252333333333334,nan,0.9252333333333334,nan
1.0,8,weighted_max,1.6657828786830733,0.1,0.9591666666666666,nan,0.9591666666666666,nan
1.0,8,hybrid_evidence,1.5555089067680672,0.1,0.8769333333333333,nan,0.8769333333333333,nan
1.0,8,adaptive_evidence,1.6957332394866556,0.1,0.9551,nan,0.9551,nan
1.0,8,conservative_max,1.8830922759013415,0.1,0.9252333333333334,nan,0.9252333333333334,nan
1.0,9,single_m1,1.3048497839704376,0.1,0.11013333333333333,nan,0.11013333333333333,nan
1.0,9,algorithm_diverse,0.8026002212825297,0.1,0.11236666666666667,nan,0.11236666666666667,nan
1.0,9,evidence_diverse,1.3795195307319732,0.1,0.9753333333333334,nan,0.9753333333333334,nan
1.0,9,max_pool,1.989566867976118,0.1,0.9222666666666667,nan,0.9222666666666667,nan
1.0,9,weighted_max,1.679987228257809,0.1,0.9573,nan,0.9573,nan
1.0,9,hybrid_evidence,1.5593238980966813,0.1,0.8748333333333334,nan,0.8748333333333334,nan
1.0,9,adaptive_evidence,1.7084619385124888,0.1,0.9525666666666667,nan,0.9525666666666667,nan
1.0,9,conservative_max,1.890088524577312,0.1,0.9222666666666667,nan,0.9222666666666667,nan
1.0,10,single_m1,1.3072282379596332,0.1,0.1075,nan,0.1075,nan
1.0,10,algorithm_diverse,0.780283969354477,0.1,0.1168,nan,0.1168,nan
1.0,10,evidence_diverse,1.3783526147403689,0.1,0.9750333333333333,nan,0.9750333333333333,nan
1.0,10,max_pool,1.9770813976815953,0.1,0.9231,nan,0.9231,nan
1.0,10,weighted_max,1.6788135416065635,0.1,0.9563,nan,0.9563,nan
1.0,10,hybrid_evidence,1.5527227786357316,0.1,0.8741333333333333,nan,0.8741333333333333,nan
1.0,10,adaptive_evidence,1.7030474564704476,0.1,0.9521333333333334,nan,0.9521333333333334,nan
1.0,10,conservative_max,1.8782273277975154,0.1,0.9231,nan,0.9231,nan
1.0,11,single_m1,1.3017278263073588,0.1,0.1049,nan,0.1049,nan
1.0,11,algorithm_diverse,0.7826304063011971,0.1,0.1138,nan,0.1138,nan
1.0,11,evidence_diverse,1.361101866365965,0.1,0.9771,nan,0.9771,nan
1.0,11,max_pool,1.978332251174702,0.1,0.9243666666666667,nan,0.9243666666666667,nan
1.0,11,weighted_max,1.6642484683286256,0.1,0.9587333333333333,nan,0.9587333333333333,nan
1.0,11,hybrid_evidence,1.5585062635673579,0.1,0.8715333333333334,nan,0.8715333333333334,nan
1.0,11,adaptive_evidence,1.6930759415337535,0.1,0.9545,nan,0.9545,nan
1.0,11,conservative_max,1.8794156386159668,0.1,0.9243666666666667,nan,0.9243666666666667,nan
1.0,12,single_m1,1.3114866752280423,0.1,0.10986666666666667,nan,0.10986666666666667,nan
1.0,12,algorithm_diverse,0.7818012908063753,0.1,0.11363333333333334,nan,0.11363333333333334,nan
1.0,12,evidence_diverse,1.3601536761216044,0.1,0.9756666666666667,nan,0.9756666666666667,nan
1.0,12,max_pool,1.9725146393797182,0.1,0.9219666666666667,nan,0.9219666666666667,nan
1.0,12,weighted_max,1.6657693344268103,0.1,0.9569666666666666,nan,0.9569666666666666,nan
1.0,12,hybrid_evidence,1.5484694023744985,0.1,0.8740666666666667,nan,0.8740666666666667,nan
1.0,12,adaptive_evidence,1.6962995391885864,0.1,0.9527,nan,0.9527,nan
1.0,12,conservative_max,1.873888907410732,0.1,0.9219666666666667,nan,0.9219666666666667,nan
1.0,13,single_m1,1.3205799022492806,0.1,0.10656666666666667,nan,0.10656666666666667,nan
1.0,13,algorithm_diverse,0.779125851662201,0.1,0.11883333333333333,nan,0.11883333333333333,nan
1.0,13,evidence_diverse,1.3665692042382556,0.1,0.9765333333333334,nan,0.9765333333333334,nan
1.0,13,max_pool,1.9737346193887229,0.1,0.9241666666666667,nan,0.9241666666666667,nan
1.0,13,weighted_max,1.657286542543235,0.1,0.9601333333333333,nan,0.9601333333333333,nan
1.0,13,hybrid_evidence,1.5487779723804767,0.1,0.8773,nan,0.8773,nan
1.0,13,adaptive_evidence,1.6893349384847443,0.1,0.9554666666666667,nan,0.9554666666666667,nan
1.0,13,conservative_max,1.8750478884192867,0.1,0.9241666666666667,nan,0.9241666666666667,nan
1.0,14,single_m1,1.3059891640272423,0.1,0.10676666666666666,nan,0.10676666666666666,nan
1.0,14,algorithm_diverse,0.7869814057703232,0.1,0.1155,nan,0.1155,nan
1.0,14,evidence_diverse,1.3553588824742338,0.1,0.9769,nan,0.9769,nan
1.0,14,max_pool,1.9661108512332688,0.1,0.9265666666666666,nan,0.9265666666666666,nan
1.0,14,weighted_max,1.653953395788621,0.1,0.9597666666666667,nan,0.9597666666666667,nan
1.0,14,hybrid_evidence,1.5469399561104478,0.1,0.876,nan,0.876,nan
1.0,14,adaptive_evidence,1.6862107804303585,0.1,0.9552,nan,0.9552,nan
1.0,14,conservative_max,1.8678053086716053,0.1,0.9265666666666666,nan,0.9265666666666666,nan
1.0,15,single_m1,1.3077771251170571,0.1,0.1086,nan,0.1086,nan
1.0,15,algorithm_diverse,0.7864053640094792,0.1,0.1112,nan,0.1112,nan
1.0,15,evidence_diverse,1.3767291233008825,0.1,0.9757333333333333,nan,0.9757333333333333,nan
1.0,15,max_pool,1.9784455226265965,0.1,0.9256666666666666,nan,0.9256666666666666,nan
1.0,15,weighted_max,1.659935758299982,0.1,0.9605666666666667,nan,0.9605666666666667,nan
1.0,15,hybrid_evidence,1.5539424646146416,0.1,0.8778333333333334,nan,0.8778333333333334,nan
1.0,15,adaptive_evidence,1.6936182269069544,0.1,0.9562333333333334,nan,0.9562333333333334,nan
1.0,15,conservative_max,1.8795232464952667,0.1,0.9256666666666666,nan,0.9256666666666666,nan
1.0,16,single_m1,1.305356614889506,0.1,0.11133333333333334,nan,0.11133333333333334,nan
1.0,16,algorithm_diverse,0.7864923958247264,0.1,0.11503333333333333,nan,0.11503333333333333,nan
1.0,16,evidence_diverse,1.3669515643157508,0.1,0.9783333333333334,nan,0.9783333333333334,nan
1.0,16,max_pool,1.96090001628922,0.1,0.9286666666666666,nan,0.9286666666666666,nan
1.0,16,weighted_max,1.6629906257987697,0.1,0.9622666666666667,nan,0.9622666666666667,nan
1.0,16,hybrid_evidence,1.541378412133244,0.1,0.879,nan,0.879,nan
1.0,16,adaptive_evidence,1.6901920917819773,0.1,0.9583,nan,0.9583,nan
1.0,16,conservative_max,1.862855015474759,0.1,0.9286666666666666,nan,0.9286666666666666,nan
1.0,17,single_m1,1.3056614407429241,0.1,0.10743333333333334,nan,0.10743333333333334,nan
1.0,17,algorithm_diverse,0.7979324272329246,0.1,0.11023333333333334,nan,0.11023333333333334,nan
1.0,17,evidence_diverse,1.384195934089039,0.1,0.9756,nan,0.9756,nan
1.0,17,max_pool,1.9858036939661807,0.1,0.9209666666666667,nan,0.9209666666666667,nan
1.0,17,weighted_max,1.6724911777050953,0.1,0.9577,nan,0.9577,nan
1.0,17,hybrid_evidence,1.5685319720400346,0.1,0.8678333333333333,nan,0.8678333333333333,nan
1.0,17,adaptive_evidence,1.701531941480038,0.1,0.9536,nan,0.9536,nan
1.0,17,conservative_max,1.8865135092678718,0.1,0.9209666666666667,nan,0.9209666666666667,nan
1.0,18,single_m1,1.3054812013471886,0.1,0.1093,nan,0.1093,nan
1.0,18,algorithm_diverse,0.7872465155184837,0.1,0.11113333333333333,nan,0.11113333333333333,nan
1.0,18,evidence_diverse,1.390826475479833,0.1,0.9776666666666667,nan,0.9776666666666667,nan
1.0,18,max_pool,1.985317490728379,0.1,0.9268333333333333,nan,0.9268333333333333,nan
1.0,18,weighted_max,1.6760556388970502,0.1,0.9612666666666667,nan,0.9612666666666667,nan
1.0,18,hybrid_evidence,1.56288942875609,0.1,0.8766333333333334,nan,0.8766333333333334,nan
1.0,18,adaptive_evidence,1.7057343849552744,0.1,0.9571333333333333,nan,0.9571333333333333,nan
1.0,18,conservative_max,1.88605161619196,0.1,0.9268333333333333,nan,0.9268333333333333,nan
1.0,19,single_m1,1.323781642456137,0.1,0.10603333333333333,nan,0.10603333333333333,nan
1.0,19,algorithm_diverse,0.7797706726467207,0.1,0.11376666666666667,nan,0.11376666666666667,nan
1.0,19,evidence_diverse,1.3614269603726432,0.1,0.9758666666666667,nan,0.9758666666666667,nan
1.0,19,max_pool,1.9707876348642752,0.1,0.9247,nan,0.9247,nan
1.0,19,weighted_max,1.65757639600748,0.1,0.9591666666666666,nan,0.9591666666666666,nan
1.0,19,hybrid_evidence,1.551877418376557,0.1,0.8741333333333333,nan,0.8741333333333333,nan
1.0,19,adaptive_evidence,1.6901167522671716,0.1,0.9553,nan,0.9553,nan
1.0,19,conservative_max,1.8722482531210614,0.1,0.9247,nan,0.9247,nan
1.0,20,single_m1,1.296951928397449,0.1,0.10996666666666667,nan,0.10996666666666667,nan
1.0,20,algorithm_diverse,0.7729140348852617,0.1,0.11556666666666666,nan,0.11556666666666666,nan
1.0,20,evidence_diverse,1.368187652445996,0.1,0.9767,nan,0.9767,nan
1.0,20,max_pool,1.9650392982060079,0.1,0.9261333333333334,nan,0.9261333333333334,nan
1.0,20,weighted_max,1.6485167213293166,0.1,0.9609666666666666,nan,0.9609666666666666,nan
1.0,20,hybrid_evidence,1.5342527605706775,0.1,0.8810333333333333,nan,0.8810333333333333,nan
1.0,20,adaptive_evidence,1.6810580012864136,0.1,0.9563,nan,0.9563,nan
1.0,20,conservative_max,1.8667873332957075,0.1,0.9261333333333334,nan,0.9261333333333334,nan
1.0,21,single_m1,1.3104905013214587,0.1,0.10706666666666667,nan,0.10706666666666667,nan
1.0,21,algorithm_diverse,0.7819583499009373,0.1,0.11183333333333334,nan,0.11183333333333334,nan
1.0,21,evidence_diverse,1.3701215696212157,0.1,0.9763666666666667,nan,0.9763666666666667,nan
1.0,21,max_pool,1.9771267457624937,0.1,0.9231333333333334,nan,0.9231333333333334,nan
1.0,21,weighted_max,1.6628563675879988,0.1,0.9576666666666667,nan,0.9576666666666667,nan
1.0,21,hybrid_evidence,1.551723308845839,0.1,0.8735666666666667,nan,0.8735666666666667,nan
1.0,21,adaptive_evidence,1.6942509550188214,0.1,0.9536,nan,0.9536,nan
1.0,21,conservative_max,1.8782704084743689,0.1,0.9231333333333334,nan,0.9231333333333334,nan
1.0,22,single_m1,1.318654973554941,0.1,0.1095,nan,0.1095,nan
1.0,22,algorithm_diverse,0.7955865610104074,0.1,0.1086,nan,0.1086,nan
1.0,22,evidence_diverse,1.3815815819382862,0.1,0.9761,nan,0.9761,nan
1.0,22,max_pool,1.979856263217846,0.1,0.9247,nan,0.9247,nan
1.0,22,weighted_max,1.669663717587655,0.1,0.9599,nan,0.9599,nan
1.0,22,hybrid_evidence,1.5619199000712076,0.1,0.8718666666666667,nan,0.8718666666666667,nan
1.0,22,adaptive_evidence,1.7021862708931748,0.1,0.955,nan,0.955,nan
1.0,22,conservative_max,1.8808634500569539,0.1,0.9247,nan,0.9247,nan
1.0,23,single_m1,1.3015418405261394,0.1,0.108,nan,0.108,nan
1.0,23,algorithm_diverse,0.7771297204103121,0.1,0.11636666666666666,nan,0.11636666666666666,nan
1.0,23,evidence_diverse,1.355341734083966,0.1,0.9775666666666667,nan,0.9775666666666667,nan
1.0,23,max_pool,1.9762942415393778,0.1,0.9242666666666667,nan,0.9242666666666667,nan
1.0,23,weighted_max,1.6559584035404946,0.1,0.9603,nan,0.9603,nan
1.0,23,hybrid_evidence,1.5493981415383304,0.1,0.8742,nan,0.8742,nan
1.0,23,adaptive_evidence,1.6902484896106995,0.1,0.9558666666666666,nan,0.9558666666666666,nan
1.0,23,conservative_max,1.877479529462409,0.1,0.9242666666666667,nan,0.9242666666666667,nan
1.0,24,single_m1,1.2967726397385606,0.1,0.11183333333333334,nan,0.11183333333333334,nan
1.0,24,algorithm_diverse,0.7848775979724081,0.1,0.11643333333333333,nan,0.11643333333333333,nan
1.0,24,evidence_diverse,1.3769505373330595,0.1,0.9760333333333333,nan,0.9760333333333333,nan
1.0,24,max_pool,1.9753602456248347,0.1,0.9254666666666667,nan,0.9254666666666667,nan
1.0,24,weighted_max,1.6690219894468452,0.1,0.9590333333333333,nan,0.9590333333333333,nan
1.0,24,hybrid_evidence,1.5479536639546112,0.1,0.8773,nan,0.8773,nan
1.0,24,adaptive_evidence,1.6982360592864598,0.1,0.9545666666666667,nan,0.9545666666666667,nan
1.0,24,conservative_max,1.876592233343593,0.1,0.9254666666666667,nan,0.9254666666666667,nan
1.0,25,single_m1,1.295979104271805,0.1,0.11283333333333333,nan,0.11283333333333333,nan
1.0,25,algorithm_diverse,0.7843395611204151,0.1,0.11396666666666666,nan,0.11396666666666666,nan
1.0,25,evidence_diverse,1.3707693607578553,0.1,0.9775,nan,0.9775,nan
1.0,25,max_pool,1.9777903938231418,0.1,0.9245666666666666,nan,0.9245666666666666,nan
1.0,25,weighted_max,1.6635437335618677,0.1,0.9599333333333333,nan,0.9599333333333333,nan
1.0,25,hybrid_evidence,1.556166254308088,0.1,0.8750666666666667,nan,0.8750666666666667,nan
1.0,25,adaptive_evidence,1.6951784876451461,0.1,0.9558666666666666,nan,0.9558666666666666,nan
1.0,25,conservative_max,1.8789008741319846,0.1,0.9245666666666666,nan,0.9245666666666666,nan
1.0,26,single_m1,1.3175336137700986,0.1,0.10413333333333333,nan,0.10413333333333333,nan
1.0,26,algorithm_diverse,0.7709480506922567,0.1,0.11926666666666667,nan,0.11926666666666667,nan
1.0,26,evidence_diverse,1.3835715103278765,0.1,0.9763333333333334,nan,0.9763333333333334,nan
1.0,26,max_pool,1.976648563066128,0.1,0.9252666666666667,nan,0.9252666666666667,nan
1.0,26,weighted_max,1.663119047606722,0.1,0.9588666666666666,nan,0.9588666666666666,nan
1.0,26,hybrid_evidence,1.5509398778346797,0.1,0.8765333333333334,nan,0.8765333333333334,nan
1.0,26,adaptive_evidence,1.6999127407881718,0.1,0.9538,nan,0.9538,nan
1.0,26,conservative_max,1.8778161349128215,0.1,0.9252666666666667,nan,0.9252666666666667,nan
1.0,27,single_m1,1.3022153320223784,0.1,0.10846666666666667,nan,0.10846666666666667,nan
1.0,27,algorithm_diverse,0.7863366668326928,0.1,0.1139,nan,0.1139,nan
1.0,27,evidence_diverse,1.3722874642959848,0.1,0.9772333333333333,nan,0.9772333333333333,nan
1.0,27,max_pool,1.9697766971169173,0.1,0.9239666666666667,nan,0.9239666666666667,nan
1.0,27,weighted_max,1.6651312106358278,0.1,0.9590666666666666,nan,0.9590666666666666,nan
1.0,27,hybrid_evidence,1.550647648203376,0.1,0.8742,nan,0.8742,nan
1.0,27,adaptive_evidence,1.6968471433389825,0.1,0.9538,nan,0.9538,nan
1.0,27,conservative_max,1.8712878622610714,0.1,0.9239666666666667,nan,0.9239666666666667,nan
1.0,28,single_m1,1.2903418263987405,0.1,0.11063333333333333,nan,0.11063333333333333,nan
1.0,28,algorithm_diverse,0.7721434528474738,0.1,0.11833333333333333,nan,0.11833333333333333,nan
1.0,28,evidence_diverse,1.3651131537409043,0.1,0.9772,nan,0.9772,nan
1.0,28,max_pool,1.9763509467560159,0.1,0.9231,nan,0.9231,nan
1.0,28,weighted_max,1.6604105721535785,0.1,0.9604,nan,0.9604,nan
1.0,28,hybrid_evidence,1.548726217988187,0.1,0.8745,nan,0.8745,nan
1.0,28,adaptive_evidence,1.6902618398192872,0.1,0.9556666666666667,nan,0.9556666666666667,nan
1.0,28,conservative_max,1.8775333994182148,0.1,0.9231,nan,0.9231,nan
1.0,29,single_m1,1.3066016143633858,0.1,0.10943333333333333,nan,0.10943333333333333,nan
1.0,29,algorithm_diverse,0.7942813704646924,0.1,0.1132,nan,0.1132,nan
1.0,29,evidence_diverse,1.3741228301076152,0.1,0.9763,nan,0.9763,nan
1.0,29,max_pool,1.9812735570372078,0.1,0.9260333333333334,nan,0.9260333333333334,nan
1.0,29,weighted_max,1.6689233828019456,0.1,0.9599666666666666,nan,0.9599666666666666,nan
1.0,29,hybrid_evidence,1.5620609166460002,0.1,0.8755333333333334,nan,0.8755333333333334,nan
1.0,29,adaptive_evidence,1.7033247443806785,0.1,0.9553333333333334,nan,0.9553333333333334,nan
1.0,29,conservative_max,1.8822098791853472,0.1,0.9260333333333334,nan,0.9260333333333334,nan
