volatility,delay_steps,seed,protocol,containment_failure_rate,false_block_rate,benign_success_rate
0.005,0,0,cached_verdict,0.0,0.0,1.0
0.005,0,0,use_time_revalidation,0.0,0.0,1.0
0.005,0,0,fixed_window_revalidation,0.0,0.0,1.0
0.005,0,0,adaptive_cached,0.0,0.0,1.0
0.005,0,0,progressive_refresh,0.0,0.0,1.0
0.005,0,1,cached_verdict,0.0,0.0,1.0
0.005,0,1,use_time_revalidation,0.0,0.0,1.0
0.005,0,1,fixed_window_revalidation,0.0,0.0,1.0
0.005,0,1,adaptive_cached,0.0,0.0,1.0
0.005,0,1,progressive_refresh,0.0,0.0,1.0
0.005,0,2,cached_verdict,0.0,0.0,1.0
0.005,0,2,use_time_revalidation,0.0,0.0,1.0
0.005,0,2,fixed_window_revalidation,0.0,0.0,1.0
0.005,0,2,adaptive_cached,0.0,0.0,1.0
0.005,0,2,progressive_refresh,0.0,0.0,1.0
0.005,0,3,cached_verdict,0.0,0.0,1.0
0.005,0,3,use_time_revalidation,0.0,0.0,1.0
0.005,0,3,fixed_window_revalidation,0.0,0.0,1.0
0.005,0,3,adaptive_cached,0.0,0.0,1.0
0.005,0,3,progressive_refresh,0.0,0.0,1.0
0.005,0,4,cached_verdict,0.0,0.0,1.0
0.005,0,4,use_time_revalidation,0.0,0.0,1.0
0.005,0,4,fixed_window_revalidation,0.0,0.0,1.0
0.005,0,4,adaptive_cached,0.0,0.0,1.0
0.005,0,4,progressive_refresh,0.0,0.0,1.0
0.005,0,5,cached_verdict,0.0,0.0,1.0
0.005,0,5,use_time_revalidation,0.0,0.0,1.0
0.005,0,5,fixed_window_revalidation,0.0,0.0,1.0
0.005,0,5,adaptive_cached,0.0,0.0,1.0
0.005,0,5,progressive_refresh,0.0,0.0,1.0
0.005,0,6,cached_verdict,0.0,0.0,1.0
0.005,0,6,use_time_revalidation,0.0,0.0,1.0
0.005,0,6,fixed_window_revalidation,0.0,0.0,1.0
0.005,0,6,adaptive_cached,0.0,0.0,1.0
0.005,0,6,progressive_refresh,0.0,0.0,1.0
0.005,0,7,cached_verdict,0.0,0.0,1.0
0.005,0,7,use_time_revalidation,0.0,0.0,1.0
0.005,0,7,fixed_window_revalidation,0.0,0.0,1.0
0.005,0,7,adaptive_cached,0.0,0.0,1.0
0.005,0,7,progressive_refresh,0.0,0.0,1.0
0.005,0,8,cached_verdict,0.0,0.0,1.0
0.005,0,8,use_time_revalidation,0.0,0.0,1.0
0.005,0,8,fixed_window_revalidation,0.0,0.0,1.0
0.005,0,8,adaptive_cached,0.0,0.0,1.0
0.005,0,8,progressive_refresh,0.0,0.0,1.0
0.005,0,9,cached_verdict,0.0,0.0,1.0
0.005,0,9,use_time_revalidation,0.0,0.0,1.0
0.005,0,9,fixed_window_revalidation,0.0,0.0,1.0
0.005,0,9,adaptive_cached,0.0,0.0,1.0
0.005,0,9,progressive_refresh,0.0,0.0,1.0
0.005,0,10,cached_verdict,0.0,0.0,1.0
0.005,0,10,use_time_revalidation,0.0,0.0,1.0
0.005,0,10,fixed_window_revalidation,0.0,0.0,1.0
0.005,0,10,adaptive_cached,0.0,0.0,1.0
0.005,0,10,progressive_refresh,0.0,0.0,1.0
0.005,0,11,cached_verdict,0.0,0.0,1.0
0.005,0,11,use_time_revalidation,0.0,0.0,1.0
0.005,0,11,fixed_window_revalidation,0.0,0.0,1.0
0.005,0,11,adaptive_cached,0.0,0.0,1.0
0.005,0,11,progressive_refresh,0.0,0.0,1.0
0.005,0,12,cached_verdict,0.0,0.0,1.0
0.005,0,12,use_time_revalidation,0.0,0.0,1.0
0.005,0,12,fixed_window_revalidation,0.0,0.0,1.0
0.005,0,12,adaptive_cached,0.0,0.0,1.0
0.005,0,12,progressive_refresh,0.0,0.0,1.0
0.005,0,13,cached_verdict,0.0,0.0,1.0
0.005,0,13,use_time_revalidation,0.0,0.0,1.0
0.005,0,13,fixed_window_revalidation,0.0,0.0,1.0
0.005,0,13,adaptive_cached,0.0,0.0,1.0
0.005,0,13,progressive_refresh,0.0,0.0,1.0
0.005,0,14,cached_verdict,0.0,0.0,1.0
0.005,0,14,use_time_revalidation,0.0,0.0,1.0
0.005,0,14,fixed_window_revalidation,0.0,0.0,1.0
0.005,0,14,adaptive_cached,0.0,0.0,1.0
0.005,0,14,progressive_refresh,0.0,0.0,1.0
0.005,0,15,cached_verdict,0.0,0.0,1.0
0.005,0,15,use_time_revalidation,0.0,0.0,1.0
0.005,0,15,fixed_window_revalidation,0.0,0.0,1.0
0.005,0,15,adaptive_cached,0.0,0.0,1.0
0.005,0,15,progressive_refresh,0.0,0.0,1.0
0.005,0,16,cached_verdict,0.0,0.0,1.0
0.005,0,16,use_time_revalidation,0.0,0.0,1.0
0.005,0,16,fixed_window_revalidation,0.0,0.0,1.0
0.005,0,16,adaptive_cached,0.0,0.0,1.0
0.005,0,16,progressive_refresh,0.0,0.0,1.0
0.005,0,17,cached_verdict,0.0,0.0,1.0
0.005,0,17,use_time_revalidation,0.0,0.0,1.0
0.005,0,17,fixed_window_revalidation,0.0,0.0,1.0
0.005,0,17,adaptive_cached,0.0,0.0,1.0
0.005,0,17,progressive_refresh,0.0,0.0,1.0
0.005,0,18,cached_verdict,0.0,0.0,1.0
0.005,0,18,use_time_revalidation,0.0,0.0,1.0
0.005,0,18,fixed_window_revalidation,0.0,0.0,1.0
0.005,0,18,adaptive_cached,0.0,0.0,1.0
0.005,0,18,progressive_refresh,0.0,0.0,1.0
0.005,0,19,cached_verdict,0.0,0.0,1.0
0.005,0,19,use_time_revalidation,0.0,0.0,1.0
0.005,0,19,fixed_window_revalidation,0.0,0.0,1.0
0.005,0,19,adaptive_cached,0.0,0.0,1.0
0.005,0,19,progressive_refresh,0.0,0.0,1.0
0.005,0,20,cached_verdict,0.0,0.0,1.0
0.005,0,20,use_time_revalidation,0.0,0.0,1.0
0.005,0,20,fixed_window_revalidation,0.0,0.0,1.0
0.005,0,20,adaptive_cached,0.0,0.0,1.0
0.005,0,20,progressive_refresh,0.0,0.0,1.0
0.005,0,21,cached_verdict,0.0,0.0,1.0
0.005,0,21,use_time_revalidation,0.0,0.0,1.0
0.005,0,21,fixed_window_revalidation,0.0,0.0,1.0
0.005,0,21,adaptive_cached,0.0,0.0,1.0
0.005,0,21,progressive_refresh,0.0,0.0,1.0
0.005,0,22,cached_verdict,0.0,0.0,1.0
0.005,0,22,use_time_revalidation,0.0,0.0,1.0
0.005,0,22,fixed_window_revalidation,0.0,0.0,1.0
0.005,0,22,adaptive_cached,0.0,0.0,1.0
0.005,0,22,progressive_refresh,0.0,0.0,1.0
0.005,0,23,cached_verdict,0.0,0.0,1.0
0.005,0,23,use_time_revalidation,0.0,0.0,1.0
0.005,0,23,fixed_window_revalidation,0.0,0.0,1.0
0.005,0,23,adaptive_cached,0.0,0.0,1.0
0.005,0,23,progressive_refresh,0.0,0.0,1.0
0.005,0,24,cached_verdict,0.0,0.0,1.0
0.005,0,24,use_time_revalidation,0.0,0.0,1.0
0.005,0,24,fixed_window_revalidation,0.0,0.0,1.0
0.005,0,24,adaptive_cached,0.0,0.0,1.0
0.005,0,24,progressive_refresh,0.0,0.0,1.0
0.005,0,25,cached_verdict,0.0,0.0,1.0
0.005,0,25,use_time_revalidation,0.0,0.0,1.0
0.005,0,25,fixed_window_revalidation,0.0,0.0,1.0
0.005,0,25,adaptive_cached,0.0,0.0,1.0
0.005,0,25,progressive_refresh,0.0,0.0,1.0
0.005,0,26,cached_verdict,0.0,0.0,1.0
0.005,0,26,use_time_revalidation,0.0,0.0,1.0
0.005,0,26,fixed_window_revalidation,0.0,0.0,1.0
0.005,0,26,adaptive_cached,0.0,0.0,1.0
0.005,0,26,progressive_refresh,0.0,0.0,1.0
0.005,0,27,cached_verdict,0.0,0.0,1.0
0.005,0,27,use_time_revalidation,0.0,0.0,1.0
0.005,0,27,fixed_window_revalidation,0.0,0.0,1.0
0.005,0,27,adaptive_cached,0.0,0.0,1.0
0.005,0,27,progressive_refresh,0.0,0.0,1.0
0.005,0,28,cached_verdict,0.0,0.0,1.0
0.005,0,28,use_time_revalidation,0.0,0.0,1.0
0.005,0,28,fixed_window_revalidation,0.0,0.0,1.0
0.005,0,28,adaptive_cached,0.0,0.0,1.0
0.005,0,28,progressive_refresh,0.0,0.0,1.0
0.005,0,29,cached_verdict,0.0,0.0,1.0
0.005,0,29,use_time_revalidation,0.0,0.0,1.0
0.005,0,29,fixed_window_revalidation,0.0,0.0,1.0
0.005,0,29,adaptive_cached,0.0,0.0,1.0
0.005,0,29,progressive_refresh,0.0,0.0,1.0
0.005,1,0,cached_verdict,0.009635139922068721,0.0012122056569597325,0.9987877943430402
0.005,1,0,use_time_revalidation,0.0,0.0,1.0
0.005,1,0,fixed_window_revalidation,0.009635139922068721,0.0012122056569597325,0.9987877943430402
0.005,1,0,adaptive_cached,0.0,0.0,1.0
0.005,1,0,progressive_refresh,0.009635139922068721,0.0012122056569597325,0.9987877943430402
0.005,1,1,cached_verdict,0.009594017847694966,0.0015771329676617957,0.9984228670323382
0.005,1,1,use_time_revalidation,0.0,0.0,1.0
0.005,1,1,fixed_window_revalidation,0.009594017847694966,0.0015771329676617957,0.9984228670323382
0.005,1,1,adaptive_cached,0.0,0.0,1.0
0.005,1,1,progressive_refresh,0.009594017847694966,0.0015771329676617957,0.9984228670323382
0.005,1,2,cached_verdict,0.009127109983437291,0.001563743490219622,0.9984362565097804
0.005,1,2,use_time_revalidation,0.0,0.0,1.0
0.005,1,2,fixed_window_revalidation,0.009127109983437291,0.001563743490219622,0.9984362565097804
0.005,1,2,adaptive_cached,0.0,0.0,1.0
0.005,1,2,progressive_refresh,0.009127109983437291,0.001563743490219622,0.9984362565097804
0.005,1,3,cached_verdict,0.008938071930197914,0.0016850959529844303,0.9983149040470156
0.005,1,3,use_time_revalidation,0.0,0.0,1.0
0.005,1,3,fixed_window_revalidation,0.008938071930197914,0.0016850959529844303,0.9983149040470156
0.005,1,3,adaptive_cached,0.0,0.0,1.0
0.005,1,3,progressive_refresh,0.008938071930197914,0.0016850959529844303,0.9983149040470156
0.005,1,4,cached_verdict,0.008743981874822997,0.0016445534619244063,0.9983554465380756
0.005,1,4,use_time_revalidation,0.0,0.0,1.0
0.005,1,4,fixed_window_revalidation,0.008743981874822997,0.0016445534619244063,0.9983554465380756
0.005,1,4,adaptive_cached,0.0,0.0,1.0
0.005,1,4,progressive_refresh,0.008743981874822997,0.0016445534619244063,0.9983554465380756
0.005,1,5,cached_verdict,0.00862406899255194,0.0015012719109245333,0.9984987280890755
0.005,1,5,use_time_revalidation,0.0,0.0,1.0
0.005,1,5,fixed_window_revalidation,0.00862406899255194,0.0015012719109245333,0.9984987280890755
0.005,1,5,adaptive_cached,0.0,0.0,1.0
0.005,1,5,progressive_refresh,0.00862406899255194,0.0015012719109245333,0.9984987280890755
0.005,1,6,cached_verdict,0.009044798354201397,0.0013090645758770036,0.998690935424123
0.005,1,6,use_time_revalidation,0.0,0.0,1.0
0.005,1,6,fixed_window_revalidation,0.009044798354201397,0.0013090645758770036,0.998690935424123
0.005,1,6,adaptive_cached,0.0,0.0,1.0
0.005,1,6,progressive_refresh,0.009044798354201397,0.0013090645758770036,0.998690935424123
0.005,1,7,cached_verdict,0.009303636876233437,0.0016893778621691054,0.998310622137831
0.005,1,7,use_time_revalidation,0.0,0.0,1.0
0.005,1,7,fixed_window_revalidation,0.009303636876233437,0.0016893778621691054,0.998310622137831
0.005,1,7,adaptive_cached,0.0,0.0,1.0
0.005,1,7,progressive_refresh,0.009303636876233437,0.0016893778621691054,0.998310622137831
0.005,1,8,cached_verdict,0.011111111111111112,0.001573158847278296,0.9984268411527217
0.005,1,8,use_time_revalidation,0.0,0.0,1.0
0.005,1,8,fixed_window_revalidation,0.011111111111111112,0.001573158847278296,0.9984268411527217
0.005,1,8,adaptive_cached,0.0,0.0,1.0
0.005,1,8,progressive_refresh,0.011111111111111112,0.001573158847278296,0.9984268411527217
0.005,1,9,cached_verdict,0.009598293636686812,0.001488799220815361,0.9985112007791846
0.005,1,9,use_time_revalidation,0.0,0.0,1.0
0.005,1,9,fixed_window_revalidation,0.009598293636686812,0.001488799220815361,0.9985112007791846
0.005,1,9,adaptive_cached,0.0,0.0,1.0
0.005,1,9,progressive_refresh,0.009598293636686812,0.001488799220815361,0.9985112007791846
0.005,1,10,cached_verdict,0.00975819760350147,0.0016637550952499792,0.99833624490475
0.005,1,10,use_time_revalidation,0.0,0.0,1.0
0.005,1,10,fixed_window_revalidation,0.00975819760350147,0.0016637550952499792,0.99833624490475
0.005,1,10,adaptive_cached,0.0,0.0,1.0
0.005,1,10,progressive_refresh,0.00975819760350147,0.0016637550952499792,0.99833624490475
0.005,1,11,cached_verdict,0.00873269435569755,0.0014478630098844493,0.9985521369901156
0.005,1,11,use_time_revalidation,0.0,0.0,1.0
0.005,1,11,fixed_window_revalidation,0.00873269435569755,0.0014478630098844493,0.9985521369901156
0.005,1,11,adaptive_cached,0.0,0.0,1.0
0.005,1,11,progressive_refresh,0.00873269435569755,0.0014478630098844493,0.9985521369901156
0.005,1,12,cached_verdict,0.008987650826226956,0.0015472755405009828,0.9984527244594991
0.005,1,12,use_time_revalidation,0.0,0.0,1.0
0.005,1,12,fixed_window_revalidation,0.008987650826226956,0.0015472755405009828,0.9984527244594991
0.005,1,12,adaptive_cached,0.0,0.0,1.0
0.005,1,12,progressive_refresh,0.008987650826226956,0.0015472755405009828,0.9984527244594991
0.005,1,13,cached_verdict,0.011059453367145675,0.0017456150150821138,0.9982543849849179
0.005,1,13,use_time_revalidation,0.0,0.0,1.0
0.005,1,13,fixed_window_revalidation,0.011059453367145675,0.0017456150150821138,0.9982543849849179
0.005,1,13,adaptive_cached,0.0,0.0,1.0
0.005,1,13,progressive_refresh,0.011059453367145675,0.0017456150150821138,0.9982543849849179
0.005,1,14,cached_verdict,0.008903550778617288,0.0013090281162528375,0.9986909718837471
0.005,1,14,use_time_revalidation,0.0,0.0,1.0
0.005,1,14,fixed_window_revalidation,0.008903550778617288,0.0013090281162528375,0.9986909718837471
0.005,1,14,adaptive_cached,0.0,0.0,1.0
0.005,1,14,progressive_refresh,0.008903550778617288,0.0013090281162528375,0.9986909718837471
0.005,1,15,cached_verdict,0.01012024401424592,0.0017029354699124803,0.9982970645300875
0.005,1,15,use_time_revalidation,0.0,0.0,1.0
0.005,1,15,fixed_window_revalidation,0.01012024401424592,0.0017029354699124803,0.9982970645300875
0.005,1,15,adaptive_cached,0.0,0.0,1.0
0.005,1,15,progressive_refresh,0.01012024401424592,0.0017029354699124803,0.9982970645300875
0.005,1,16,cached_verdict,0.01038692175899486,0.0013058457434985552,0.9986941542565014
0.005,1,16,use_time_revalidation,0.0,0.0,1.0
0.005,1,16,fixed_window_revalidation,0.01038692175899486,0.0013058457434985552,0.9986941542565014
0.005,1,16,adaptive_cached,0.0,0.0,1.0
0.005,1,16,progressive_refresh,0.01038692175899486,0.0013058457434985552,0.9986941542565014
0.005,1,17,cached_verdict,0.009286828300014179,0.001490499804981334,0.9985095001950187
0.005,1,17,use_time_revalidation,0.0,0.0,1.0
0.005,1,17,fixed_window_revalidation,0.009286828300014179,0.001490499804981334,0.9985095001950187
0.005,1,17,adaptive_cached,0.0,0.0,1.0
0.005,1,17,progressive_refresh,0.009286828300014179,0.001490499804981334,0.9985095001950187
0.005,1,18,cached_verdict,0.010055945046384816,0.001825580423088715,0.9981744195769113
0.005,1,18,use_time_revalidation,0.0,0.0,1.0
0.005,1,18,fixed_window_revalidation,0.010055945046384816,0.001825580423088715,0.9981744195769113
0.005,1,18,adaptive_cached,0.0,0.0,1.0
0.005,1,18,progressive_refresh,0.010055945046384816,0.001825580423088715,0.9981744195769113
0.005,1,19,cached_verdict,0.009345140177102657,0.0016099903400579596,0.9983900096599421
0.005,1,19,use_time_revalidation,0.0,0.0,1.0
0.005,1,19,fixed_window_revalidation,0.009345140177102657,0.0016099903400579596,0.9983900096599421
0.005,1,19,adaptive_cached,0.0,0.0,1.0
0.005,1,19,progressive_refresh,0.009345140177102657,0.0016099903400579596,0.9983900096599421
0.005,1,20,cached_verdict,0.009598634860819794,0.001502692323746713,0.9984973076762533
0.005,1,20,use_time_revalidation,0.0,0.0,1.0
0.005,1,20,fixed_window_revalidation,0.009598634860819794,0.001502692323746713,0.9984973076762533
0.005,1,20,adaptive_cached,0.0,0.0,1.0
0.005,1,20,progressive_refresh,0.009598634860819794,0.001502692323746713,0.9984973076762533
0.005,1,21,cached_verdict,0.009574657412350952,0.0015019817815172798,0.9984980182184827
0.005,1,21,use_time_revalidation,0.0,0.0,1.0
0.005,1,21,fixed_window_revalidation,0.009574657412350952,0.0015019817815172798,0.9984980182184827
0.005,1,21,adaptive_cached,0.0,0.0,1.0
0.005,1,21,progressive_refresh,0.009574657412350952,0.0015019817815172798,0.9984980182184827
0.005,1,22,cached_verdict,0.009431629517114699,0.0017714915400817398,0.9982285084599183
0.005,1,22,use_time_revalidation,0.0,0.0,1.0
0.005,1,22,fixed_window_revalidation,0.009431629517114699,0.0017714915400817398,0.9982285084599183
0.005,1,22,adaptive_cached,0.0,0.0,1.0
0.005,1,22,progressive_refresh,0.009431629517114699,0.0017714915400817398,0.9982285084599183
0.005,1,23,cached_verdict,0.01044116598959447,0.0015568962161861602,0.9984431037838138
0.005,1,23,use_time_revalidation,0.0,0.0,1.0
0.005,1,23,fixed_window_revalidation,0.01044116598959447,0.0015568962161861602,0.9984431037838138
0.005,1,23,adaptive_cached,0.0,0.0,1.0
0.005,1,23,progressive_refresh,0.01044116598959447,0.0015568962161861602,0.9984431037838138
0.005,1,24,cached_verdict,0.009645620605589513,0.0016458150271280528,0.998354184972872
0.005,1,24,use_time_revalidation,0.0,0.0,1.0
0.005,1,24,fixed_window_revalidation,0.009645620605589513,0.0016458150271280528,0.998354184972872
0.005,1,24,adaptive_cached,0.0,0.0,1.0
0.005,1,24,progressive_refresh,0.009645620605589513,0.0016458150271280528,0.998354184972872
0.005,1,25,cached_verdict,0.00994404248494137,0.0016123875846155984,0.9983876124153844
0.005,1,25,use_time_revalidation,0.0,0.0,1.0
0.005,1,25,fixed_window_revalidation,0.00994404248494137,0.0016123875846155984,0.9983876124153844
0.005,1,25,adaptive_cached,0.0,0.0,1.0
0.005,1,25,progressive_refresh,0.00994404248494137,0.0016123875846155984,0.9983876124153844
0.005,1,26,cached_verdict,0.00883505521909512,0.0014736549423050188,0.998526345057695
0.005,1,26,use_time_revalidation,0.0,0.0,1.0
0.005,1,26,fixed_window_revalidation,0.00883505521909512,0.0014736549423050188,0.998526345057695
0.005,1,26,adaptive_cached,0.0,0.0,1.0
0.005,1,26,progressive_refresh,0.00883505521909512,0.0014736549423050188,0.998526345057695
0.005,1,27,cached_verdict,0.009813367590907469,0.0015699459549578338,0.9984300540450421
0.005,1,27,use_time_revalidation,0.0,0.0,1.0
0.005,1,27,fixed_window_revalidation,0.009813367590907469,0.0015699459549578338,0.9984300540450421
0.005,1,27,adaptive_cached,0.0,0.0,1.0
0.005,1,27,progressive_refresh,0.009813367590907469,0.0015699459549578338,0.9984300540450421
0.005,1,28,cached_verdict,0.009700803070144268,0.0014333825043836455,0.9985666174956164
0.005,1,28,use_time_revalidation,0.0,0.0,1.0
0.005,1,28,fixed_window_revalidation,0.009700803070144268,0.0014333825043836455,0.9985666174956164
0.005,1,28,adaptive_cached,0.0,0.0,1.0
0.005,1,28,progressive_refresh,0.009700803070144268,0.0014333825043836455,0.9985666174956164
0.005,1,29,cached_verdict,0.008388128665363426,0.0015584777012453907,0.9984415222987546
0.005,1,29,use_time_revalidation,0.0,0.0,1.0
0.005,1,29,fixed_window_revalidation,0.008388128665363426,0.0015584777012453907,0.9984415222987546
0.005,1,29,adaptive_cached,0.0,0.0,1.0
0.005,1,29,progressive_refresh,0.008388128665363426,0.0015584777012453907,0.9984415222987546
0.005,2,0,cached_verdict,0.019286369085395952,0.0032105865602054776,0.9967894134397945
0.005,2,0,use_time_revalidation,0.0,0.0,1.0
0.005,2,0,fixed_window_revalidation,0.019286369085395952,0.0032105865602054776,0.9967894134397945
0.005,2,0,adaptive_cached,0.0,0.0,1.0
0.005,2,0,progressive_refresh,0.0,0.0,1.0
0.005,2,1,cached_verdict,0.0196916608269096,0.002994682339770501,0.9970053176602295
0.005,2,1,use_time_revalidation,0.0,0.0,1.0
0.005,2,1,fixed_window_revalidation,0.0196916608269096,0.002994682339770501,0.9970053176602295
0.005,2,1,adaptive_cached,0.0,0.0,1.0
0.005,2,1,progressive_refresh,0.0,0.0,1.0
0.005,2,2,cached_verdict,0.01791348243707495,0.0030080868567591013,0.9969919131432409
0.005,2,2,use_time_revalidation,0.0,0.0,1.0
0.005,2,2,fixed_window_revalidation,0.01791348243707495,0.0030080868567591013,0.9969919131432409
0.005,2,2,adaptive_cached,0.0,0.0,1.0
0.005,2,2,progressive_refresh,0.0,0.0,1.0
0.005,2,3,cached_verdict,0.017984343042527683,0.0030010329136540017,0.9969989670863459
0.005,2,3,use_time_revalidation,0.0,0.0,1.0
0.005,2,3,fixed_window_revalidation,0.017984343042527683,0.0030010329136540017,0.9969989670863459
0.005,2,3,adaptive_cached,0.0,0.0,1.0
0.005,2,3,progressive_refresh,0.0,0.0,1.0
0.005,2,4,cached_verdict,0.0180915842455387,0.0031010350752210536,0.9968989649247789
0.005,2,4,use_time_revalidation,0.0,0.0,1.0
0.005,2,4,fixed_window_revalidation,0.0180915842455387,0.0031010350752210536,0.9968989649247789
0.005,2,4,adaptive_cached,0.0,0.0,1.0
0.005,2,4,progressive_refresh,0.0,0.0,1.0
0.005,2,5,cached_verdict,0.01782802863826469,0.0030089432479870728,0.9969910567520129
0.005,2,5,use_time_revalidation,0.0,0.0,1.0
0.005,2,5,fixed_window_revalidation,0.01782802863826469,0.0030089432479870728,0.9969910567520129
0.005,2,5,adaptive_cached,0.0,0.0,1.0
0.005,2,5,progressive_refresh,0.0,0.0,1.0
0.005,2,6,cached_verdict,0.01848128945790569,0.002833335659553087,0.9971666643404469
0.005,2,6,use_time_revalidation,0.0,0.0,1.0
0.005,2,6,fixed_window_revalidation,0.01848128945790569,0.002833335659553087,0.9971666643404469
0.005,2,6,adaptive_cached,0.0,0.0,1.0
0.005,2,6,progressive_refresh,0.0,0.0,1.0
0.005,2,7,cached_verdict,0.01816460356980047,0.003273505588741379,0.9967264944112586
0.005,2,7,use_time_revalidation,0.0,0.0,1.0
0.005,2,7,fixed_window_revalidation,0.01816460356980047,0.003273505588741379,0.9967264944112586
0.005,2,7,adaptive_cached,0.0,0.0,1.0
0.005,2,7,progressive_refresh,0.0,0.0,1.0
0.005,2,8,cached_verdict,0.020454304588970927,0.00337550388461914,0.9966244961153808
0.005,2,8,use_time_revalidation,0.0,0.0,1.0
0.005,2,8,fixed_window_revalidation,0.020454304588970927,0.00337550388461914,0.9966244961153808
0.005,2,8,adaptive_cached,0.0,0.0,1.0
0.005,2,8,progressive_refresh,0.0,0.0,1.0
0.005,2,9,cached_verdict,0.019524078519983053,0.0027345275964060496,0.997265472403594
0.005,2,9,use_time_revalidation,0.0,0.0,1.0
0.005,2,9,fixed_window_revalidation,0.019524078519983053,0.0027345275964060496,0.997265472403594
0.005,2,9,adaptive_cached,0.0,0.0,1.0
0.005,2,9,progressive_refresh,0.0,0.0,1.0
0.005,2,10,cached_verdict,0.020186889221770456,0.0034740557516467025,0.9965259442483533
0.005,2,10,use_time_revalidation,0.0,0.0,1.0
0.005,2,10,fixed_window_revalidation,0.020186889221770456,0.0034740557516467025,0.9965259442483533
0.005,2,10,adaptive_cached,0.0,0.0,1.0
0.005,2,10,progressive_refresh,0.0,0.0,1.0
0.005,2,11,cached_verdict,0.017027590348677006,0.0028315177213953944,0.9971684822786046
0.005,2,11,use_time_revalidation,0.0,0.0,1.0
0.005,2,11,fixed_window_revalidation,0.017027590348677006,0.0028315177213953944,0.9971684822786046
0.005,2,11,adaptive_cached,0.0,0.0,1.0
0.005,2,11,progressive_refresh,0.0,0.0,1.0
0.005,2,12,cached_verdict,0.018305347273559334,0.003226572430265529,0.9967734275697344
0.005,2,12,use_time_revalidation,0.0,0.0,1.0
0.005,2,12,fixed_window_revalidation,0.018305347273559334,0.003226572430265529,0.9967734275697344
0.005,2,12,adaptive_cached,0.0,0.0,1.0
0.005,2,12,progressive_refresh,0.0,0.0,1.0
0.005,2,13,cached_verdict,0.020145750122626305,0.0033026393126032077,0.9966973606873968
0.005,2,13,use_time_revalidation,0.0,0.0,1.0
0.005,2,13,fixed_window_revalidation,0.020145750122626305,0.0033026393126032077,0.9966973606873968
0.005,2,13,adaptive_cached,0.0,0.0,1.0
0.005,2,13,progressive_refresh,0.0,0.0,1.0
0.005,2,14,cached_verdict,0.01789432816856669,0.0029023120822693847,0.9970976879177306
0.005,2,14,use_time_revalidation,0.0,0.0,1.0
0.005,2,14,fixed_window_revalidation,0.01789432816856669,0.0029023120822693847,0.9970976879177306
0.005,2,14,adaptive_cached,0.0,0.0,1.0
0.005,2,14,progressive_refresh,0.0,0.0,1.0
0.005,2,15,cached_verdict,0.019335368635294944,0.003468385941848594,0.9965316140581514
0.005,2,15,use_time_revalidation,0.0,0.0,1.0
0.005,2,15,fixed_window_revalidation,0.019335368635294944,0.003468385941848594,0.9965316140581514
0.005,2,15,adaptive_cached,0.0,0.0,1.0
0.005,2,15,progressive_refresh,0.0,0.0,1.0
0.005,2,16,cached_verdict,0.02010495709524147,0.002562745480375498,0.9974372545196245
0.005,2,16,use_time_revalidation,0.0,0.0,1.0
0.005,2,16,fixed_window_revalidation,0.02010495709524147,0.002562745480375498,0.9974372545196245
0.005,2,16,adaptive_cached,0.0,0.0,1.0
0.005,2,16,progressive_refresh,0.0,0.0,1.0
0.005,2,17,cached_verdict,0.018818720045108542,0.0030017871104657656,0.9969982128895343
0.005,2,17,use_time_revalidation,0.0,0.0,1.0
0.005,2,17,fixed_window_revalidation,0.018818720045108542,0.0030017871104657656,0.9969982128895343
0.005,2,17,adaptive_cached,0.0,0.0,1.0
0.005,2,17,progressive_refresh,0.0,0.0,1.0
0.005,2,18,cached_verdict,0.019995775540378794,0.003505880381037517,0.9964941196189625
0.005,2,18,use_time_revalidation,0.0,0.0,1.0
0.005,2,18,fixed_window_revalidation,0.019995775540378794,0.003505880381037517,0.9964941196189625
0.005,2,18,adaptive_cached,0.0,0.0,1.0
0.005,2,18,progressive_refresh,0.0,0.0,1.0
0.005,2,19,cached_verdict,0.018846234236744933,0.003562712149690016,0.9964372878503099
0.005,2,19,use_time_revalidation,0.0,0.0,1.0
0.005,2,19,fixed_window_revalidation,0.018846234236744933,0.003562712149690016,0.9964372878503099
0.005,2,19,adaptive_cached,0.0,0.0,1.0
0.005,2,19,progressive_refresh,0.0,0.0,1.0
0.005,2,20,cached_verdict,0.018470683981458548,0.003178187596704721,0.9968218124032953
0.005,2,20,use_time_revalidation,0.0,0.0,1.0
0.005,2,20,fixed_window_revalidation,0.018470683981458548,0.003178187596704721,0.9968218124032953
0.005,2,20,adaptive_cached,0.0,0.0,1.0
0.005,2,20,progressive_refresh,0.0,0.0,1.0
0.005,2,21,cached_verdict,0.019765920582723383,0.0029559809813299127,0.9970440190186701
0.005,2,21,use_time_revalidation,0.0,0.0,1.0
0.005,2,21,fixed_window_revalidation,0.019765920582723383,0.0029559809813299127,0.9970440190186701
0.005,2,21,adaptive_cached,0.0,0.0,1.0
0.005,2,21,progressive_refresh,0.0,0.0,1.0
0.005,2,22,cached_verdict,0.017960704368914976,0.0032006037820235082,0.9967993962179765
0.005,2,22,use_time_revalidation,0.0,0.0,1.0
0.005,2,22,fixed_window_revalidation,0.017960704368914976,0.0032006037820235082,0.9967993962179765
0.005,2,22,adaptive_cached,0.0,0.0,1.0
0.005,2,22,progressive_refresh,0.0,0.0,1.0
0.005,2,23,cached_verdict,0.019637033886289523,0.003106368752437733,0.9968936312475623
0.005,2,23,use_time_revalidation,0.0,0.0,1.0
0.005,2,23,fixed_window_revalidation,0.019637033886289523,0.003106368752437733,0.9968936312475623
0.005,2,23,adaptive_cached,0.0,0.0,1.0
0.005,2,23,progressive_refresh,0.0,0.0,1.0
0.005,2,24,cached_verdict,0.01907404805395532,0.0031174858804451154,0.9968825141195549
0.005,2,24,use_time_revalidation,0.0,0.0,1.0
0.005,2,24,fixed_window_revalidation,0.01907404805395532,0.0031174858804451154,0.9968825141195549
0.005,2,24,adaptive_cached,0.0,0.0,1.0
0.005,2,24,progressive_refresh,0.0,0.0,1.0
0.005,2,25,cached_verdict,0.018100511073253833,0.0031744263755847627,0.9968255736244153
0.005,2,25,use_time_revalidation,0.0,0.0,1.0
0.005,2,25,fixed_window_revalidation,0.018100511073253833,0.0031744263755847627,0.9968255736244153
0.005,2,25,adaptive_cached,0.0,0.0,1.0
0.005,2,25,progressive_refresh,0.0,0.0,1.0
0.005,2,26,cached_verdict,0.019045596148399888,0.003038242836436615,0.9969617571635634
0.005,2,26,use_time_revalidation,0.0,0.0,1.0
0.005,2,26,fixed_window_revalidation,0.019045596148399888,0.003038242836436615,0.9969617571635634
0.005,2,26,adaptive_cached,0.0,0.0,1.0
0.005,2,26,progressive_refresh,0.0,0.0,1.0
0.005,2,27,cached_verdict,0.019308582380918576,0.003216105588505555,0.9967838944114944
0.005,2,27,use_time_revalidation,0.0,0.0,1.0
0.005,2,27,fixed_window_revalidation,0.019308582380918576,0.003216105588505555,0.9967838944114944
0.005,2,27,adaptive_cached,0.0,0.0,1.0
0.005,2,27,progressive_refresh,0.0,0.0,1.0
0.005,2,28,cached_verdict,0.018830595301183535,0.0027895948113536508,0.9972104051886463
0.005,2,28,use_time_revalidation,0.0,0.0,1.0
0.005,2,28,fixed_window_revalidation,0.018830595301183535,0.0027895948113536508,0.9972104051886463
0.005,2,28,adaptive_cached,0.0,0.0,1.0
0.005,2,28,progressive_refresh,0.0,0.0,1.0
0.005,2,29,cached_verdict,0.017546962889588565,0.003345740454184267,0.9966542595458158
0.005,2,29,use_time_revalidation,0.0,0.0,1.0
0.005,2,29,fixed_window_revalidation,0.017546962889588565,0.003345740454184267,0.9966542595458158
0.005,2,29,adaptive_cached,0.0,0.0,1.0
0.005,2,29,progressive_refresh,0.0,0.0,1.0
0.005,4,0,cached_verdict,0.03693112467306016,0.00601472134595163,0.9939852786540484
0.005,4,0,use_time_revalidation,0.0,0.0,1.0
0.005,4,0,fixed_window_revalidation,0.009276373147340889,0.0014300736067297583,0.9985699263932702
0.005,4,0,adaptive_cached,0.0,0.0,1.0
0.005,4,0,progressive_refresh,0.0,0.0,1.0
0.005,4,1,cached_verdict,0.036494322719538876,0.006235867473771436,0.9937641325262285
0.005,4,1,use_time_revalidation,0.0,0.0,1.0
0.005,4,1,fixed_window_revalidation,0.008541963262613285,0.0017275038271934383,0.9982724961728066
0.005,4,1,adaptive_cached,0.0,0.0,1.0
0.005,4,1,progressive_refresh,0.0,0.0,1.0
0.005,4,2,cached_verdict,0.03541818434106914,0.005957315274050553,0.9940426847259495
0.005,4,2,use_time_revalidation,0.0,0.0,1.0
0.005,4,2,fixed_window_revalidation,0.009470288271412218,0.0016579320809857671,0.9983420679190143
0.005,4,2,adaptive_cached,0.0,0.0,1.0
0.005,4,2,progressive_refresh,0.0,0.0,1.0
0.005,4,3,cached_verdict,0.0372008777735205,0.005919400765875075,0.994080599234125
0.005,4,3,use_time_revalidation,0.0,0.0,1.0
0.005,4,3,fixed_window_revalidation,0.009753039116653314,0.0015149177315509671,0.998485082268449
0.005,4,3,adaptive_cached,0.0,0.0,1.0
0.005,4,3,progressive_refresh,0.0,0.0,1.0
0.005,4,4,cached_verdict,0.03633073496659243,0.005991805118994163,0.9940081948810059
0.005,4,4,use_time_revalidation,0.0,0.0,1.0
0.005,4,4,fixed_window_revalidation,0.008873886414253898,0.0016277503367759317,0.998372249663224
0.005,4,4,adaptive_cached,0.0,0.0,1.0
0.005,4,4,progressive_refresh,0.0,0.0,1.0
0.005,4,5,cached_verdict,0.036207985404533016,0.006391787182858262,0.9936082128171417
0.005,4,5,use_time_revalidation,0.0,0.0,1.0
0.005,4,5,fixed_window_revalidation,0.009543189951582345,0.0017622870569806149,0.9982377129430194
0.005,4,5,adaptive_cached,0.0,0.0,1.0
0.005,4,5,progressive_refresh,0.0,0.0,1.0
0.005,4,6,cached_verdict,0.03721141103438655,0.0059585564871154975,0.9940414435128845
0.005,4,6,use_time_revalidation,0.0,0.0,1.0
0.005,4,6,fixed_window_revalidation,0.0091371974611146,0.0020609595378964195,0.9979390404621036
0.005,4,6,adaptive_cached,0.0,0.0,1.0
0.005,4,6,progressive_refresh,0.0,0.0,1.0
0.005,4,7,cached_verdict,0.03589156166475754,0.006433397480018542,0.9935666025199814
0.005,4,7,use_time_revalidation,0.0,0.0,1.0
0.005,4,7,fixed_window_revalidation,0.009163802978235968,0.0015872792909216052,0.9984127207090784
0.005,4,7,adaptive_cached,0.0,0.0,1.0
0.005,4,7,progressive_refresh,0.0,0.0,1.0
0.005,4,8,cached_verdict,0.03639799811010395,0.006118134598961177,0.9938818654010388
0.005,4,8,use_time_revalidation,0.0,0.0,1.0
0.005,4,8,fixed_window_revalidation,0.007769572673502957,0.001316028952636958,0.9986839710473631
0.005,4,8,adaptive_cached,0.0,0.0,1.0
0.005,4,8,progressive_refresh,0.0,0.0,1.0
0.005,4,9,cached_verdict,0.03722084367245657,0.0058694160001120654,0.994130583999888
0.005,4,9,use_time_revalidation,0.0,0.0,1.0
0.005,4,9,fixed_window_revalidation,0.009226575332890645,0.001849076162326474,0.9981509238376736
0.005,4,9,adaptive_cached,0.0,0.0,1.0
0.005,4,9,progressive_refresh,0.0,0.0,1.0
0.005,4,10,cached_verdict,0.03746244919597102,0.006791716058852242,0.9932082839411478
0.005,4,10,use_time_revalidation,0.0,0.0,1.0
0.005,4,10,fixed_window_revalidation,0.008800141367732816,0.0016874694930618507,0.9983125305069381
0.005,4,10,adaptive_cached,0.0,0.0,1.0
0.005,4,10,progressive_refresh,0.0,0.0,1.0
0.005,4,11,cached_verdict,0.034319733846962006,0.006340541675414655,0.9936594583245854
0.005,4,11,use_time_revalidation,0.0,0.0,1.0
0.005,4,11,fixed_window_revalidation,0.008614953598319033,0.0020295332073623066,0.9979704667926377
0.005,4,11,adaptive_cached,0.0,0.0,1.0
0.005,4,11,progressive_refresh,0.0,0.0,1.0
0.005,4,12,cached_verdict,0.03625987402999617,0.005935759089569622,0.9940642409104303
0.005,4,12,use_time_revalidation,0.0,0.0,1.0
0.005,4,12,fixed_window_revalidation,0.008873577617705398,0.0013751876850539551,0.998624812314946
0.005,4,12,adaptive_cached,0.0,0.0,1.0
0.005,4,12,progressive_refresh,0.0,0.0,1.0
0.005,4,13,cached_verdict,0.03685307398402223,0.00665636848757197,0.993343631512428
0.005,4,13,use_time_revalidation,0.0,0.0,1.0
0.005,4,13,fixed_window_revalidation,0.008857242097950677,0.001727285493610448,0.9982727145063895
0.005,4,13,adaptive_cached,0.0,0.0,1.0
0.005,4,13,progressive_refresh,0.0,0.0,1.0
0.005,4,14,cached_verdict,0.03634395838424746,0.006054066174306655,0.9939459338256933
0.005,4,14,use_time_revalidation,0.0,0.0,1.0
0.005,4,14,fixed_window_revalidation,0.009810424885661417,0.0017657693008394412,0.9982342306991605
0.005,4,14,adaptive_cached,0.0,0.0,1.0
0.005,4,14,progressive_refresh,0.0,0.0,1.0
0.005,4,15,cached_verdict,0.036819618604328044,0.006529890045077306,0.9934701099549227
0.005,4,15,use_time_revalidation,0.0,0.0,1.0
0.005,4,15,fixed_window_revalidation,0.008822814269338983,0.0017693895606015924,0.9982306104393984
0.005,4,15,adaptive_cached,0.0,0.0,1.0
0.005,4,15,progressive_refresh,0.0,0.0,1.0
0.005,4,16,cached_verdict,0.03853976714826764,0.005623636058418667,0.9943763639415814
0.005,4,16,use_time_revalidation,0.0,0.0,1.0
0.005,4,16,fixed_window_revalidation,0.008661803899565156,0.001734653908566952,0.998265346091433
0.005,4,16,adaptive_cached,0.0,0.0,1.0
0.005,4,16,progressive_refresh,0.0,0.0,1.0
0.005,4,17,cached_verdict,0.036947959148105544,0.006001879092987056,0.9939981209070129
0.005,4,17,use_time_revalidation,0.0,0.0,1.0
0.005,4,17,fixed_window_revalidation,0.009620412004601066,0.0014724236092608434,0.9985275763907392
0.005,4,17,adaptive_cached,0.0,0.0,1.0
0.005,4,17,progressive_refresh,0.0,0.0,1.0
0.005,4,18,cached_verdict,0.03839593413861524,0.006524209728789303,0.9934757902712107
0.005,4,18,use_time_revalidation,0.0,0.0,1.0
0.005,4,18,fixed_window_revalidation,0.00971211752010304,0.0016135142340016556,0.9983864857659983
0.005,4,18,adaptive_cached,0.0,0.0,1.0
0.005,4,18,progressive_refresh,0.0,0.0,1.0
0.005,4,19,cached_verdict,0.03702171664943123,0.006803775179602761,0.9931962248203973
0.005,4,19,use_time_revalidation,0.0,0.0,1.0
0.005,4,19,fixed_window_revalidation,0.009479489831092727,0.0015917734892238343,0.9984082265107762
0.005,4,19,adaptive_cached,0.0,0.0,1.0
0.005,4,19,progressive_refresh,0.0,0.0,1.0
0.005,4,20,cached_verdict,0.03579818379439711,0.006533387428475496,0.9934666125715245
0.005,4,20,use_time_revalidation,0.0,0.0,1.0
0.005,4,20,fixed_window_revalidation,0.008905718593317204,0.0017487653716476168,0.9982512346283524
0.005,4,20,adaptive_cached,0.0,0.0,1.0
0.005,4,20,progressive_refresh,0.0,0.0,1.0
0.005,4,21,cached_verdict,0.0372818522015878,0.005699721315837383,0.9943002786841626
0.005,4,21,use_time_revalidation,0.0,0.0,1.0
0.005,4,21,fixed_window_revalidation,0.008708425139020039,0.0014004229277241728,0.9985995770722759
0.005,4,21,adaptive_cached,0.0,0.0,1.0
0.005,4,21,progressive_refresh,0.0,0.0,1.0
0.005,4,22,cached_verdict,0.036698523023457864,0.006318006318006318,0.9936819936819937
0.005,4,22,use_time_revalidation,0.0,0.0,1.0
0.005,4,22,fixed_window_revalidation,0.00952215464813206,0.0016848016848016849,0.9983151983151983
0.005,4,22,adaptive_cached,0.0,0.0,1.0
0.005,4,22,progressive_refresh,0.0,0.0,1.0
0.005,4,23,cached_verdict,0.038972417902078296,0.0064365371430170565,0.9935634628569829
0.005,4,23,use_time_revalidation,0.0,0.0,1.0
0.005,4,23,fixed_window_revalidation,0.00925244453790348,0.0018330138385548576,0.9981669861614452
0.005,4,23,adaptive_cached,0.0,0.0,1.0
0.005,4,23,progressive_refresh,0.0,0.0,1.0
0.005,4,24,cached_verdict,0.037111752634690964,0.006512372103468119,0.9934876278965319
0.005,4,24,use_time_revalidation,0.0,0.0,1.0
0.005,4,24,fixed_window_revalidation,0.009495321901846892,0.001922834004687785,0.9980771659953123
0.005,4,24,adaptive_cached,0.0,0.0,1.0
0.005,4,24,progressive_refresh,0.0,0.0,1.0
0.005,4,25,cached_verdict,0.03596996069623807,0.0059157529648690985,0.9940842470351309
0.005,4,25,use_time_revalidation,0.0,0.0,1.0
0.005,4,25,fixed_window_revalidation,0.00884334643458731,0.0014264936227343925,0.9985735063772656
0.005,4,25,adaptive_cached,0.0,0.0,1.0
0.005,4,25,progressive_refresh,0.0,0.0,1.0
0.005,4,26,cached_verdict,0.036895585143658025,0.006171284634760705,0.9938287153652393
0.005,4,26,use_time_revalidation,0.0,0.0,1.0
0.005,4,26,fixed_window_revalidation,0.009250175192711983,0.0017072488105233697,0.9982927511894766
0.005,4,26,adaptive_cached,0.0,0.0,1.0
0.005,4,26,progressive_refresh,0.0,0.0,1.0
0.005,4,27,cached_verdict,0.036861339517886005,0.006317967068295547,0.9936820329317044
0.005,4,27,use_time_revalidation,0.0,0.0,1.0
0.005,4,27,fixed_window_revalidation,0.008503759926909831,0.0017192697995583013,0.9982807302004417
0.005,4,27,adaptive_cached,0.0,0.0,1.0
0.005,4,27,progressive_refresh,0.0,0.0,1.0
0.005,4,28,cached_verdict,0.03646544181977253,0.006146307315365768,0.9938536926846342
0.005,4,28,use_time_revalidation,0.0,0.0,1.0
0.005,4,28,fixed_window_revalidation,0.010008748906386701,0.0017500875043752187,0.9982499124956248
0.005,4,28,adaptive_cached,0.0,0.0,1.0
0.005,4,28,progressive_refresh,0.0,0.0,1.0
0.005,4,29,cached_verdict,0.0348922753547031,0.0064656077251416975,0.9935343922748583
0.005,4,29,use_time_revalidation,0.0,0.0,1.0
0.005,4,29,fixed_window_revalidation,0.008688036433701174,0.0015954096984115878,0.9984045903015885
0.005,4,29,adaptive_cached,0.0,0.0,1.0
0.005,4,29,progressive_refresh,0.0,0.0,1.0
0.005,8,0,cached_verdict,0.06914475259036351,0.011645490905493449,0.9883545090945065
0.005,8,0,use_time_revalidation,0.0,0.0,1.0
0.005,8,0,fixed_window_revalidation,0.017371678692336627,0.0035049535734980285,0.996495046426502
0.005,8,0,adaptive_cached,0.0,0.0,1.0
0.005,8,0,progressive_refresh,0.0,0.0,1.0
0.005,8,1,cached_verdict,0.06982764493494108,0.012513801987486198,0.9874861980125138
0.005,8,1,use_time_revalidation,0.0,0.0,1.0
0.005,8,1,fixed_window_revalidation,0.017678315961577765,0.0035955946887120975,0.9964044053112879
0.005,8,1,adaptive_cached,0.0,0.0,1.0
0.005,8,1,progressive_refresh,0.0,0.0,1.0
0.005,8,2,cached_verdict,0.0691697586547299,0.012531328320802004,0.987468671679198
0.005,8,2,use_time_revalidation,0.0,0.0,1.0
0.005,8,2,fixed_window_revalidation,0.017598801783708342,0.0038231171148209505,0.996176882885179
0.005,8,2,adaptive_cached,0.0,0.0,1.0
0.005,8,2,progressive_refresh,0.0,0.0,1.0
0.005,8,3,cached_verdict,0.07082636447417824,0.011894827659363817,0.9881051723406362
0.005,8,3,use_time_revalidation,0.0,0.0,1.0
0.005,8,3,fixed_window_revalidation,0.018022323104754753,0.003097464039715429,0.9969025359602846
0.005,8,3,adaptive_cached,0.0,0.0,1.0
0.005,8,3,progressive_refresh,0.0,0.0,1.0
0.005,8,4,cached_verdict,0.06983487991266375,0.012081258488003621,0.9879187415119963
0.005,8,4,use_time_revalidation,0.0,0.0,1.0
0.005,8,4,fixed_window_revalidation,0.01780840611353712,0.0032961747397012224,0.9967038252602988
0.005,8,4,adaptive_cached,0.0,0.0,1.0
0.005,8,4,progressive_refresh,0.0,0.0,1.0
0.005,8,5,cached_verdict,0.0708469335165779,0.01246914450948586,0.9875308554905141
0.005,8,5,use_time_revalidation,0.0,0.0,1.0
0.005,8,5,fixed_window_revalidation,0.018725304930424326,0.003342972000846322,0.9966570279991537
0.005,8,5,adaptive_cached,0.0,0.0,1.0
0.005,8,5,progressive_refresh,0.0,0.0,1.0
0.005,8,6,cached_verdict,0.07100308113659706,0.012657154965390592,0.9873428450346095
0.005,8,6,use_time_revalidation,0.0,0.0,1.0
0.005,8,6,fixed_window_revalidation,0.017425539198904483,0.0033479304986580027,0.996652069501342
0.005,8,6,adaptive_cached,0.0,0.0,1.0
0.005,8,6,progressive_refresh,0.0,0.0,1.0
0.005,8,7,cached_verdict,0.07103750807630836,0.012961625090306404,0.9870383749096936
0.005,8,7,use_time_revalidation,0.0,0.0,1.0
0.005,8,7,fixed_window_revalidation,0.019417145577583568,0.003583924751745924,0.996416075248254
0.005,8,7,adaptive_cached,0.0,0.0,1.0
0.005,8,7,progressive_refresh,0.0,0.0,1.0
0.005,8,8,cached_verdict,0.06952550985373893,0.012261195925162966,0.987738804074837
0.005,8,8,use_time_revalidation,0.0,0.0,1.0
0.005,8,8,fixed_window_revalidation,0.01754446199272128,0.003273414792448571,0.9967265852075514
0.005,8,8,adaptive_cached,0.0,0.0,1.0
0.005,8,8,progressive_refresh,0.0,0.0,1.0
0.005,8,9,cached_verdict,0.06954642146435189,0.01196827278629294,0.988031727213707
0.005,8,9,use_time_revalidation,0.0,0.0,1.0
0.005,8,9,fixed_window_revalidation,0.017601043024771838,0.0035424958365088775,0.9964575041634911
0.005,8,9,adaptive_cached,0.0,0.0,1.0
0.005,8,9,progressive_refresh,0.0,0.0,1.0
0.005,8,10,cached_verdict,0.07107724281260824,0.012709124138900605,0.9872908758610994
0.005,8,10,use_time_revalidation,0.0,0.0,1.0
0.005,8,10,fixed_window_revalidation,0.018011776931070315,0.0035990440039364545,0.9964009559960636
0.005,8,10,adaptive_cached,0.0,0.0,1.0
0.005,8,10,progressive_refresh,0.0,0.0,1.0
0.005,8,11,cached_verdict,0.06506530654443947,0.01266500429680346,0.9873349957031965
0.005,8,11,use_time_revalidation,0.0,0.0,1.0
0.005,8,11,fixed_window_revalidation,0.015818313402488196,0.003507882168970035,0.99649211783103
0.005,8,11,adaptive_cached,0.0,0.0,1.0
0.005,8,11,progressive_refresh,0.0,0.0,1.0
0.005,8,12,cached_verdict,0.06984842277755018,0.012332409345477174,0.9876675906545228
0.005,8,12,use_time_revalidation,0.0,0.0,1.0
0.005,8,12,fixed_window_revalidation,0.018298511538986754,0.003422526446795271,0.9965774735532047
0.005,8,12,adaptive_cached,0.0,0.0,1.0
0.005,8,12,progressive_refresh,0.0,0.0,1.0
0.005,8,13,cached_verdict,0.07059343348514717,0.012156762730595936,0.987843237269404
0.005,8,13,use_time_revalidation,0.0,0.0,1.0
0.005,8,13,fixed_window_revalidation,0.018013731221534907,0.00306044376434583,0.9969395562356542
0.005,8,13,adaptive_cached,0.0,0.0,1.0
0.005,8,13,progressive_refresh,0.0,0.0,1.0
0.005,8,14,cached_verdict,0.0710477752716834,0.012030309027679606,0.9879696909723203
0.005,8,14,use_time_revalidation,0.0,0.0,1.0
0.005,8,14,fixed_window_revalidation,0.019034925842389448,0.0032514348723458398,0.9967485651276542
0.005,8,14,adaptive_cached,0.0,0.0,1.0
0.005,8,14,progressive_refresh,0.0,0.0,1.0
0.005,8,15,cached_verdict,0.06971440242366478,0.012248134460444898,0.9877518655395551
0.005,8,15,use_time_revalidation,0.0,0.0,1.0
0.005,8,15,fixed_window_revalidation,0.017088198250331893,0.003143451849963893,0.9968565481500361
0.005,8,15,adaptive_cached,0.0,0.0,1.0
0.005,8,15,progressive_refresh,0.0,0.0,1.0
0.005,8,16,cached_verdict,0.07065983564281539,0.011153884118053499,0.9888461158819465
0.005,8,16,use_time_revalidation,0.0,0.0,1.0
0.005,8,16,fixed_window_revalidation,0.016745177595158683,0.003215026016328948,0.996784973983671
0.005,8,16,adaptive_cached,0.0,0.0,1.0
0.005,8,16,progressive_refresh,0.0,0.0,1.0
0.005,8,17,cached_verdict,0.06995589291209355,0.012098426921826637,0.9879015730781734
0.005,8,17,use_time_revalidation,0.0,0.0,1.0
0.005,8,17,fixed_window_revalidation,0.017403494375491504,0.0032648792277359265,0.9967351207722641
0.005,8,17,adaptive_cached,0.0,0.0,1.0
0.005,8,17,progressive_refresh,0.0,0.0,1.0
0.005,8,18,cached_verdict,0.06987960049254344,0.012661805437793229,0.9873381945622067
0.005,8,18,use_time_revalidation,0.0,0.0,1.0
0.005,8,18,fixed_window_revalidation,0.016589136680804487,0.0032926346729975696,0.9967073653270024
0.005,8,18,adaptive_cached,0.0,0.0,1.0
0.005,8,18,progressive_refresh,0.0,0.0,1.0
0.005,8,19,cached_verdict,0.07032358305748834,0.012714151774298946,0.9872858482257011
0.005,8,19,use_time_revalidation,0.0,0.0,1.0
0.005,8,19,fixed_window_revalidation,0.017665338107140445,0.0033099411881694464,0.9966900588118306
0.005,8,19,adaptive_cached,0.0,0.0,1.0
0.005,8,19,progressive_refresh,0.0,0.0,1.0
0.005,8,20,cached_verdict,0.06834049871023216,0.01239337328163553,0.9876066267183645
0.005,8,20,use_time_revalidation,0.0,0.0,1.0
0.005,8,20,fixed_window_revalidation,0.018469475494411008,0.0031441663729291506,0.9968558336270709
0.005,8,20,adaptive_cached,0.0,0.0,1.0
0.005,8,20,progressive_refresh,0.0,0.0,1.0
0.005,8,21,cached_verdict,0.07105938730104398,0.011231193049374867,0.9887688069506251
0.005,8,21,use_time_revalidation,0.0,0.0,1.0
0.005,8,21,fixed_window_revalidation,0.017901762793085745,0.0029949848131666313,0.9970050151868334
0.005,8,21,adaptive_cached,0.0,0.0,1.0
0.005,8,21,progressive_refresh,0.0,0.0,1.0
0.005,8,22,cached_verdict,0.06957647620021125,0.012200818105900837,0.9877991818940992
0.005,8,22,use_time_revalidation,0.0,0.0,1.0
0.005,8,22,fixed_window_revalidation,0.01839926402943882,0.003453595844361722,0.9965464041556383
0.005,8,22,adaptive_cached,0.0,0.0,1.0
0.005,8,22,progressive_refresh,0.0,0.0,1.0
0.005,8,23,cached_verdict,0.0718779003815613,0.012424374903044747,0.9875756250969553
0.005,8,23,use_time_revalidation,0.0,0.0,1.0
0.005,8,23,fixed_window_revalidation,0.018012443711113404,0.0034974403813338223,0.9965025596186662
0.005,8,23,adaptive_cached,0.0,0.0,1.0
0.005,8,23,progressive_refresh,0.0,0.0,1.0
0.005,8,24,cached_verdict,0.06978093223230737,0.012547033694514386,0.9874529663054856
0.005,8,24,use_time_revalidation,0.0,0.0,1.0
0.005,8,24,fixed_window_revalidation,0.017573193202757114,0.00332418592808442,0.9966758140719156
0.005,8,24,adaptive_cached,0.0,0.0,1.0
0.005,8,24,progressive_refresh,0.0,0.0,1.0
0.005,8,25,cached_verdict,0.06935839184909817,0.012079269324011953,0.9879207306759881
0.005,8,25,use_time_revalidation,0.0,0.0,1.0
0.005,8,25,fixed_window_revalidation,0.018174308137133416,0.0034673281840221005,0.9965326718159779
0.005,8,25,adaptive_cached,0.0,0.0,1.0
0.005,8,25,progressive_refresh,0.0,0.0,1.0
0.005,8,26,cached_verdict,0.06922653454445361,0.01234915980602233,0.9876508401939776
0.005,8,26,use_time_revalidation,0.0,0.0,1.0
0.005,8,26,fixed_window_revalidation,0.017306633636113403,0.0036511785271230407,0.996348821472877
0.005,8,26,adaptive_cached,0.0,0.0,1.0
0.005,8,26,progressive_refresh,0.0,0.0,1.0
0.005,8,27,cached_verdict,0.07033027649451838,0.012606699157675297,0.9873933008423247
0.005,8,27,use_time_revalidation,0.0,0.0,1.0
0.005,8,27,fixed_window_revalidation,0.018168654761083914,0.00383130968814266,0.9961686903118573
0.005,8,27,adaptive_cached,0.0,0.0,1.0
0.005,8,27,progressive_refresh,0.0,0.0,1.0
0.005,8,28,cached_verdict,0.0719783791180596,0.011940256326922805,0.9880597436730771
0.005,8,28,use_time_revalidation,0.0,0.0,1.0
0.005,8,28,fixed_window_revalidation,0.01881564092915056,0.0035467506959261826,0.9964532493040739
0.005,8,28,adaptive_cached,0.0,0.0,1.0
0.005,8,28,progressive_refresh,0.0,0.0,1.0
0.005,8,29,cached_verdict,0.06926718814326883,0.012448484164173206,0.9875515158358268
0.005,8,29,use_time_revalidation,0.0,0.0,1.0
0.005,8,29,fixed_window_revalidation,0.018320296418279126,0.003514367978321007,0.996485632021679
0.005,8,29,adaptive_cached,0.0,0.0,1.0
0.005,8,29,progressive_refresh,0.0,0.0,1.0
0.005,16,0,cached_verdict,0.12612315010570824,0.02281723267553924,0.9771827673244607
0.005,16,0,use_time_revalidation,0.0,0.0,1.0
0.005,16,0,fixed_window_revalidation,0.007498678646934461,0.0016779486002753558,0.9983220513997246
0.005,16,0,adaptive_cached,0.0,0.0,1.0
0.005,16,0,progressive_refresh,0.0,0.0,1.0
0.005,16,1,cached_verdict,0.1266872983472707,0.023927843047137562,0.9760721569528624
0.005,16,1,use_time_revalidation,0.0,0.0,1.0
0.005,16,1,fixed_window_revalidation,0.007473497069862382,0.0016804067446068998,0.9983195932553931
0.005,16,1,adaptive_cached,0.0,0.0,1.0
0.005,16,1,progressive_refresh,0.0,0.0,1.0
0.005,16,2,cached_verdict,0.12710918521436543,0.02358422732894245,0.9764157726710575
0.005,16,2,use_time_revalidation,0.0,0.0,1.0
0.005,16,2,fixed_window_revalidation,0.009060468780776048,0.0014093013891685123,0.9985906986108315
0.005,16,2,adaptive_cached,0.0,0.0,1.0
0.005,16,2,progressive_refresh,0.0,0.0,1.0
0.005,16,3,cached_verdict,0.12620942442954794,0.022978613537587674,0.9770213864624123
0.005,16,3,use_time_revalidation,0.0,0.0,1.0
0.005,16,3,fixed_window_revalidation,0.007363867516428359,0.001907712609550038,0.99809228739045
0.005,16,3,adaptive_cached,0.0,0.0,1.0
0.005,16,3,progressive_refresh,0.0,0.0,1.0
0.005,16,4,cached_verdict,0.12706618373394798,0.023093494183541577,0.9769065058164584
0.005,16,4,use_time_revalidation,0.0,0.0,1.0
0.005,16,4,fixed_window_revalidation,0.008890352321369773,0.0016515869596438317,0.9983484130403562
0.005,16,4,adaptive_cached,0.0,0.0,1.0
0.005,16,4,progressive_refresh,0.0,0.0,1.0
0.005,16,5,cached_verdict,0.12902370296701476,0.023684398940359418,0.9763156010596405
0.005,16,5,use_time_revalidation,0.0,0.0,1.0
0.005,16,5,fixed_window_revalidation,0.00822144869882314,0.0014749051335290328,0.998525094866471
0.005,16,5,adaptive_cached,0.0,0.0,1.0
0.005,16,5,progressive_refresh,0.0,0.0,1.0
0.005,16,6,cached_verdict,0.12745357213667305,0.02333017866873154,0.9766698213312685
0.005,16,6,use_time_revalidation,0.0,0.0,1.0
0.005,16,6,fixed_window_revalidation,0.008756856784085653,0.0019788350683988642,0.9980211649316011
0.005,16,6,adaptive_cached,0.0,0.0,1.0
0.005,16,6,progressive_refresh,0.0,0.0,1.0
0.005,16,7,cached_verdict,0.130004586855383,0.02416592302599384,0.9758340769740061
0.005,16,7,use_time_revalidation,0.0,0.0,1.0
0.005,16,7,fixed_window_revalidation,0.008420155953083023,0.0018998819770286997,0.9981001180229713
0.005,16,7,adaptive_cached,0.0,0.0,1.0
0.005,16,7,progressive_refresh,0.0,0.0,1.0
0.005,16,8,cached_verdict,0.12771514530366648,0.022737373302940376,0.9772626266970597
0.005,16,8,use_time_revalidation,0.0,0.0,1.0
0.005,16,8,fixed_window_revalidation,0.00780242668694416,0.001892391725087093,0.998107608274913
0.005,16,8,adaptive_cached,0.0,0.0,1.0
0.005,16,8,progressive_refresh,0.0,0.0,1.0
0.005,16,9,cached_verdict,0.12603873530872373,0.02248012035246078,0.9775198796475392
0.005,16,9,use_time_revalidation,0.0,0.0,1.0
0.005,16,9,fixed_window_revalidation,0.00880648899188876,0.0016620101726484706,0.9983379898273516
0.005,16,9,adaptive_cached,0.0,0.0,1.0
0.005,16,9,progressive_refresh,0.0,0.0,1.0
0.005,16,10,cached_verdict,0.12664721858967912,0.023882468615073316,0.9761175313849266
0.005,16,10,use_time_revalidation,0.0,0.0,1.0
0.005,16,10,fixed_window_revalidation,0.008282198303322939,0.001795460051013865,0.9982045399489862
0.005,16,10,adaptive_cached,0.0,0.0,1.0
0.005,16,10,progressive_refresh,0.0,0.0,1.0
0.005,16,11,cached_verdict,0.12381394731603743,0.023161270004867018,0.976838729995133
0.005,16,11,use_time_revalidation,0.0,0.0,1.0
0.005,16,11,fixed_window_revalidation,0.007497843540574613,0.0015030490423430388,0.998496950957657
0.005,16,11,adaptive_cached,0.0,0.0,1.0
0.005,16,11,progressive_refresh,0.0,0.0,1.0
0.005,16,12,cached_verdict,0.1258409180846854,0.02310695217865549,0.9768930478213446
0.005,16,12,use_time_revalidation,0.0,0.0,1.0
0.005,16,12,fixed_window_revalidation,0.007386888273314866,0.001750961593662093,0.9982490384063379
0.005,16,12,adaptive_cached,0.0,0.0,1.0
0.005,16,12,progressive_refresh,0.0,0.0,1.0
0.005,16,13,cached_verdict,0.12686248067624906,0.023808497492708018,0.976191502507292
0.005,16,13,use_time_revalidation,0.0,0.0,1.0
0.005,16,13,fixed_window_revalidation,0.008354438706706576,0.001824791298475509,0.9981752087015245
0.005,16,13,adaptive_cached,0.0,0.0,1.0
0.005,16,13,progressive_refresh,0.0,0.0,1.0
0.005,16,14,cached_verdict,0.1290397121447199,0.023670506548840144,0.9763294934511598
0.005,16,14,use_time_revalidation,0.0,0.0,1.0
0.005,16,14,fixed_window_revalidation,0.008384775360644373,0.002022752377809976,0.99797724762219
0.005,16,14,adaptive_cached,0.0,0.0,1.0
0.005,16,14,progressive_refresh,0.0,0.0,1.0
0.005,16,15,cached_verdict,0.12609681553780933,0.02302683589426629,0.9769731641057338
0.005,16,15,use_time_revalidation,0.0,0.0,1.0
0.005,16,15,fixed_window_revalidation,0.00792007624305761,0.0019404636989550244,0.9980595363010449
0.005,16,15,adaptive_cached,0.0,0.0,1.0
0.005,16,15,progressive_refresh,0.0,0.0,1.0
0.005,16,16,cached_verdict,0.12658606257888794,0.021804446733625204,0.9781955532663748
0.005,16,16,use_time_revalidation,0.0,0.0,1.0
0.005,16,16,fixed_window_revalidation,0.008204344648907194,0.0018885741265344666,0.9981114258734656
0.005,16,16,adaptive_cached,0.0,0.0,1.0
0.005,16,16,progressive_refresh,0.0,0.0,1.0
0.005,16,17,cached_verdict,0.1262184040971419,0.023116082311608232,0.9768839176883918
0.005,16,17,use_time_revalidation,0.0,0.0,1.0
0.005,16,17,fixed_window_revalidation,0.007368247150173468,0.0019072201907220192,0.998092779809278
0.005,16,17,adaptive_cached,0.0,0.0,1.0
0.005,16,17,progressive_refresh,0.0,0.0,1.0
0.005,16,18,cached_verdict,0.1272907379891035,0.02379688732697411,0.9762031126730258
0.005,16,18,use_time_revalidation,0.0,0.0,1.0
0.005,16,18,fixed_window_revalidation,0.008122833085685984,0.0015348203399555332,0.9984651796600444
0.005,16,18,adaptive_cached,0.0,0.0,1.0
0.005,16,18,progressive_refresh,0.0,0.0,1.0
0.005,16,19,cached_verdict,0.12840872111942728,0.023603291468168038,0.9763967085318319
0.005,16,19,use_time_revalidation,0.0,0.0,1.0
0.005,16,19,fixed_window_revalidation,0.008948909860071592,0.001804532986863,0.998195467013137
0.005,16,19,adaptive_cached,0.0,0.0,1.0
0.005,16,19,progressive_refresh,0.0,0.0,1.0
0.005,16,20,cached_verdict,0.12592247855860647,0.023928029977974198,0.9760719700220258
0.005,16,20,use_time_revalidation,0.0,0.0,1.0
0.005,16,20,fixed_window_revalidation,0.008709527292068347,0.0014588517978203037,0.9985411482021797
0.005,16,20,adaptive_cached,0.0,0.0,1.0
0.005,16,20,progressive_refresh,0.0,0.0,1.0
0.005,16,21,cached_verdict,0.12935537190082644,0.02289605734767025,0.9771039426523298
0.005,16,21,use_time_revalidation,0.0,0.0,1.0
0.005,16,21,fixed_window_revalidation,0.008330578512396694,0.00189247311827957,0.9981075268817204
0.005,16,21,adaptive_cached,0.0,0.0,1.0
0.005,16,21,progressive_refresh,0.0,0.0,1.0
0.005,16,22,cached_verdict,0.1268762111209643,0.022788377208747285,0.9772116227912527
0.005,16,22,use_time_revalidation,0.0,0.0,1.0
0.005,16,22,fixed_window_revalidation,0.009032088547311723,0.0014808850804422526,0.9985191149195577
0.005,16,22,adaptive_cached,0.0,0.0,1.0
0.005,16,22,progressive_refresh,0.0,0.0,1.0
0.005,16,23,cached_verdict,0.13080392677102679,0.023952010079028748,0.9760479899209713
0.005,16,23,use_time_revalidation,0.0,0.0,1.0
0.005,16,23,fixed_window_revalidation,0.008324489254444149,0.0016321154506929332,0.998367884549307
0.005,16,23,adaptive_cached,0.0,0.0,1.0
0.005,16,23,progressive_refresh,0.0,0.0,1.0
0.005,16,24,cached_verdict,0.12660774355253612,0.023895634203048306,0.9761043657969517
0.005,16,24,use_time_revalidation,0.0,0.0,1.0
0.005,16,24,fixed_window_revalidation,0.008178880021106788,0.0019374838543012142,0.9980625161456987
0.005,16,24,adaptive_cached,0.0,0.0,1.0
0.005,16,24,progressive_refresh,0.0,0.0,1.0
0.005,16,25,cached_verdict,0.12669081724218154,0.023129407389395087,0.9768705926106049
0.005,16,25,use_time_revalidation,0.0,0.0,1.0
0.005,16,25,fixed_window_revalidation,0.007411346339193725,0.0015877329747822232,0.9984122670252178
0.005,16,25,adaptive_cached,0.0,0.0,1.0
0.005,16,25,progressive_refresh,0.0,0.0,1.0
0.005,16,26,cached_verdict,0.12869743997877703,0.02366702937976061,0.9763329706202394
0.005,16,26,use_time_revalidation,0.0,0.0,1.0
0.005,16,26,fixed_window_revalidation,0.008190741477649555,0.001632208922742111,0.9983677910772579
0.005,16,26,adaptive_cached,0.0,0.0,1.0
0.005,16,26,progressive_refresh,0.0,0.0,1.0
0.005,16,27,cached_verdict,0.12740336637615596,0.023292058680545628,0.9767079413194544
0.005,16,27,use_time_revalidation,0.0,0.0,1.0
0.005,16,27,fixed_window_revalidation,0.00871532166855166,0.001715805427664503,0.9982841945723355
0.005,16,27,adaptive_cached,0.0,0.0,1.0
0.005,16,27,progressive_refresh,0.0,0.0,1.0
0.005,16,28,cached_verdict,0.12895457394517204,0.0225006098698466,0.9774993901301534
0.005,16,28,use_time_revalidation,0.0,0.0,1.0
0.005,16,28,fixed_window_revalidation,0.007521525418137433,0.0016932856917359048,0.9983067143082641
0.005,16,28,adaptive_cached,0.0,0.0,1.0
0.005,16,28,progressive_refresh,0.0,0.0,1.0
0.005,16,29,cached_verdict,0.12843581516885522,0.023807817449510514,0.9761921825504895
0.005,16,29,use_time_revalidation,0.0,0.0,1.0
0.005,16,29,fixed_window_revalidation,0.008401415671617106,0.0019493456791893015,0.9980506543208107
0.005,16,29,adaptive_cached,0.0,0.0,1.0
0.005,16,29,progressive_refresh,0.0,0.0,1.0
0.01,0,0,cached_verdict,0.0,0.0,1.0
0.01,0,0,use_time_revalidation,0.0,0.0,1.0
0.01,0,0,fixed_window_revalidation,0.0,0.0,1.0
0.01,0,0,adaptive_cached,0.0,0.0,1.0
0.01,0,0,progressive_refresh,0.0,0.0,1.0
0.01,0,1,cached_verdict,0.0,0.0,1.0
0.01,0,1,use_time_revalidation,0.0,0.0,1.0
0.01,0,1,fixed_window_revalidation,0.0,0.0,1.0
0.01,0,1,adaptive_cached,0.0,0.0,1.0
0.01,0,1,progressive_refresh,0.0,0.0,1.0
0.01,0,2,cached_verdict,0.0,0.0,1.0
0.01,0,2,use_time_revalidation,0.0,0.0,1.0
0.01,0,2,fixed_window_revalidation,0.0,0.0,1.0
0.01,0,2,adaptive_cached,0.0,0.0,1.0
0.01,0,2,progressive_refresh,0.0,0.0,1.0
0.01,0,3,cached_verdict,0.0,0.0,1.0
0.01,0,3,use_time_revalidation,0.0,0.0,1.0
0.01,0,3,fixed_window_revalidation,0.0,0.0,1.0
0.01,0,3,adaptive_cached,0.0,0.0,1.0
0.01,0,3,progressive_refresh,0.0,0.0,1.0
0.01,0,4,cached_verdict,0.0,0.0,1.0
0.01,0,4,use_time_revalidation,0.0,0.0,1.0
0.01,0,4,fixed_window_revalidation,0.0,0.0,1.0
0.01,0,4,adaptive_cached,0.0,0.0,1.0
0.01,0,4,progressive_refresh,0.0,0.0,1.0
0.01,0,5,cached_verdict,0.0,0.0,1.0
0.01,0,5,use_time_revalidation,0.0,0.0,1.0
0.01,0,5,fixed_window_revalidation,0.0,0.0,1.0
0.01,0,5,adaptive_cached,0.0,0.0,1.0
0.01,0,5,progressive_refresh,0.0,0.0,1.0
0.01,0,6,cached_verdict,0.0,0.0,1.0
0.01,0,6,use_time_revalidation,0.0,0.0,1.0
0.01,0,6,fixed_window_revalidation,0.0,0.0,1.0
0.01,0,6,adaptive_cached,0.0,0.0,1.0
0.01,0,6,progressive_refresh,0.0,0.0,1.0
0.01,0,7,cached_verdict,0.0,0.0,1.0
0.01,0,7,use_time_revalidation,0.0,0.0,1.0
0.01,0,7,fixed_window_revalidation,0.0,0.0,1.0
0.01,0,7,adaptive_cached,0.0,0.0,1.0
0.01,0,7,progressive_refresh,0.0,0.0,1.0
0.01,0,8,cached_verdict,0.0,0.0,1.0
0.01,0,8,use_time_revalidation,0.0,0.0,1.0
0.01,0,8,fixed_window_revalidation,0.0,0.0,1.0
0.01,0,8,adaptive_cached,0.0,0.0,1.0
0.01,0,8,progressive_refresh,0.0,0.0,1.0
0.01,0,9,cached_verdict,0.0,0.0,1.0
0.01,0,9,use_time_revalidation,0.0,0.0,1.0
0.01,0,9,fixed_window_revalidation,0.0,0.0,1.0
0.01,0,9,adaptive_cached,0.0,0.0,1.0
0.01,0,9,progressive_refresh,0.0,0.0,1.0
0.01,0,10,cached_verdict,0.0,0.0,1.0
0.01,0,10,use_time_revalidation,0.0,0.0,1.0
0.01,0,10,fixed_window_revalidation,0.0,0.0,1.0
0.01,0,10,adaptive_cached,0.0,0.0,1.0
0.01,0,10,progressive_refresh,0.0,0.0,1.0
0.01,0,11,cached_verdict,0.0,0.0,1.0
0.01,0,11,use_time_revalidation,0.0,0.0,1.0
0.01,0,11,fixed_window_revalidation,0.0,0.0,1.0
0.01,0,11,adaptive_cached,0.0,0.0,1.0
0.01,0,11,progressive_refresh,0.0,0.0,1.0
0.01,0,12,cached_verdict,0.0,0.0,1.0
0.01,0,12,use_time_revalidation,0.0,0.0,1.0
0.01,0,12,fixed_window_revalidation,0.0,0.0,1.0
0.01,0,12,adaptive_cached,0.0,0.0,1.0
0.01,0,12,progressive_refresh,0.0,0.0,1.0
0.01,0,13,cached_verdict,0.0,0.0,1.0
0.01,0,13,use_time_revalidation,0.0,0.0,1.0
0.01,0,13,fixed_window_revalidation,0.0,0.0,1.0
0.01,0,13,adaptive_cached,0.0,0.0,1.0
0.01,0,13,progressive_refresh,0.0,0.0,1.0
0.01,0,14,cached_verdict,0.0,0.0,1.0
0.01,0,14,use_time_revalidation,0.0,0.0,1.0
0.01,0,14,fixed_window_revalidation,0.0,0.0,1.0
0.01,0,14,adaptive_cached,0.0,0.0,1.0
0.01,0,14,progressive_refresh,0.0,0.0,1.0
0.01,0,15,cached_verdict,0.0,0.0,1.0
0.01,0,15,use_time_revalidation,0.0,0.0,1.0
0.01,0,15,fixed_window_revalidation,0.0,0.0,1.0
0.01,0,15,adaptive_cached,0.0,0.0,1.0
0.01,0,15,progressive_refresh,0.0,0.0,1.0
0.01,0,16,cached_verdict,0.0,0.0,1.0
0.01,0,16,use_time_revalidation,0.0,0.0,1.0
0.01,0,16,fixed_window_revalidation,0.0,0.0,1.0
0.01,0,16,adaptive_cached,0.0,0.0,1.0
0.01,0,16,progressive_refresh,0.0,0.0,1.0
0.01,0,17,cached_verdict,0.0,0.0,1.0
0.01,0,17,use_time_revalidation,0.0,0.0,1.0
0.01,0,17,fixed_window_revalidation,0.0,0.0,1.0
0.01,0,17,adaptive_cached,0.0,0.0,1.0
0.01,0,17,progressive_refresh,0.0,0.0,1.0
0.01,0,18,cached_verdict,0.0,0.0,1.0
0.01,0,18,use_time_revalidation,0.0,0.0,1.0
0.01,0,18,fixed_window_revalidation,0.0,0.0,1.0
0.01,0,18,adaptive_cached,0.0,0.0,1.0
0.01,0,18,progressive_refresh,0.0,0.0,1.0
0.01,0,19,cached_verdict,0.0,0.0,1.0
0.01,0,19,use_time_revalidation,0.0,0.0,1.0
0.01,0,19,fixed_window_revalidation,0.0,0.0,1.0
0.01,0,19,adaptive_cached,0.0,0.0,1.0
0.01,0,19,progressive_refresh,0.0,0.0,1.0
0.01,0,20,cached_verdict,0.0,0.0,1.0
0.01,0,20,use_time_revalidation,0.0,0.0,1.0
0.01,0,20,fixed_window_revalidation,0.0,0.0,1.0
0.01,0,20,adaptive_cached,0.0,0.0,1.0
0.01,0,20,progressive_refresh,0.0,0.0,1.0
0.01,0,21,cached_verdict,0.0,0.0,1.0
0.01,0,21,use_time_revalidation,0.0,0.0,1.0
0.01,0,21,fixed_window_revalidation,0.0,0.0,1.0
0.01,0,21,adaptive_cached,0.0,0.0,1.0
0.01,0,21,progressive_refresh,0.0,0.0,1.0
0.01,0,22,cached_verdict,0.0,0.0,1.0
0.01,0,22,use_time_revalidation,0.0,0.0,1.0
0.01,0,22,fixed_window_revalidation,0.0,0.0,1.0
0.01,0,22,adaptive_cached,0.0,0.0,1.0
0.01,0,22,progressive_refresh,0.0,0.0,1.0
0.01,0,23,cached_verdict,0.0,0.0,1.0
0.01,0,23,use_time_revalidation,0.0,0.0,1.0
0.01,0,23,fixed_window_revalidation,0.0,0.0,1.0
0.01,0,23,adaptive_cached,0.0,0.0,1.0
0.01,0,23,progressive_refresh,0.0,0.0,1.0
0.01,0,24,cached_verdict,0.0,0.0,1.0
0.01,0,24,use_time_revalidation,0.0,0.0,1.0
0.01,0,24,fixed_window_revalidation,0.0,0.0,1.0
0.01,0,24,adaptive_cached,0.0,0.0,1.0
0.01,0,24,progressive_refresh,0.0,0.0,1.0
0.01,0,25,cached_verdict,0.0,0.0,1.0
0.01,0,25,use_time_revalidation,0.0,0.0,1.0
0.01,0,25,fixed_window_revalidation,0.0,0.0,1.0
0.01,0,25,adaptive_cached,0.0,0.0,1.0
0.01,0,25,progressive_refresh,0.0,0.0,1.0
0.01,0,26,cached_verdict,0.0,0.0,1.0
0.01,0,26,use_time_revalidation,0.0,0.0,1.0
0.01,0,26,fixed_window_revalidation,0.0,0.0,1.0
0.01,0,26,adaptive_cached,0.0,0.0,1.0
0.01,0,26,progressive_refresh,0.0,0.0,1.0
0.01,0,27,cached_verdict,0.0,0.0,1.0
0.01,0,27,use_time_revalidation,0.0,0.0,1.0
0.01,0,27,fixed_window_revalidation,0.0,0.0,1.0
0.01,0,27,adaptive_cached,0.0,0.0,1.0
0.01,0,27,progressive_refresh,0.0,0.0,1.0
0.01,0,28,cached_verdict,0.0,0.0,1.0
0.01,0,28,use_time_revalidation,0.0,0.0,1.0
0.01,0,28,fixed_window_revalidation,0.0,0.0,1.0
0.01,0,28,adaptive_cached,0.0,0.0,1.0
0.01,0,28,progressive_refresh,0.0,0.0,1.0
0.01,0,29,cached_verdict,0.0,0.0,1.0
0.01,0,29,use_time_revalidation,0.0,0.0,1.0
0.01,0,29,fixed_window_revalidation,0.0,0.0,1.0
0.01,0,29,adaptive_cached,0.0,0.0,1.0
0.01,0,29,progressive_refresh,0.0,0.0,1.0
0.01,1,0,cached_verdict,0.01873767258382643,0.002583510222321528,0.9974164897776785
0.01,1,0,use_time_revalidation,0.0,0.0,1.0
0.01,1,0,fixed_window_revalidation,0.01873767258382643,0.002583510222321528,0.9974164897776785
0.01,1,0,adaptive_cached,0.0,0.0,1.0
0.01,1,0,progressive_refresh,0.01873767258382643,0.002583510222321528,0.9974164897776785
0.01,1,1,cached_verdict,0.019968470835522858,0.003036876355748373,0.9969631236442517
0.01,1,1,use_time_revalidation,0.0,0.0,1.0
0.01,1,1,fixed_window_revalidation,0.019968470835522858,0.003036876355748373,0.9969631236442517
0.01,1,1,adaptive_cached,0.0,0.0,1.0
0.01,1,1,progressive_refresh,0.019968470835522858,0.003036876355748373,0.9969631236442517
0.01,1,2,cached_verdict,0.017466329966329967,0.0030214861235452104,0.9969785138764548
0.01,1,2,use_time_revalidation,0.0,0.0,1.0
0.01,1,2,fixed_window_revalidation,0.017466329966329967,0.0030214861235452104,0.9969785138764548
0.01,1,2,adaptive_cached,0.0,0.0,1.0
0.01,1,2,progressive_refresh,0.017466329966329967,0.0030214861235452104,0.9969785138764548
0.01,1,3,cached_verdict,0.017930255541437245,0.003334821677736228,0.9966651783222638
0.01,1,3,use_time_revalidation,0.0,0.0,1.0
0.01,1,3,fixed_window_revalidation,0.017930255541437245,0.003334821677736228,0.9966651783222638
0.01,1,3,adaptive_cached,0.0,0.0,1.0
0.01,1,3,progressive_refresh,0.017930255541437245,0.003334821677736228,0.9966651783222638
0.01,1,4,cached_verdict,0.018030708550500072,0.0032819395564493603,0.9967180604435506
0.01,1,4,use_time_revalidation,0.0,0.0,1.0
0.01,1,4,fixed_window_revalidation,0.018030708550500072,0.0032819395564493603,0.9967180604435506
0.01,1,4,adaptive_cached,0.0,0.0,1.0
0.01,1,4,progressive_refresh,0.018030708550500072,0.0032819395564493603,0.9967180604435506
0.01,1,5,cached_verdict,0.01810965021086579,0.0030787233746151594,0.9969212766253849
0.01,1,5,use_time_revalidation,0.0,0.0,1.0
0.01,1,5,fixed_window_revalidation,0.01810965021086579,0.0030787233746151594,0.9969212766253849
0.01,1,5,adaptive_cached,0.0,0.0,1.0
0.01,1,5,progressive_refresh,0.01810965021086579,0.0030787233746151594,0.9969212766253849
0.01,1,6,cached_verdict,0.01851721218961625,0.0028612103617686466,0.9971387896382313
0.01,1,6,use_time_revalidation,0.0,0.0,1.0
0.01,1,6,fixed_window_revalidation,0.01851721218961625,0.0028612103617686466,0.9971387896382313
0.01,1,6,adaptive_cached,0.0,0.0,1.0
0.01,1,6,progressive_refresh,0.01851721218961625,0.0028612103617686466,0.9971387896382313
0.01,1,7,cached_verdict,0.018931426167437947,0.0034836868319435893,0.9965163131680564
0.01,1,7,use_time_revalidation,0.0,0.0,1.0
0.01,1,7,fixed_window_revalidation,0.018931426167437947,0.0034836868319435893,0.9965163131680564
0.01,1,7,adaptive_cached,0.0,0.0,1.0
0.01,1,7,progressive_refresh,0.018931426167437947,0.0034836868319435893,0.9965163131680564
0.01,1,8,cached_verdict,0.020479502842413757,0.003194799034584746,0.9968052009654153
0.01,1,8,use_time_revalidation,0.0,0.0,1.0
0.01,1,8,fixed_window_revalidation,0.020479502842413757,0.003194799034584746,0.9968052009654153
0.01,1,8,adaptive_cached,0.0,0.0,1.0
0.01,1,8,progressive_refresh,0.020479502842413757,0.003194799034584746,0.9968052009654153
0.01,1,9,cached_verdict,0.01967711166849189,0.0030267948056295593,0.9969732051943705
0.01,1,9,use_time_revalidation,0.0,0.0,1.0
0.01,1,9,fixed_window_revalidation,0.01967711166849189,0.0030267948056295593,0.9969732051943705
0.01,1,9,adaptive_cached,0.0,0.0,1.0
0.01,1,9,progressive_refresh,0.01967711166849189,0.0030267948056295593,0.9969732051943705
0.01,1,10,cached_verdict,0.019079885877318115,0.0030155642023346305,0.9969844357976654
0.01,1,10,use_time_revalidation,0.0,0.0,1.0
0.01,1,10,fixed_window_revalidation,0.019079885877318115,0.0030155642023346305,0.9969844357976654
0.01,1,10,adaptive_cached,0.0,0.0,1.0
0.01,1,10,progressive_refresh,0.019079885877318115,0.0030155642023346305,0.9969844357976654
0.01,1,11,cached_verdict,0.018564269076021742,0.003069795998102308,0.9969302040018977
0.01,1,11,use_time_revalidation,0.0,0.0,1.0
0.01,1,11,fixed_window_revalidation,0.018564269076021742,0.003069795998102308,0.9969302040018977
0.01,1,11,adaptive_cached,0.0,0.0,1.0
0.01,1,11,progressive_refresh,0.018564269076021742,0.003069795998102308,0.9969302040018977
0.01,1,12,cached_verdict,0.017738359201773836,0.00291952449467082,0.9970804755053292
0.01,1,12,use_time_revalidation,0.0,0.0,1.0
0.01,1,12,fixed_window_revalidation,0.017738359201773836,0.00291952449467082,0.9970804755053292
0.01,1,12,adaptive_cached,0.0,0.0,1.0
0.01,1,12,progressive_refresh,0.017738359201773836,0.00291952449467082,0.9970804755053292
0.01,1,13,cached_verdict,0.020514615788552425,0.0031357177853993143,0.9968642822146007
0.01,1,13,use_time_revalidation,0.0,0.0,1.0
0.01,1,13,fixed_window_revalidation,0.020514615788552425,0.0031357177853993143,0.9968642822146007
0.01,1,13,adaptive_cached,0.0,0.0,1.0
0.01,1,13,progressive_refresh,0.020514615788552425,0.0031357177853993143,0.9968642822146007
0.01,1,14,cached_verdict,0.01818053447241148,0.003097400694822318,0.9969025993051777
0.01,1,14,use_time_revalidation,0.0,0.0,1.0
0.01,1,14,fixed_window_revalidation,0.01818053447241148,0.003097400694822318,0.9969025993051777
0.01,1,14,adaptive_cached,0.0,0.0,1.0
0.01,1,14,progressive_refresh,0.01818053447241148,0.003097400694822318,0.9969025993051777
0.01,1,15,cached_verdict,0.02060555088309504,0.003442292622859062,0.9965577073771409
0.01,1,15,use_time_revalidation,0.0,0.0,1.0
0.01,1,15,fixed_window_revalidation,0.02060555088309504,0.003442292622859062,0.9965577073771409
0.01,1,15,adaptive_cached,0.0,0.0,1.0
0.01,1,15,progressive_refresh,0.02060555088309504,0.003442292622859062,0.9965577073771409
0.01,1,16,cached_verdict,0.020207401093827685,0.0032014698922635783,0.9967985301077364
0.01,1,16,use_time_revalidation,0.0,0.0,1.0
0.01,1,16,fixed_window_revalidation,0.020207401093827685,0.0032014698922635783,0.9967985301077364
0.01,1,16,adaptive_cached,0.0,0.0,1.0
0.01,1,16,progressive_refresh,0.020207401093827685,0.0032014698922635783,0.9967985301077364
0.01,1,17,cached_verdict,0.019165727170236752,0.0030300491510277033,0.9969699508489723
0.01,1,17,use_time_revalidation,0.0,0.0,1.0
0.01,1,17,fixed_window_revalidation,0.019165727170236752,0.0030300491510277033,0.9969699508489723
0.01,1,17,adaptive_cached,0.0,0.0,1.0
0.01,1,17,progressive_refresh,0.019165727170236752,0.0030300491510277033,0.9969699508489723
0.01,1,18,cached_verdict,0.019341201338735247,0.0035327794456468616,0.9964672205543531
0.01,1,18,use_time_revalidation,0.0,0.0,1.0
0.01,1,18,fixed_window_revalidation,0.019341201338735247,0.0035327794456468616,0.9964672205543531
0.01,1,18,adaptive_cached,0.0,0.0,1.0
0.01,1,18,progressive_refresh,0.019341201338735247,0.0035327794456468616,0.9964672205543531
0.01,1,19,cached_verdict,0.018282490597576265,0.00319847371079064,0.9968015262892094
0.01,1,19,use_time_revalidation,0.0,0.0,1.0
0.01,1,19,fixed_window_revalidation,0.018282490597576265,0.00319847371079064,0.9968015262892094
0.01,1,19,adaptive_cached,0.0,0.0,1.0
0.01,1,19,progressive_refresh,0.018282490597576265,0.00319847371079064,0.9968015262892094
0.01,1,20,cached_verdict,0.01891194457209516,0.002970255609320746,0.9970297443906793
0.01,1,20,use_time_revalidation,0.0,0.0,1.0
0.01,1,20,fixed_window_revalidation,0.01891194457209516,0.002970255609320746,0.9970297443906793
0.01,1,20,adaptive_cached,0.0,0.0,1.0
0.01,1,20,progressive_refresh,0.01891194457209516,0.002970255609320746,0.9970297443906793
0.01,1,21,cached_verdict,0.02037063233837884,0.003262506274050527,0.9967374937259494
0.01,1,21,use_time_revalidation,0.0,0.0,1.0
0.01,1,21,fixed_window_revalidation,0.02037063233837884,0.003262506274050527,0.9967374937259494
0.01,1,21,adaptive_cached,0.0,0.0,1.0
0.01,1,21,progressive_refresh,0.02037063233837884,0.003262506274050527,0.9967374937259494
0.01,1,22,cached_verdict,0.01940555146155736,0.0031467211165965066,0.9968532788834035
0.01,1,22,use_time_revalidation,0.0,0.0,1.0
0.01,1,22,fixed_window_revalidation,0.01940555146155736,0.0031467211165965066,0.9968532788834035
0.01,1,22,adaptive_cached,0.0,0.0,1.0
0.01,1,22,progressive_refresh,0.01940555146155736,0.0031467211165965066,0.9968532788834035
0.01,1,23,cached_verdict,0.019275742328679752,0.002828164618685391,0.9971718353813146
0.01,1,23,use_time_revalidation,0.0,0.0,1.0
0.01,1,23,fixed_window_revalidation,0.019275742328679752,0.002828164618685391,0.9971718353813146
0.01,1,23,adaptive_cached,0.0,0.0,1.0
0.01,1,23,progressive_refresh,0.019275742328679752,0.002828164618685391,0.9971718353813146
0.01,1,24,cached_verdict,0.01822531841531208,0.0034088686467909136,0.9965911313532091
0.01,1,24,use_time_revalidation,0.0,0.0,1.0
0.01,1,24,fixed_window_revalidation,0.01822531841531208,0.0034088686467909136,0.9965911313532091
0.01,1,24,adaptive_cached,0.0,0.0,1.0
0.01,1,24,progressive_refresh,0.01822531841531208,0.0034088686467909136,0.9965911313532091
0.01,1,25,cached_verdict,0.020300432225607595,0.0033577618636274975,0.9966422381363725
0.01,1,25,use_time_revalidation,0.0,0.0,1.0
0.01,1,25,fixed_window_revalidation,0.020300432225607595,0.0033577618636274975,0.9966422381363725
0.01,1,25,adaptive_cached,0.0,0.0,1.0
0.01,1,25,progressive_refresh,0.020300432225607595,0.0033577618636274975,0.9966422381363725
0.01,1,26,cached_verdict,0.01842273081556012,0.0030930420486527154,0.9969069579513473
0.01,1,26,use_time_revalidation,0.0,0.0,1.0
0.01,1,26,fixed_window_revalidation,0.01842273081556012,0.0030930420486527154,0.9969069579513473
0.01,1,26,adaptive_cached,0.0,0.0,1.0
0.01,1,26,progressive_refresh,0.01842273081556012,0.0030930420486527154,0.9969069579513473
0.01,1,27,cached_verdict,0.019524316648917288,0.003355144090213003,0.996644855909787
0.01,1,27,use_time_revalidation,0.0,0.0,1.0
0.01,1,27,fixed_window_revalidation,0.019524316648917288,0.003355144090213003,0.996644855909787
0.01,1,27,adaptive_cached,0.0,0.0,1.0
0.01,1,27,progressive_refresh,0.019524316648917288,0.003355144090213003,0.996644855909787
0.01,1,28,cached_verdict,0.019293286219081274,0.0030404463040446302,0.9969595536959553
0.01,1,28,use_time_revalidation,0.0,0.0,1.0
0.01,1,28,fixed_window_revalidation,0.019293286219081274,0.0030404463040446302,0.9969595536959553
0.01,1,28,adaptive_cached,0.0,0.0,1.0
0.01,1,28,progressive_refresh,0.019293286219081274,0.0030404463040446302,0.9969595536959553
0.01,1,29,cached_verdict,0.01887591292382599,0.0028329402570579287,0.9971670597429421
0.01,1,29,use_time_revalidation,0.0,0.0,1.0
0.01,1,29,fixed_window_revalidation,0.01887591292382599,0.0028329402570579287,0.9971670597429421
0.01,1,29,adaptive_cached,0.0,0.0,1.0
0.01,1,29,progressive_refresh,0.01887591292382599,0.0028329402570579287,0.9971670597429421
0.01,2,0,cached_verdict,0.03755361065588061,0.00621135429957516,0.9937886457004248
0.01,2,0,use_time_revalidation,0.0,0.0,1.0
0.01,2,0,fixed_window_revalidation,0.03755361065588061,0.00621135429957516,0.9937886457004248
0.01,2,0,adaptive_cached,0.0,0.0,1.0
0.01,2,0,progressive_refresh,0.0,0.0,1.0
0.01,2,1,cached_verdict,0.038893121839717396,0.006200264319658071,0.993799735680342
0.01,2,1,use_time_revalidation,0.0,0.0,1.0
0.01,2,1,fixed_window_revalidation,0.038893121839717396,0.006200264319658071,0.993799735680342
0.01,2,1,adaptive_cached,0.0,0.0,1.0
0.01,2,1,progressive_refresh,0.0,0.0,1.0
0.01,2,2,cached_verdict,0.03448994477440867,0.006066648878652979,0.9939333511213471
0.01,2,2,use_time_revalidation,0.0,0.0,1.0
0.01,2,2,fixed_window_revalidation,0.03448994477440867,0.006066648878652979,0.9939333511213471
0.01,2,2,adaptive_cached,0.0,0.0,1.0
0.01,2,2,progressive_refresh,0.0,0.0,1.0
0.01,2,3,cached_verdict,0.03605425572718714,0.005860826404565275,0.9941391735954347
0.01,2,3,use_time_revalidation,0.0,0.0,1.0
0.01,2,3,fixed_window_revalidation,0.03605425572718714,0.005860826404565275,0.9941391735954347
0.01,2,3,adaptive_cached,0.0,0.0,1.0
0.01,2,3,progressive_refresh,0.0,0.0,1.0
0.01,2,4,cached_verdict,0.035688172417394935,0.005934426689487788,0.9940655733105123
0.01,2,4,use_time_revalidation,0.0,0.0,1.0
0.01,2,4,fixed_window_revalidation,0.035688172417394935,0.005934426689487788,0.9940655733105123
0.01,2,4,adaptive_cached,0.0,0.0,1.0
0.01,2,4,progressive_refresh,0.0,0.0,1.0
0.01,2,5,cached_verdict,0.036377654727693276,0.00603083983992388,0.9939691601600761
0.01,2,5,use_time_revalidation,0.0,0.0,1.0
0.01,2,5,fixed_window_revalidation,0.036377654727693276,0.00603083983992388,0.9939691601600761
0.01,2,5,adaptive_cached,0.0,0.0,1.0
0.01,2,5,progressive_refresh,0.0,0.0,1.0
0.01,2,6,cached_verdict,0.03631158129953563,0.006039882845891899,0.9939601171541081
0.01,2,6,use_time_revalidation,0.0,0.0,1.0
0.01,2,6,fixed_window_revalidation,0.03631158129953563,0.006039882845891899,0.9939601171541081
0.01,2,6,adaptive_cached,0.0,0.0,1.0
0.01,2,6,progressive_refresh,0.0,0.0,1.0
0.01,2,7,cached_verdict,0.03644314868804665,0.00661628364331067,0.9933837163566893
0.01,2,7,use_time_revalidation,0.0,0.0,1.0
0.01,2,7,fixed_window_revalidation,0.03644314868804665,0.00661628364331067,0.9933837163566893
0.01,2,7,adaptive_cached,0.0,0.0,1.0
0.01,2,7,progressive_refresh,0.0,0.0,1.0
0.01,2,8,cached_verdict,0.03829340793845078,0.006582172116798544,0.9934178278832014
0.01,2,8,use_time_revalidation,0.0,0.0,1.0
0.01,2,8,fixed_window_revalidation,0.03829340793845078,0.006582172116798544,0.9934178278832014
0.01,2,8,adaptive_cached,0.0,0.0,1.0
0.01,2,8,progressive_refresh,0.0,0.0,1.0
0.01,2,9,cached_verdict,0.038652061675852924,0.0057335912748478985,0.9942664087251522
0.01,2,9,use_time_revalidation,0.0,0.0,1.0
0.01,2,9,fixed_window_revalidation,0.038652061675852924,0.0057335912748478985,0.9942664087251522
0.01,2,9,adaptive_cached,0.0,0.0,1.0
0.01,2,9,progressive_refresh,0.0,0.0,1.0
0.01,2,10,cached_verdict,0.0387367382186035,0.006282371665107708,0.9937176283348923
0.01,2,10,use_time_revalidation,0.0,0.0,1.0
0.01,2,10,fixed_window_revalidation,0.0387367382186035,0.006282371665107708,0.9937176283348923
0.01,2,10,adaptive_cached,0.0,0.0,1.0
0.01,2,10,progressive_refresh,0.0,0.0,1.0
0.01,2,11,cached_verdict,0.03582037392975712,0.006135742803109897,0.9938642571968901
0.01,2,11,use_time_revalidation,0.0,0.0,1.0
0.01,2,11,fixed_window_revalidation,0.03582037392975712,0.006135742803109897,0.9938642571968901
0.01,2,11,adaptive_cached,0.0,0.0,1.0
0.01,2,11,progressive_refresh,0.0,0.0,1.0
0.01,2,12,cached_verdict,0.03470042547255353,0.006154838347867538,0.9938451616521324
0.01,2,12,use_time_revalidation,0.0,0.0,1.0
0.01,2,12,fixed_window_revalidation,0.03470042547255353,0.006154838347867538,0.9938451616521324
0.01,2,12,adaptive_cached,0.0,0.0,1.0
0.01,2,12,progressive_refresh,0.0,0.0,1.0
0.01,2,13,cached_verdict,0.0381991341991342,0.0060597539543057995,0.9939402460456942
0.01,2,13,use_time_revalidation,0.0,0.0,1.0
0.01,2,13,fixed_window_revalidation,0.0381991341991342,0.0060597539543057995,0.9939402460456942
0.01,2,13,adaptive_cached,0.0,0.0,1.0
0.01,2,13,progressive_refresh,0.0,0.0,1.0
0.01,2,14,cached_verdict,0.036006146539079416,0.006039290418406524,0.9939607095815934
0.01,2,14,use_time_revalidation,0.0,0.0,1.0
0.01,2,14,fixed_window_revalidation,0.036006146539079416,0.006039290418406524,0.9939607095815934
0.01,2,14,adaptive_cached,0.0,0.0,1.0
0.01,2,14,progressive_refresh,0.0,0.0,1.0
0.01,2,15,cached_verdict,0.03728519354278771,0.006503265678769576,0.9934967343212304
0.01,2,15,use_time_revalidation,0.0,0.0,1.0
0.01,2,15,fixed_window_revalidation,0.03728519354278771,0.006503265678769576,0.9934967343212304
0.01,2,15,adaptive_cached,0.0,0.0,1.0
0.01,2,15,progressive_refresh,0.0,0.0,1.0
0.01,2,16,cached_verdict,0.03829398538504778,0.0062206441511966,0.9937793558488034
0.01,2,16,use_time_revalidation,0.0,0.0,1.0
0.01,2,16,fixed_window_revalidation,0.03829398538504778,0.0062206441511966,0.9937793558488034
0.01,2,16,adaptive_cached,0.0,0.0,1.0
0.01,2,16,progressive_refresh,0.0,0.0,1.0
0.01,2,17,cached_verdict,0.037937641525866574,0.006185567010309278,0.9938144329896907
0.01,2,17,use_time_revalidation,0.0,0.0,1.0
0.01,2,17,fixed_window_revalidation,0.037937641525866574,0.006185567010309278,0.9938144329896907
0.01,2,17,adaptive_cached,0.0,0.0,1.0
0.01,2,17,progressive_refresh,0.0,0.0,1.0
0.01,2,18,cached_verdict,0.03715980460572226,0.0069245864872441824,0.9930754135127559
0.01,2,18,use_time_revalidation,0.0,0.0,1.0
0.01,2,18,fixed_window_revalidation,0.03715980460572226,0.0069245864872441824,0.9930754135127559
0.01,2,18,adaptive_cached,0.0,0.0,1.0
0.01,2,18,progressive_refresh,0.0,0.0,1.0
0.01,2,19,cached_verdict,0.03693740300051733,0.006971340046475601,0.9930286599535244
0.01,2,19,use_time_revalidation,0.0,0.0,1.0
0.01,2,19,fixed_window_revalidation,0.03693740300051733,0.006971340046475601,0.9930286599535244
0.01,2,19,adaptive_cached,0.0,0.0,1.0
0.01,2,19,progressive_refresh,0.0,0.0,1.0
0.01,2,20,cached_verdict,0.036074530680862985,0.006228305900794984,0.993771694099205
0.01,2,20,use_time_revalidation,0.0,0.0,1.0
0.01,2,20,fixed_window_revalidation,0.036074530680862985,0.006228305900794984,0.993771694099205
0.01,2,20,adaptive_cached,0.0,0.0,1.0
0.01,2,20,progressive_refresh,0.0,0.0,1.0
0.01,2,21,cached_verdict,0.03929108260216031,0.006317145938677461,0.9936828540613225
0.01,2,21,use_time_revalidation,0.0,0.0,1.0
0.01,2,21,fixed_window_revalidation,0.03929108260216031,0.006317145938677461,0.9936828540613225
0.01,2,21,adaptive_cached,0.0,0.0,1.0
0.01,2,21,progressive_refresh,0.0,0.0,1.0
0.01,2,22,cached_verdict,0.03695984437960261,0.0062489468067179685,0.993751053193282
0.01,2,22,use_time_revalidation,0.0,0.0,1.0
0.01,2,22,fixed_window_revalidation,0.03695984437960261,0.0062489468067179685,0.993751053193282
0.01,2,22,adaptive_cached,0.0,0.0,1.0
0.01,2,22,progressive_refresh,0.0,0.0,1.0
0.01,2,23,cached_verdict,0.03807622250245201,0.005878071992386497,0.9941219280076135
0.01,2,23,use_time_revalidation,0.0,0.0,1.0
0.01,2,23,fixed_window_revalidation,0.03807622250245201,0.005878071992386497,0.9941219280076135
0.01,2,23,adaptive_cached,0.0,0.0,1.0
0.01,2,23,progressive_refresh,0.0,0.0,1.0
0.01,2,24,cached_verdict,0.03556252176941832,0.006438490671903493,0.9935615093280965
0.01,2,24,use_time_revalidation,0.0,0.0,1.0
0.01,2,24,fixed_window_revalidation,0.03556252176941832,0.006438490671903493,0.9935615093280965
0.01,2,24,adaptive_cached,0.0,0.0,1.0
0.01,2,24,progressive_refresh,0.0,0.0,1.0
0.01,2,25,cached_verdict,0.03672494909065375,0.006403982214267737,0.9935960177857323
0.01,2,25,use_time_revalidation,0.0,0.0,1.0
0.01,2,25,fixed_window_revalidation,0.03672494909065375,0.006403982214267737,0.9935960177857323
0.01,2,25,adaptive_cached,0.0,0.0,1.0
0.01,2,25,progressive_refresh,0.0,0.0,1.0
0.01,2,26,cached_verdict,0.0390682382567941,0.00635774202131384,0.9936422579786861
0.01,2,26,use_time_revalidation,0.0,0.0,1.0
0.01,2,26,fixed_window_revalidation,0.0390682382567941,0.00635774202131384,0.9936422579786861
0.01,2,26,adaptive_cached,0.0,0.0,1.0
0.01,2,26,progressive_refresh,0.0,0.0,1.0
0.01,2,27,cached_verdict,0.0378173390919625,0.0064176955020203855,0.9935823044979796
0.01,2,27,use_time_revalidation,0.0,0.0,1.0
0.01,2,27,fixed_window_revalidation,0.0378173390919625,0.0064176955020203855,0.9935823044979796
0.01,2,27,adaptive_cached,0.0,0.0,1.0
0.01,2,27,progressive_refresh,0.0,0.0,1.0
0.01,2,28,cached_verdict,0.036950290148919804,0.005924867635935793,0.9940751323640642
0.01,2,28,use_time_revalidation,0.0,0.0,1.0
0.01,2,28,fixed_window_revalidation,0.036950290148919804,0.005924867635935793,0.9940751323640642
0.01,2,28,adaptive_cached,0.0,0.0,1.0
0.01,2,28,progressive_refresh,0.0,0.0,1.0
0.01,2,29,cached_verdict,0.036955534597785465,0.006164968964985779,0.9938350310350142
0.01,2,29,use_time_revalidation,0.0,0.0,1.0
0.01,2,29,fixed_window_revalidation,0.036955534597785465,0.006164968964985779,0.9938350310350142
0.01,2,29,adaptive_cached,0.0,0.0,1.0
0.01,2,29,progressive_refresh,0.0,0.0,1.0
0.01,4,0,cached_verdict,0.07043071352939168,0.01173592749176364,0.9882640725082363
0.01,4,0,use_time_revalidation,0.0,0.0,1.0
0.01,4,0,fixed_window_revalidation,0.018649451788093043,0.0031531467839316773,0.9968468532160684
0.01,4,0,adaptive_cached,0.0,0.0,1.0
0.01,4,0,progressive_refresh,0.0,0.0,1.0
0.01,4,1,cached_verdict,0.07148198504418762,0.012397279682629641,0.9876027203173704
0.01,4,1,use_time_revalidation,0.0,0.0,1.0
0.01,4,1,fixed_window_revalidation,0.017199184228416042,0.0036129215075092094,0.9963870784924908
0.01,4,1,adaptive_cached,0.0,0.0,1.0
0.01,4,1,progressive_refresh,0.0,0.0,1.0
0.01,4,2,cached_verdict,0.06684154941573263,0.011875946607782354,0.9881240533922176
0.01,4,2,use_time_revalidation,0.0,0.0,1.0
0.01,4,2,fixed_window_revalidation,0.01764725922392941,0.00321315837898283,0.9967868416210172
0.01,4,2,adaptive_cached,0.0,0.0,1.0
0.01,4,2,progressive_refresh,0.0,0.0,1.0
0.01,4,3,cached_verdict,0.06972451978945929,0.011944813547821662,0.9880551864521784
0.01,4,3,use_time_revalidation,0.0,0.0,1.0
0.01,4,3,fixed_window_revalidation,0.01777291680907786,0.0035056967572304996,0.9964943032427696
0.01,4,3,adaptive_cached,0.0,0.0,1.0
0.01,4,3,progressive_refresh,0.0,0.0,1.0
0.01,4,4,cached_verdict,0.06859033391316212,0.01147408780294563,0.9885259121970543
0.01,4,4,use_time_revalidation,0.0,0.0,1.0
0.01,4,4,fixed_window_revalidation,0.016473958866264196,0.0029710954853496697,0.9970289045146503
0.01,4,4,adaptive_cached,0.0,0.0,1.0
0.01,4,4,progressive_refresh,0.0,0.0,1.0
0.01,4,5,cached_verdict,0.07048685023690174,0.012049552727375342,0.9879504472726247
0.01,4,5,use_time_revalidation,0.0,0.0,1.0
0.01,4,5,fixed_window_revalidation,0.01836846803543226,0.003259305245929396,0.9967406947540706
0.01,4,5,adaptive_cached,0.0,0.0,1.0
0.01,4,5,progressive_refresh,0.0,0.0,1.0
0.01,4,6,cached_verdict,0.06968545709689564,0.012022660808386194,0.9879773391916138
0.01,4,6,use_time_revalidation,0.0,0.0,1.0
0.01,4,6,fixed_window_revalidation,0.017729404114043196,0.0036590706808131896,0.9963409293191868
0.01,4,6,adaptive_cached,0.0,0.0,1.0
0.01,4,6,progressive_refresh,0.0,0.0,1.0
0.01,4,7,cached_verdict,0.06935374149659863,0.01235127478753541,0.9876487252124646
0.01,4,7,use_time_revalidation,0.0,0.0,1.0
0.01,4,7,fixed_window_revalidation,0.017006802721088437,0.003101983002832861,0.9968980169971672
0.01,4,7,adaptive_cached,0.0,0.0,1.0
0.01,4,7,progressive_refresh,0.0,0.0,1.0
0.01,4,8,cached_verdict,0.07115450496745461,0.012102810337522949,0.9878971896624771
0.01,4,8,use_time_revalidation,0.0,0.0,1.0
0.01,4,8,fixed_window_revalidation,0.017745803357314148,0.003008049710492868,0.9969919502895072
0.01,4,8,adaptive_cached,0.0,0.0,1.0
0.01,4,8,progressive_refresh,0.0,0.0,1.0
0.01,4,9,cached_verdict,0.07038153298171107,0.011638089319510748,0.9883619106804893
0.01,4,9,use_time_revalidation,0.0,0.0,1.0
0.01,4,9,fixed_window_revalidation,0.016028495102404273,0.0033332391740346318,0.9966667608259654
0.01,4,9,adaptive_cached,0.0,0.0,1.0
0.01,4,9,progressive_refresh,0.0,0.0,1.0
0.01,4,10,cached_verdict,0.07222375881620799,0.012479599302155439,0.9875204006978445
0.01,4,10,use_time_revalidation,0.0,0.0,1.0
0.01,4,10,fixed_window_revalidation,0.017079242151846218,0.0031656255276042546,0.9968343744723958
0.01,4,10,adaptive_cached,0.0,0.0,1.0
0.01,4,10,progressive_refresh,0.0,0.0,1.0
0.01,4,11,cached_verdict,0.06825985441560226,0.012585360347649416,0.9874146396523505
0.01,4,11,use_time_revalidation,0.0,0.0,1.0
0.01,4,11,fixed_window_revalidation,0.017133635489630546,0.003738924318528134,0.9962610756814718
0.01,4,11,adaptive_cached,0.0,0.0,1.0
0.01,4,11,progressive_refresh,0.0,0.0,1.0
0.01,4,12,cached_verdict,0.06807856532877882,0.011820431247790739,0.9881795687522092
0.01,4,12,use_time_revalidation,0.0,0.0,1.0
0.01,4,12,fixed_window_revalidation,0.017250213492741247,0.003153057617532697,0.9968469423824673
0.01,4,12,adaptive_cached,0.0,0.0,1.0
0.01,4,12,progressive_refresh,0.0,0.0,1.0
0.01,4,13,cached_verdict,0.07032952069716776,0.012644426823742637,0.9873555731762573
0.01,4,13,use_time_revalidation,0.0,0.0,1.0
0.01,4,13,fixed_window_revalidation,0.017327069716775598,0.0036106705935659267,0.9963893294064341
0.01,4,13,adaptive_cached,0.0,0.0,1.0
0.01,4,13,progressive_refresh,0.0,0.0,1.0
0.01,4,14,cached_verdict,0.07069843766025093,0.012028438564502678,0.9879715614354974
0.01,4,14,use_time_revalidation,0.0,0.0,1.0
0.01,4,14,fixed_window_revalidation,0.018666028511845748,0.003491215423539555,0.9965087845764604
0.01,4,14,adaptive_cached,0.0,0.0,1.0
0.01,4,14,progressive_refresh,0.0,0.0,1.0
0.01,4,15,cached_verdict,0.07012163957886129,0.01278113544040424,0.9872188645595957
0.01,4,15,use_time_revalidation,0.0,0.0,1.0
0.01,4,15,fixed_window_revalidation,0.017411155405635627,0.0034960580883497757,0.9965039419116503
0.01,4,15,adaptive_cached,0.0,0.0,1.0
0.01,4,15,progressive_refresh,0.0,0.0,1.0
0.01,4,16,cached_verdict,0.07371024249501958,0.012005191434133679,0.9879948085658663
0.01,4,16,use_time_revalidation,0.0,0.0,1.0
0.01,4,16,fixed_window_revalidation,0.017689084289345333,0.003301074965437463,0.9966989250345626
0.01,4,16,adaptive_cached,0.0,0.0,1.0
0.01,4,16,progressive_refresh,0.0,0.0,1.0
0.01,4,17,cached_verdict,0.07188203972967439,0.012234448813329184,0.9877655511866709
0.01,4,17,use_time_revalidation,0.0,0.0,1.0
0.01,4,17,fixed_window_revalidation,0.019079800668987644,0.0031823710786116374,0.9968176289213884
0.01,4,17,adaptive_cached,0.0,0.0,1.0
0.01,4,17,progressive_refresh,0.0,0.0,1.0
0.01,4,18,cached_verdict,0.07111612329984279,0.012836099409087054,0.987163900590913
0.01,4,18,use_time_revalidation,0.0,0.0,1.0
0.01,4,18,fixed_window_revalidation,0.017292051124325063,0.0033221182391359664,0.996677881760864
0.01,4,18,adaptive_cached,0.0,0.0,1.0
0.01,4,18,progressive_refresh,0.0,0.0,1.0
0.01,4,19,cached_verdict,0.07044778138528139,0.013261017719218537,0.9867389822807815
0.01,4,19,use_time_revalidation,0.0,0.0,1.0
0.01,4,19,fixed_window_revalidation,0.018161525974025976,0.003379145842798728,0.9966208541572013
0.01,4,19,adaptive_cached,0.0,0.0,1.0
0.01,4,19,progressive_refresh,0.0,0.0,1.0
0.01,4,20,cached_verdict,0.06856239039988997,0.012380670361126387,0.9876193296388737
0.01,4,20,use_time_revalidation,0.0,0.0,1.0
0.01,4,20,fixed_window_revalidation,0.017501633256541624,0.0035111468336224035,0.9964888531663776
0.01,4,20,adaptive_cached,0.0,0.0,1.0
0.01,4,20,progressive_refresh,0.0,0.0,1.0
0.01,4,21,cached_verdict,0.07306717797712799,0.01217617312201599,0.987823826877984
0.01,4,21,use_time_revalidation,0.0,0.0,1.0
0.01,4,21,fixed_window_revalidation,0.016914332671368895,0.003390117806593779,0.9966098821934062
0.01,4,21,adaptive_cached,0.0,0.0,1.0
0.01,4,21,progressive_refresh,0.0,0.0,1.0
0.01,4,22,cached_verdict,0.07224942200462396,0.012495041650138834,0.9875049583498612
0.01,4,22,use_time_revalidation,0.0,0.0,1.0
0.01,4,22,fixed_window_revalidation,0.01829185366517068,0.0034566781889272965,0.9965433218110727
0.01,4,22,adaptive_cached,0.0,0.0,1.0
0.01,4,22,progressive_refresh,0.0,0.0,1.0
0.01,4,23,cached_verdict,0.0734573611539384,0.011833985285187748,0.9881660147148122
0.01,4,23,use_time_revalidation,0.0,0.0,1.0
0.01,4,23,fixed_window_revalidation,0.018193031144002468,0.0033327213929645687,0.9966672786070354
0.01,4,23,adaptive_cached,0.0,0.0,1.0
0.01,4,23,progressive_refresh,0.0,0.0,1.0
0.01,4,24,cached_verdict,0.06918002529309225,0.01293414189389763,0.9870658581061024
0.01,4,24,use_time_revalidation,0.0,0.0,1.0
0.01,4,24,fixed_window_revalidation,0.01814950268311857,0.003632868269652121,0.9963671317303479
0.01,4,24,adaptive_cached,0.0,0.0,1.0
0.01,4,24,progressive_refresh,0.0,0.0,1.0
0.01,4,25,cached_verdict,0.06883371784718158,0.012006933581363887,0.9879930664186362
0.01,4,25,use_time_revalidation,0.0,0.0,1.0
0.01,4,25,fixed_window_revalidation,0.016080713474053925,0.0030581039755351682,0.9969418960244648
0.01,4,25,adaptive_cached,0.0,0.0,1.0
0.01,4,25,progressive_refresh,0.0,0.0,1.0
0.01,4,26,cached_verdict,0.07140652330486676,0.012040709738435696,0.9879592902615643
0.01,4,26,use_time_revalidation,0.0,0.0,1.0
0.01,4,26,fixed_window_revalidation,0.017525808553692082,0.003119574269864348,0.9968804257301357
0.01,4,26,adaptive_cached,0.0,0.0,1.0
0.01,4,26,progressive_refresh,0.0,0.0,1.0
0.01,4,27,cached_verdict,0.07152682255845942,0.012140439932318104,0.9878595600676819
0.01,4,27,use_time_revalidation,0.0,0.0,1.0
0.01,4,27,fixed_window_revalidation,0.018088033012379642,0.0032289904117315284,0.9967710095882685
0.01,4,27,adaptive_cached,0.0,0.0,1.0
0.01,4,27,progressive_refresh,0.0,0.0,1.0
0.01,4,28,cached_verdict,0.07109848355184335,0.011810078121689011,0.988189921878311
0.01,4,28,use_time_revalidation,0.0,0.0,1.0
0.01,4,28,fixed_window_revalidation,0.01951186115770376,0.0032350572845296455,0.9967649427154703
0.01,4,28,adaptive_cached,0.0,0.0,1.0
0.01,4,28,progressive_refresh,0.0,0.0,1.0
0.01,4,29,cached_verdict,0.06863417982155114,0.012291843070843918,0.987708156929156
0.01,4,29,use_time_revalidation,0.0,0.0,1.0
0.01,4,29,fixed_window_revalidation,0.016746739876458475,0.0035563082133784926,0.9964436917866215
0.01,4,29,adaptive_cached,0.0,0.0,1.0
0.01,4,29,progressive_refresh,0.0,0.0,1.0
0.01,8,0,cached_verdict,0.12639994714063893,0.022974000086044943,0.977025999913955
0.01,8,0,use_time_revalidation,0.0,0.0,1.0
0.01,8,0,fixed_window_revalidation,0.0316495424361558,0.007457228492349171,0.9925427715076508
0.01,8,0,adaptive_cached,0.0,0.0,1.0
0.01,8,0,progressive_refresh,0.0,0.0,1.0
0.01,8,1,cached_verdict,0.1293454020726748,0.023651953731944526,0.9763480462680555
0.01,8,1,use_time_revalidation,0.0,0.0,1.0
0.01,8,1,fixed_window_revalidation,0.03266430539157812,0.0071934165851412785,0.9928065834148587
0.01,8,1,adaptive_cached,0.0,0.0,1.0
0.01,8,1,progressive_refresh,0.0,0.0,1.0
0.01,8,2,cached_verdict,0.12462516887995519,0.023904210873903493,0.9760957891260965
0.01,8,2,use_time_revalidation,0.0,0.0,1.0
0.01,8,2,fixed_window_revalidation,0.031106863940422447,0.007594791322699668,0.9924052086773003
0.01,8,2,adaptive_cached,0.0,0.0,1.0
0.01,8,2,progressive_refresh,0.0,0.0,1.0
0.01,8,3,cached_verdict,0.12665918246054284,0.023137389907335687,0.9768626100926643
0.01,8,3,use_time_revalidation,0.0,0.0,1.0
0.01,8,3,fixed_window_revalidation,0.032325166743709964,0.006698797945893221,0.9933012020541068
0.01,8,3,adaptive_cached,0.0,0.0,1.0
0.01,8,3,progressive_refresh,0.0,0.0,1.0
0.01,8,4,cached_verdict,0.1274490466798159,0.0226501868352975,0.9773498131647025
0.01,8,4,use_time_revalidation,0.0,0.0,1.0
0.01,8,4,fixed_window_revalidation,0.032248520710059174,0.006496119574590399,0.9935038804254096
0.01,8,4,adaptive_cached,0.0,0.0,1.0
0.01,8,4,progressive_refresh,0.0,0.0,1.0
0.01,8,5,cached_verdict,0.1286778090352474,0.02292756322992047,0.9770724367700795
0.01,8,5,use_time_revalidation,0.0,0.0,1.0
0.01,8,5,fixed_window_revalidation,0.03405593248386563,0.006620333882639536,0.9933796661173605
0.01,8,5,adaptive_cached,0.0,0.0,1.0
0.01,8,5,progressive_refresh,0.0,0.0,1.0
0.01,8,6,cached_verdict,0.12767362027990495,0.023011591874210948,0.976988408125789
0.01,8,6,use_time_revalidation,0.0,0.0,1.0
0.01,8,6,fixed_window_revalidation,0.03228148930551888,0.006757144496729026,0.993242855503271
0.01,8,6,adaptive_cached,0.0,0.0,1.0
0.01,8,6,progressive_refresh,0.0,0.0,1.0
0.01,8,7,cached_verdict,0.12834470094438616,0.023754028545119706,0.9762459714548803
0.01,8,7,use_time_revalidation,0.0,0.0,1.0
0.01,8,7,fixed_window_revalidation,0.03400445960125918,0.00715066758747698,0.992849332412523
0.01,8,7,adaptive_cached,0.0,0.0,1.0
0.01,8,7,progressive_refresh,0.0,0.0,1.0
0.01,8,8,cached_verdict,0.12936358532316128,0.02306335250498415,0.9769366474950159
0.01,8,8,use_time_revalidation,0.0,0.0,1.0
0.01,8,8,fixed_window_revalidation,0.03319132071732884,0.006511667933621147,0.9934883320663789
0.01,8,8,adaptive_cached,0.0,0.0,1.0
0.01,8,8,progressive_refresh,0.0,0.0,1.0
0.01,8,9,cached_verdict,0.12612582781456955,0.022578796561604584,0.9774212034383954
0.01,8,9,use_time_revalidation,0.0,0.0,1.0
0.01,8,9,fixed_window_revalidation,0.03175496688741722,0.006905444126074498,0.9930945558739255
0.01,8,9,adaptive_cached,0.0,0.0,1.0
0.01,8,9,progressive_refresh,0.0,0.0,1.0
0.01,8,10,cached_verdict,0.13031604888933293,0.02298029239849656,0.9770197076015035
0.01,8,10,use_time_revalidation,0.0,0.0,1.0
0.01,8,10,fixed_window_revalidation,0.034702101442035505,0.006916953682134537,0.9930830463178655
0.01,8,10,adaptive_cached,0.0,0.0,1.0
0.01,8,10,progressive_refresh,0.0,0.0,1.0
0.01,8,11,cached_verdict,0.12391145383234727,0.023886489115198674,0.9761135108848014
0.01,8,11,use_time_revalidation,0.0,0.0,1.0
0.01,8,11,fixed_window_revalidation,0.03140995812005584,0.0069084875704436876,0.9930915124295563
0.01,8,11,adaptive_cached,0.0,0.0,1.0
0.01,8,11,progressive_refresh,0.0,0.0,1.0
0.01,8,12,cached_verdict,0.12604543957853145,0.02263392215998851,0.9773660778400115
0.01,8,12,use_time_revalidation,0.0,0.0,1.0
0.01,8,12,fixed_window_revalidation,0.03371748435956536,0.006491454832687061,0.9935085451673129
0.01,8,12,adaptive_cached,0.0,0.0,1.0
0.01,8,12,progressive_refresh,0.0,0.0,1.0
0.01,8,13,cached_verdict,0.12593762337149625,0.023490029308660423,0.9765099706913396
0.01,8,13,use_time_revalidation,0.0,0.0,1.0
0.01,8,13,fixed_window_revalidation,0.031122516120542176,0.006752485489339693,0.9932475145106603
0.01,8,13,adaptive_cached,0.0,0.0,1.0
0.01,8,13,progressive_refresh,0.0,0.0,1.0
0.01,8,14,cached_verdict,0.12903969691978256,0.02291621796252423,0.9770837820374758
0.01,8,14,use_time_revalidation,0.0,0.0,1.0
0.01,8,14,fixed_window_revalidation,0.033800032943501895,0.006461339651087659,0.9935386603489124
0.01,8,14,adaptive_cached,0.0,0.0,1.0
0.01,8,14,progressive_refresh,0.0,0.0,1.0
0.01,8,15,cached_verdict,0.12478170615176777,0.0234311065167765,0.9765688934832235
0.01,8,15,use_time_revalidation,0.0,0.0,1.0
0.01,8,15,fixed_window_revalidation,0.03001746350785858,0.006417711159925917,0.993582288840074
0.01,8,15,adaptive_cached,0.0,0.0,1.0
0.01,8,15,progressive_refresh,0.0,0.0,1.0
0.01,8,16,cached_verdict,0.13085071168487256,0.02238143000429861,0.9776185699957014
0.01,8,16,use_time_revalidation,0.0,0.0,1.0
0.01,8,16,fixed_window_revalidation,0.033200926845415424,0.00639060037254621,0.9936093996274538
0.01,8,16,adaptive_cached,0.0,0.0,1.0
0.01,8,16,progressive_refresh,0.0,0.0,1.0
0.01,8,17,cached_verdict,0.12854598231956724,0.02350611331152058,0.9764938866884795
0.01,8,17,use_time_revalidation,0.0,0.0,1.0
0.01,8,17,fixed_window_revalidation,0.031666446760786386,0.006716032374720166,0.9932839676252798
0.01,8,17,adaptive_cached,0.0,0.0,1.0
0.01,8,17,progressive_refresh,0.0,0.0,1.0
0.01,8,18,cached_verdict,0.12763357770292583,0.023982328810350267,0.9760176711896498
0.01,8,18,use_time_revalidation,0.0,0.0,1.0
0.01,8,18,fixed_window_revalidation,0.031503863681394885,0.006813161593849508,0.9931868384061505
0.01,8,18,adaptive_cached,0.0,0.0,1.0
0.01,8,18,progressive_refresh,0.0,0.0,1.0
0.01,8,19,cached_verdict,0.12704984840087374,0.02369928022271265,0.9763007197772874
0.01,8,19,use_time_revalidation,0.0,0.0,1.0
0.01,8,19,fixed_window_revalidation,0.031884719460111496,0.006418855568537511,0.9935811444314625
0.01,8,19,adaptive_cached,0.0,0.0,1.0
0.01,8,19,progressive_refresh,0.0,0.0,1.0
0.01,8,20,cached_verdict,0.12679045092838195,0.023353379152348225,0.9766466208476517
0.01,8,20,use_time_revalidation,0.0,0.0,1.0
0.01,8,20,fixed_window_revalidation,0.033852785145888596,0.006543528064146621,0.9934564719358534
0.01,8,20,adaptive_cached,0.0,0.0,1.0
0.01,8,20,progressive_refresh,0.0,0.0,1.0
0.01,8,21,cached_verdict,0.13022412656559,0.022179155900086133,0.9778208440999139
0.01,8,21,use_time_revalidation,0.0,0.0,1.0
0.01,8,21,fixed_window_revalidation,0.032926829268292684,0.006258972150445019,0.993741027849555
0.01,8,21,adaptive_cached,0.0,0.0,1.0
0.01,8,21,progressive_refresh,0.0,0.0,1.0
0.01,8,22,cached_verdict,0.1291445079114963,0.023598607955362536,0.9764013920446375
0.01,8,22,use_time_revalidation,0.0,0.0,1.0
0.01,8,22,fixed_window_revalidation,0.03417372464053575,0.006802036296701085,0.9931979637032989
0.01,8,22,adaptive_cached,0.0,0.0,1.0
0.01,8,22,progressive_refresh,0.0,0.0,1.0
0.01,8,23,cached_verdict,0.1319382458924262,0.02326848360596981,0.9767315163940302
0.01,8,23,use_time_revalidation,0.0,0.0,1.0
0.01,8,23,fixed_window_revalidation,0.03335647459420146,0.007326059841435965,0.992673940158564
0.01,8,23,adaptive_cached,0.0,0.0,1.0
0.01,8,23,progressive_refresh,0.0,0.0,1.0
0.01,8,24,cached_verdict,0.12472314964794552,0.023942995598503203,0.9760570044014968
0.01,8,24,use_time_revalidation,0.0,0.0,1.0
0.01,8,24,fixed_window_revalidation,0.03173448811609533,0.006752784986164676,0.9932472150138353
0.01,8,24,adaptive_cached,0.0,0.0,1.0
0.01,8,24,progressive_refresh,0.0,0.0,1.0
0.01,8,25,cached_verdict,0.12587342782990618,0.02320361421668144,0.9767963857833185
0.01,8,25,use_time_revalidation,0.0,0.0,1.0
0.01,8,25,fixed_window_revalidation,0.032774339522193385,0.006962513939324622,0.9930374860606754
0.01,8,25,adaptive_cached,0.0,0.0,1.0
0.01,8,25,progressive_refresh,0.0,0.0,1.0
0.01,8,26,cached_verdict,0.12945572382778917,0.02295077267123484,0.9770492273287652
0.01,8,26,use_time_revalidation,0.0,0.0,1.0
0.01,8,26,fixed_window_revalidation,0.03309966272071953,0.006923937039479343,0.9930760629605206
0.01,8,26,adaptive_cached,0.0,0.0,1.0
0.01,8,26,progressive_refresh,0.0,0.0,1.0
0.01,8,27,cached_verdict,0.1289006798209252,0.022807645500751664,0.9771923544992484
0.01,8,27,use_time_revalidation,0.0,0.0,1.0
0.01,8,27,fixed_window_revalidation,0.032664566406897695,0.006872360226215191,0.9931276397737848
0.01,8,27,adaptive_cached,0.0,0.0,1.0
0.01,8,27,progressive_refresh,0.0,0.0,1.0
0.01,8,28,cached_verdict,0.13137965097135332,0.022863708171765043,0.9771362918282349
0.01,8,28,use_time_revalidation,0.0,0.0,1.0
0.01,8,28,fixed_window_revalidation,0.03368455712874547,0.006893580353295993,0.993106419646704
0.01,8,28,adaptive_cached,0.0,0.0,1.0
0.01,8,28,progressive_refresh,0.0,0.0,1.0
0.01,8,29,cached_verdict,0.1274100576426158,0.023935027358409487,0.9760649726415905
0.01,8,29,use_time_revalidation,0.0,0.0,1.0
0.01,8,29,fixed_window_revalidation,0.033624859206254555,0.007090268427536024,0.992909731572464
0.01,8,29,adaptive_cached,0.0,0.0,1.0
0.01,8,29,progressive_refresh,0.0,0.0,1.0
0.01,16,0,cached_verdict,0.21637263138243257,0.04214497281207173,0.9578550271879283
0.01,16,0,use_time_revalidation,0.0,0.0,1.0
0.01,16,0,fixed_window_revalidation,0.014655091944366658,0.003669265115456595,0.9963307348845434
0.01,16,0,adaptive_cached,0.0,0.0,1.0
0.01,16,0,progressive_refresh,0.0,0.0,1.0
0.01,16,1,cached_verdict,0.2177217536379646,0.04246447740008576,0.9575355225999143
0.01,16,1,use_time_revalidation,0.0,0.0,1.0
0.01,16,1,fixed_window_revalidation,0.013594092748787345,0.003548563571037807,0.9964514364289622
0.01,16,1,adaptive_cached,0.0,0.0,1.0
0.01,16,1,progressive_refresh,0.0,0.0,1.0
0.01,16,2,cached_verdict,0.21324717285945072,0.04285377219371203,0.957146227806288
0.01,16,2,use_time_revalidation,0.0,0.0,1.0
0.01,16,2,fixed_window_revalidation,0.015098794581831738,0.003775143042529346,0.9962248569574707
0.01,16,2,adaptive_cached,0.0,0.0,1.0
0.01,16,2,progressive_refresh,0.0,0.0,1.0
0.01,16,3,cached_verdict,0.21450622096105273,0.04229291486949993,0.9577070851305001
0.01,16,3,use_time_revalidation,0.0,0.0,1.0
0.01,16,3,fixed_window_revalidation,0.014094608500420967,0.0036654840941543624,0.9963345159058457
0.01,16,3,adaptive_cached,0.0,0.0,1.0
0.01,16,3,progressive_refresh,0.0,0.0,1.0
0.01,16,4,cached_verdict,0.21497269793993548,0.04155353559201983,0.9584464644079802
0.01,16,4,use_time_revalidation,0.0,0.0,1.0
0.01,16,4,fixed_window_revalidation,0.01551253412757508,0.003703813009089836,0.9962961869909102
0.01,16,4,adaptive_cached,0.0,0.0,1.0
0.01,16,4,progressive_refresh,0.0,0.0,1.0
0.01,16,5,cached_verdict,0.21677032221770792,0.042145199476493686,0.9578548005235064
0.01,16,5,use_time_revalidation,0.0,0.0,1.0
0.01,16,5,fixed_window_revalidation,0.01525142982154577,0.0035145508286399127,0.9964854491713601
0.01,16,5,adaptive_cached,0.0,0.0,1.0
0.01,16,5,progressive_refresh,0.0,0.0,1.0
0.01,16,6,cached_verdict,0.21478599221789882,0.04135543278084715,0.9586445672191528
0.01,16,6,use_time_revalidation,0.0,0.0,1.0
0.01,16,6,fixed_window_revalidation,0.014163424124513619,0.004051565377532229,0.9959484346224677
0.01,16,6,adaptive_cached,0.0,0.0,1.0
0.01,16,6,progressive_refresh,0.0,0.0,1.0
0.01,16,7,cached_verdict,0.21410649567884027,0.042264128653070866,0.9577358713469292
0.01,16,7,use_time_revalidation,0.0,0.0,1.0
0.01,16,7,fixed_window_revalidation,0.014899482699872998,0.004164390034998597,0.9958356099650014
0.01,16,7,adaptive_cached,0.0,0.0,1.0
0.01,16,7,progressive_refresh,0.0,0.0,1.0
0.01,16,8,cached_verdict,0.21758943517887036,0.04031472350978713,0.9596852764902128
0.01,16,8,use_time_revalidation,0.0,0.0,1.0
0.01,16,8,fixed_window_revalidation,0.0139500279000558,0.0033509491895722006,0.9966490508104278
0.01,16,8,adaptive_cached,0.0,0.0,1.0
0.01,16,8,progressive_refresh,0.0,0.0,1.0
0.01,16,9,cached_verdict,0.21488685244062092,0.040916988132748314,0.9590830118672516
0.01,16,9,use_time_revalidation,0.0,0.0,1.0
0.01,16,9,fixed_window_revalidation,0.014836980238139766,0.003813422067787626,0.9961865779322123
0.01,16,9,adaptive_cached,0.0,0.0,1.0
0.01,16,9,progressive_refresh,0.0,0.0,1.0
0.01,16,10,cached_verdict,0.2147935163828241,0.04200377463387515,0.9579962253661248
0.01,16,10,use_time_revalidation,0.0,0.0,1.0
0.01,16,10,fixed_window_revalidation,0.014566021043318904,0.0036868516920015803,0.9963131483079984
0.01,16,10,adaptive_cached,0.0,0.0,1.0
0.01,16,10,progressive_refresh,0.0,0.0,1.0
0.01,16,11,cached_verdict,0.21106377646911414,0.04174745872260415,0.9582525412773959
0.01,16,11,use_time_revalidation,0.0,0.0,1.0
0.01,16,11,fixed_window_revalidation,0.013782733993233931,0.0032463717022151715,0.9967536282977848
0.01,16,11,adaptive_cached,0.0,0.0,1.0
0.01,16,11,progressive_refresh,0.0,0.0,1.0
0.01,16,12,cached_verdict,0.2114850743940859,0.04178625572187633,0.9582137442781237
0.01,16,12,use_time_revalidation,0.0,0.0,1.0
0.01,16,12,fixed_window_revalidation,0.013662310115724134,0.0035766326665783547,0.9964233673334216
0.01,16,12,adaptive_cached,0.0,0.0,1.0
0.01,16,12,progressive_refresh,0.0,0.0,1.0
0.01,16,13,cached_verdict,0.21248794449802447,0.04258956334644915,0.9574104366535509
0.01,16,13,use_time_revalidation,0.0,0.0,1.0
0.01,16,13,fixed_window_revalidation,0.014559935289176493,0.003522112678131954,0.996477887321868
0.01,16,13,adaptive_cached,0.0,0.0,1.0
0.01,16,13,progressive_refresh,0.0,0.0,1.0
0.01,16,14,cached_verdict,0.2169280944246001,0.04163409778039968,0.9583659022196003
0.01,16,14,use_time_revalidation,0.0,0.0,1.0
0.01,16,14,fixed_window_revalidation,0.014225811461407051,0.003716540078165327,0.9962834599218346
0.01,16,14,adaptive_cached,0.0,0.0,1.0
0.01,16,14,progressive_refresh,0.0,0.0,1.0
0.01,16,15,cached_verdict,0.2124965080547537,0.04164761075785964,0.9583523892421404
0.01,16,15,use_time_revalidation,0.0,0.0,1.0
0.01,16,15,fixed_window_revalidation,0.014526492224601919,0.004101323340660637,0.9958986766593394
0.01,16,15,adaptive_cached,0.0,0.0,1.0
0.01,16,15,progressive_refresh,0.0,0.0,1.0
0.01,16,16,cached_verdict,0.21562548927509004,0.040696393153603176,0.9593036068463968
0.01,16,16,use_time_revalidation,0.0,0.0,1.0
0.01,16,16,fixed_window_revalidation,0.01393455456395804,0.003952104605891427,0.9960478953941085
0.01,16,16,adaptive_cached,0.0,0.0,1.0
0.01,16,16,progressive_refresh,0.0,0.0,1.0
0.01,16,17,cached_verdict,0.21525487023090809,0.041847169422096486,0.9581528305779035
0.01,16,17,use_time_revalidation,0.0,0.0,1.0
0.01,16,17,fixed_window_revalidation,0.013288106055890956,0.0035953201897857543,0.9964046798102143
0.01,16,17,adaptive_cached,0.0,0.0,1.0
0.01,16,17,progressive_refresh,0.0,0.0,1.0
0.01,16,18,cached_verdict,0.2159323929658858,0.04207095879906804,0.9579290412009319
0.01,16,18,use_time_revalidation,0.0,0.0,1.0
0.01,16,18,fixed_window_revalidation,0.01472689989436401,0.0031409443477747956,0.9968590556522252
0.01,16,18,adaptive_cached,0.0,0.0,1.0
0.01,16,18,progressive_refresh,0.0,0.0,1.0
0.01,16,19,cached_verdict,0.21461271392140596,0.04235541784650053,0.9576445821534995
0.01,16,19,use_time_revalidation,0.0,0.0,1.0
0.01,16,19,fixed_window_revalidation,0.014962976618428735,0.004062087675863193,0.9959379123241368
0.01,16,19,adaptive_cached,0.0,0.0,1.0
0.01,16,19,progressive_refresh,0.0,0.0,1.0
0.01,16,20,cached_verdict,0.21493248112291255,0.04274194732899549,0.9572580526710045
0.01,16,20,use_time_revalidation,0.0,0.0,1.0
0.01,16,20,fixed_window_revalidation,0.014349719585174045,0.003363541559566999,0.996636458440433
0.01,16,20,adaptive_cached,0.0,0.0,1.0
0.01,16,20,progressive_refresh,0.0,0.0,1.0
0.01,16,21,cached_verdict,0.21736689435763076,0.04183164309159687,0.9581683569084032
0.01,16,21,use_time_revalidation,0.0,0.0,1.0
0.01,16,21,fixed_window_revalidation,0.014347649792582889,0.003900557853368463,0.9960994421466315
0.01,16,21,adaptive_cached,0.0,0.0,1.0
0.01,16,21,progressive_refresh,0.0,0.0,1.0
0.01,16,22,cached_verdict,0.21593440594059407,0.041784869976359336,0.9582151300236407
0.01,16,22,use_time_revalidation,0.0,0.0,1.0
0.01,16,22,fixed_window_revalidation,0.013521039603960396,0.003531323877068558,0.9964686761229314
0.01,16,22,adaptive_cached,0.0,0.0,1.0
0.01,16,22,progressive_refresh,0.0,0.0,1.0
0.01,16,23,cached_verdict,0.2211167765203333,0.041703520254732,0.958296479745268
0.01,16,23,use_time_revalidation,0.0,0.0,1.0
0.01,16,23,fixed_window_revalidation,0.014861335654769308,0.0033757886667845982,0.9966242113332154
0.01,16,23,adaptive_cached,0.0,0.0,1.0
0.01,16,23,progressive_refresh,0.0,0.0,1.0
0.01,16,24,cached_verdict,0.21110834215936702,0.04157707148958732,0.9584229285104127
0.01,16,24,use_time_revalidation,0.0,0.0,1.0
0.01,16,24,fixed_window_revalidation,0.014485078811289017,0.003534713835459071,0.9964652861645409
0.01,16,24,adaptive_cached,0.0,0.0,1.0
0.01,16,24,progressive_refresh,0.0,0.0,1.0
0.01,16,25,cached_verdict,0.2151886851492584,0.04134211222480233,0.9586578877751977
0.01,16,25,use_time_revalidation,0.0,0.0,1.0
0.01,16,25,fixed_window_revalidation,0.014080981287940423,0.0032332970812145438,0.9967667029187854
0.01,16,25,adaptive_cached,0.0,0.0,1.0
0.01,16,25,progressive_refresh,0.0,0.0,1.0
0.01,16,26,cached_verdict,0.2189474339422987,0.04172744552004597,0.9582725544799541
0.01,16,26,use_time_revalidation,0.0,0.0,1.0
0.01,16,26,fixed_window_revalidation,0.014316392269148175,0.003329944451811578,0.9966700555481884
0.01,16,26,adaptive_cached,0.0,0.0,1.0
0.01,16,26,progressive_refresh,0.0,0.0,1.0
0.01,16,27,cached_verdict,0.21747275736097668,0.04117811483971577,0.9588218851602842
0.01,16,27,use_time_revalidation,0.0,0.0,1.0
0.01,16,27,fixed_window_revalidation,0.015736722140693788,0.00357494887675989,0.9964250511232401
0.01,16,27,adaptive_cached,0.0,0.0,1.0
0.01,16,27,progressive_refresh,0.0,0.0,1.0
0.01,16,28,cached_verdict,0.21757361162877376,0.04101527933455253,0.9589847206654475
0.01,16,28,use_time_revalidation,0.0,0.0,1.0
0.01,16,28,fixed_window_revalidation,0.012796620698223382,0.003672349713881187,0.9963276502861188
0.01,16,28,adaptive_cached,0.0,0.0,1.0
0.01,16,28,progressive_refresh,0.0,0.0,1.0
0.01,16,29,cached_verdict,0.21774394809084102,0.04319733898504651,0.9568026610149535
0.01,16,29,use_time_revalidation,0.0,0.0,1.0
0.01,16,29,fixed_window_revalidation,0.014973795857249813,0.003399858707170611,0.9966001412928294
0.01,16,29,adaptive_cached,0.0,0.0,1.0
0.01,16,29,progressive_refresh,0.0,0.0,1.0
0.02,0,0,cached_verdict,0.0,0.0,1.0
0.02,0,0,use_time_revalidation,0.0,0.0,1.0
0.02,0,0,fixed_window_revalidation,0.0,0.0,1.0
0.02,0,0,adaptive_cached,0.0,0.0,1.0
0.02,0,0,progressive_refresh,0.0,0.0,1.0
0.02,0,1,cached_verdict,0.0,0.0,1.0
0.02,0,1,use_time_revalidation,0.0,0.0,1.0
0.02,0,1,fixed_window_revalidation,0.0,0.0,1.0
0.02,0,1,adaptive_cached,0.0,0.0,1.0
0.02,0,1,progressive_refresh,0.0,0.0,1.0
0.02,0,2,cached_verdict,0.0,0.0,1.0
0.02,0,2,use_time_revalidation,0.0,0.0,1.0
0.02,0,2,fixed_window_revalidation,0.0,0.0,1.0
0.02,0,2,adaptive_cached,0.0,0.0,1.0
0.02,0,2,progressive_refresh,0.0,0.0,1.0
0.02,0,3,cached_verdict,0.0,0.0,1.0
0.02,0,3,use_time_revalidation,0.0,0.0,1.0
0.02,0,3,fixed_window_revalidation,0.0,0.0,1.0
0.02,0,3,adaptive_cached,0.0,0.0,1.0
0.02,0,3,progressive_refresh,0.0,0.0,1.0
0.02,0,4,cached_verdict,0.0,0.0,1.0
0.02,0,4,use_time_revalidation,0.0,0.0,1.0
0.02,0,4,fixed_window_revalidation,0.0,0.0,1.0
0.02,0,4,adaptive_cached,0.0,0.0,1.0
0.02,0,4,progressive_refresh,0.0,0.0,1.0
0.02,0,5,cached_verdict,0.0,0.0,1.0
0.02,0,5,use_time_revalidation,0.0,0.0,1.0
0.02,0,5,fixed_window_revalidation,0.0,0.0,1.0
0.02,0,5,adaptive_cached,0.0,0.0,1.0
0.02,0,5,progressive_refresh,0.0,0.0,1.0
0.02,0,6,cached_verdict,0.0,0.0,1.0
0.02,0,6,use_time_revalidation,0.0,0.0,1.0
0.02,0,6,fixed_window_revalidation,0.0,0.0,1.0
0.02,0,6,adaptive_cached,0.0,0.0,1.0
0.02,0,6,progressive_refresh,0.0,0.0,1.0
0.02,0,7,cached_verdict,0.0,0.0,1.0
0.02,0,7,use_time_revalidation,0.0,0.0,1.0
0.02,0,7,fixed_window_revalidation,0.0,0.0,1.0
0.02,0,7,adaptive_cached,0.0,0.0,1.0
0.02,0,7,progressive_refresh,0.0,0.0,1.0
0.02,0,8,cached_verdict,0.0,0.0,1.0
0.02,0,8,use_time_revalidation,0.0,0.0,1.0
0.02,0,8,fixed_window_revalidation,0.0,0.0,1.0
0.02,0,8,adaptive_cached,0.0,0.0,1.0
0.02,0,8,progressive_refresh,0.0,0.0,1.0
0.02,0,9,cached_verdict,0.0,0.0,1.0
0.02,0,9,use_time_revalidation,0.0,0.0,1.0
0.02,0,9,fixed_window_revalidation,0.0,0.0,1.0
0.02,0,9,adaptive_cached,0.0,0.0,1.0
0.02,0,9,progressive_refresh,0.0,0.0,1.0
0.02,0,10,cached_verdict,0.0,0.0,1.0
0.02,0,10,use_time_revalidation,0.0,0.0,1.0
0.02,0,10,fixed_window_revalidation,0.0,0.0,1.0
0.02,0,10,adaptive_cached,0.0,0.0,1.0
0.02,0,10,progressive_refresh,0.0,0.0,1.0
0.02,0,11,cached_verdict,0.0,0.0,1.0
0.02,0,11,use_time_revalidation,0.0,0.0,1.0
0.02,0,11,fixed_window_revalidation,0.0,0.0,1.0
0.02,0,11,adaptive_cached,0.0,0.0,1.0
0.02,0,11,progressive_refresh,0.0,0.0,1.0
0.02,0,12,cached_verdict,0.0,0.0,1.0
0.02,0,12,use_time_revalidation,0.0,0.0,1.0
0.02,0,12,fixed_window_revalidation,0.0,0.0,1.0
0.02,0,12,adaptive_cached,0.0,0.0,1.0
0.02,0,12,progressive_refresh,0.0,0.0,1.0
0.02,0,13,cached_verdict,0.0,0.0,1.0
0.02,0,13,use_time_revalidation,0.0,0.0,1.0
0.02,0,13,fixed_window_revalidation,0.0,0.0,1.0
0.02,0,13,adaptive_cached,0.0,0.0,1.0
0.02,0,13,progressive_refresh,0.0,0.0,1.0
0.02,0,14,cached_verdict,0.0,0.0,1.0
0.02,0,14,use_time_revalidation,0.0,0.0,1.0
0.02,0,14,fixed_window_revalidation,0.0,0.0,1.0
0.02,0,14,adaptive_cached,0.0,0.0,1.0
0.02,0,14,progressive_refresh,0.0,0.0,1.0
0.02,0,15,cached_verdict,0.0,0.0,1.0
0.02,0,15,use_time_revalidation,0.0,0.0,1.0
0.02,0,15,fixed_window_revalidation,0.0,0.0,1.0
0.02,0,15,adaptive_cached,0.0,0.0,1.0
0.02,0,15,progressive_refresh,0.0,0.0,1.0
0.02,0,16,cached_verdict,0.0,0.0,1.0
0.02,0,16,use_time_revalidation,0.0,0.0,1.0
0.02,0,16,fixed_window_revalidation,0.0,0.0,1.0
0.02,0,16,adaptive_cached,0.0,0.0,1.0
0.02,0,16,progressive_refresh,0.0,0.0,1.0
0.02,0,17,cached_verdict,0.0,0.0,1.0
0.02,0,17,use_time_revalidation,0.0,0.0,1.0
0.02,0,17,fixed_window_revalidation,0.0,0.0,1.0
0.02,0,17,adaptive_cached,0.0,0.0,1.0
0.02,0,17,progressive_refresh,0.0,0.0,1.0
0.02,0,18,cached_verdict,0.0,0.0,1.0
0.02,0,18,use_time_revalidation,0.0,0.0,1.0
0.02,0,18,fixed_window_revalidation,0.0,0.0,1.0
0.02,0,18,adaptive_cached,0.0,0.0,1.0
0.02,0,18,progressive_refresh,0.0,0.0,1.0
0.02,0,19,cached_verdict,0.0,0.0,1.0
0.02,0,19,use_time_revalidation,0.0,0.0,1.0
0.02,0,19,fixed_window_revalidation,0.0,0.0,1.0
0.02,0,19,adaptive_cached,0.0,0.0,1.0
0.02,0,19,progressive_refresh,0.0,0.0,1.0
0.02,0,20,cached_verdict,0.0,0.0,1.0
0.02,0,20,use_time_revalidation,0.0,0.0,1.0
0.02,0,20,fixed_window_revalidation,0.0,0.0,1.0
0.02,0,20,adaptive_cached,0.0,0.0,1.0
0.02,0,20,progressive_refresh,0.0,0.0,1.0
0.02,0,21,cached_verdict,0.0,0.0,1.0
0.02,0,21,use_time_revalidation,0.0,0.0,1.0
0.02,0,21,fixed_window_revalidation,0.0,0.0,1.0
0.02,0,21,adaptive_cached,0.0,0.0,1.0
0.02,0,21,progressive_refresh,0.0,0.0,1.0
0.02,0,22,cached_verdict,0.0,0.0,1.0
0.02,0,22,use_time_revalidation,0.0,0.0,1.0
0.02,0,22,fixed_window_revalidation,0.0,0.0,1.0
0.02,0,22,adaptive_cached,0.0,0.0,1.0
0.02,0,22,progressive_refresh,0.0,0.0,1.0
0.02,0,23,cached_verdict,0.0,0.0,1.0
0.02,0,23,use_time_revalidation,0.0,0.0,1.0
0.02,0,23,fixed_window_revalidation,0.0,0.0,1.0
0.02,0,23,adaptive_cached,0.0,0.0,1.0
0.02,0,23,progressive_refresh,0.0,0.0,1.0
0.02,0,24,cached_verdict,0.0,0.0,1.0
0.02,0,24,use_time_revalidation,0.0,0.0,1.0
0.02,0,24,fixed_window_revalidation,0.0,0.0,1.0
0.02,0,24,adaptive_cached,0.0,0.0,1.0
0.02,0,24,progressive_refresh,0.0,0.0,1.0
0.02,0,25,cached_verdict,0.0,0.0,1.0
0.02,0,25,use_time_revalidation,0.0,0.0,1.0
0.02,0,25,fixed_window_revalidation,0.0,0.0,1.0
0.02,0,25,adaptive_cached,0.0,0.0,1.0
0.02,0,25,progressive_refresh,0.0,0.0,1.0
0.02,0,26,cached_verdict,0.0,0.0,1.0
0.02,0,26,use_time_revalidation,0.0,0.0,1.0
0.02,0,26,fixed_window_revalidation,0.0,0.0,1.0
0.02,0,26,adaptive_cached,0.0,0.0,1.0
0.02,0,26,progressive_refresh,0.0,0.0,1.0
0.02,0,27,cached_verdict,0.0,0.0,1.0
0.02,0,27,use_time_revalidation,0.0,0.0,1.0
0.02,0,27,fixed_window_revalidation,0.0,0.0,1.0
0.02,0,27,adaptive_cached,0.0,0.0,1.0
0.02,0,27,progressive_refresh,0.0,0.0,1.0
0.02,0,28,cached_verdict,0.0,0.0,1.0
0.02,0,28,use_time_revalidation,0.0,0.0,1.0
0.02,0,28,fixed_window_revalidation,0.0,0.0,1.0
0.02,0,28,adaptive_cached,0.0,0.0,1.0
0.02,0,28,progressive_refresh,0.0,0.0,1.0
0.02,0,29,cached_verdict,0.0,0.0,1.0
0.02,0,29,use_time_revalidation,0.0,0.0,1.0
0.02,0,29,fixed_window_revalidation,0.0,0.0,1.0
0.02,0,29,adaptive_cached,0.0,0.0,1.0
0.02,0,29,progressive_refresh,0.0,0.0,1.0
0.02,1,0,cached_verdict,0.03678393361458805,0.00587501226882037,0.9941249877311796
0.02,1,0,use_time_revalidation,0.0,0.0,1.0
0.02,1,0,fixed_window_revalidation,0.03678393361458805,0.00587501226882037,0.9941249877311796
0.02,1,0,adaptive_cached,0.0,0.0,1.0
0.02,1,0,progressive_refresh,0.03678393361458805,0.00587501226882037,0.9941249877311796
0.02,1,1,cached_verdict,0.037719480880005554,0.006476356382231463,0.9935236436177686
0.02,1,1,use_time_revalidation,0.0,0.0,1.0
0.02,1,1,fixed_window_revalidation,0.037719480880005554,0.006476356382231463,0.9935236436177686
0.02,1,1,adaptive_cached,0.0,0.0,1.0
0.02,1,1,progressive_refresh,0.037719480880005554,0.006476356382231463,0.9935236436177686
0.02,1,2,cached_verdict,0.036850863204603755,0.006282148579138207,0.9937178514208618
0.02,1,2,use_time_revalidation,0.0,0.0,1.0
0.02,1,2,fixed_window_revalidation,0.036850863204603755,0.006282148579138207,0.9937178514208618
0.02,1,2,adaptive_cached,0.0,0.0,1.0
0.02,1,2,progressive_refresh,0.036850863204603755,0.006282148579138207,0.9937178514208618
0.02,1,3,cached_verdict,0.035947370257913655,0.006167042762835158,0.9938329572371648
0.02,1,3,use_time_revalidation,0.0,0.0,1.0
0.02,1,3,fixed_window_revalidation,0.035947370257913655,0.006167042762835158,0.9938329572371648
0.02,1,3,adaptive_cached,0.0,0.0,1.0
0.02,1,3,progressive_refresh,0.035947370257913655,0.006167042762835158,0.9938329572371648
0.02,1,4,cached_verdict,0.03643527073672466,0.006772388844487443,0.9932276111555125
0.02,1,4,use_time_revalidation,0.0,0.0,1.0
0.02,1,4,fixed_window_revalidation,0.03643527073672466,0.006772388844487443,0.9932276111555125
0.02,1,4,adaptive_cached,0.0,0.0,1.0
0.02,1,4,progressive_refresh,0.03643527073672466,0.006772388844487443,0.9932276111555125
0.02,1,5,cached_verdict,0.036243822075782535,0.006044409620685313,0.9939555903793147
0.02,1,5,use_time_revalidation,0.0,0.0,1.0
0.02,1,5,fixed_window_revalidation,0.036243822075782535,0.006044409620685313,0.9939555903793147
0.02,1,5,adaptive_cached,0.0,0.0,1.0
0.02,1,5,progressive_refresh,0.036243822075782535,0.006044409620685313,0.9939555903793147
0.02,1,6,cached_verdict,0.036544502617801046,0.006012613875262789,0.9939873861247372
0.02,1,6,use_time_revalidation,0.0,0.0,1.0
0.02,1,6,fixed_window_revalidation,0.036544502617801046,0.006012613875262789,0.9939873861247372
0.02,1,6,adaptive_cached,0.0,0.0,1.0
0.02,1,6,progressive_refresh,0.036544502617801046,0.006012613875262789,0.9939873861247372
0.02,1,7,cached_verdict,0.03675807011454356,0.006770613850259868,0.9932293861497401
0.02,1,7,use_time_revalidation,0.0,0.0,1.0
0.02,1,7,fixed_window_revalidation,0.03675807011454356,0.006770613850259868,0.9932293861497401
0.02,1,7,adaptive_cached,0.0,0.0,1.0
0.02,1,7,progressive_refresh,0.03675807011454356,0.006770613850259868,0.9932293861497401
0.02,1,8,cached_verdict,0.038871232493975484,0.006305435285215856,0.9936945647147841
0.02,1,8,use_time_revalidation,0.0,0.0,1.0
0.02,1,8,fixed_window_revalidation,0.038871232493975484,0.006305435285215856,0.9936945647147841
0.02,1,8,adaptive_cached,0.0,0.0,1.0
0.02,1,8,progressive_refresh,0.038871232493975484,0.006305435285215856,0.9936945647147841
0.02,1,9,cached_verdict,0.037964063483185345,0.006261030338683923,0.993738969661316
0.02,1,9,use_time_revalidation,0.0,0.0,1.0
0.02,1,9,fixed_window_revalidation,0.037964063483185345,0.006261030338683923,0.993738969661316
0.02,1,9,adaptive_cached,0.0,0.0,1.0
0.02,1,9,progressive_refresh,0.037964063483185345,0.006261030338683923,0.993738969661316
0.02,1,10,cached_verdict,0.03671538515851162,0.006083098473644557,0.9939169015263555
0.02,1,10,use_time_revalidation,0.0,0.0,1.0
0.02,1,10,fixed_window_revalidation,0.03671538515851162,0.006083098473644557,0.9939169015263555
0.02,1,10,adaptive_cached,0.0,0.0,1.0
0.02,1,10,progressive_refresh,0.03671538515851162,0.006083098473644557,0.9939169015263555
0.02,1,11,cached_verdict,0.03635473835075331,0.0064572156934153205,0.9935427843065847
0.02,1,11,use_time_revalidation,0.0,0.0,1.0
0.02,1,11,fixed_window_revalidation,0.03635473835075331,0.0064572156934153205,0.9935427843065847
0.02,1,11,adaptive_cached,0.0,0.0,1.0
0.02,1,11,progressive_refresh,0.03635473835075331,0.0064572156934153205,0.9935427843065847
0.02,1,12,cached_verdict,0.035383436651110954,0.005891759952865921,0.994108240047134
0.02,1,12,use_time_revalidation,0.0,0.0,1.0
0.02,1,12,fixed_window_revalidation,0.035383436651110954,0.005891759952865921,0.994108240047134
0.02,1,12,adaptive_cached,0.0,0.0,1.0
0.02,1,12,progressive_refresh,0.035383436651110954,0.005891759952865921,0.994108240047134
0.02,1,13,cached_verdict,0.03761223004125212,0.00619791154273186,0.9938020884572681
0.02,1,13,use_time_revalidation,0.0,0.0,1.0
0.02,1,13,fixed_window_revalidation,0.03761223004125212,0.00619791154273186,0.9938020884572681
0.02,1,13,adaptive_cached,0.0,0.0,1.0
0.02,1,13,progressive_refresh,0.03761223004125212,0.00619791154273186,0.9938020884572681
0.02,1,14,cached_verdict,0.037332961166742264,0.006209787072989529,0.9937902129270104
0.02,1,14,use_time_revalidation,0.0,0.0,1.0
0.02,1,14,fixed_window_revalidation,0.037332961166742264,0.006209787072989529,0.9937902129270104
0.02,1,14,adaptive_cached,0.0,0.0,1.0
0.02,1,14,progressive_refresh,0.037332961166742264,0.006209787072989529,0.9937902129270104
0.02,1,15,cached_verdict,0.038549538930874296,0.006464850886808893,0.9935351491131911
0.02,1,15,use_time_revalidation,0.0,0.0,1.0
0.02,1,15,fixed_window_revalidation,0.038549538930874296,0.006464850886808893,0.9935351491131911
0.02,1,15,adaptive_cached,0.0,0.0,1.0
0.02,1,15,progressive_refresh,0.038549538930874296,0.006464850886808893,0.9935351491131911
0.02,1,16,cached_verdict,0.038011181827771724,0.006442056427383631,0.9935579435726164
0.02,1,16,use_time_revalidation,0.0,0.0,1.0
0.02,1,16,fixed_window_revalidation,0.038011181827771724,0.006442056427383631,0.9935579435726164
0.02,1,16,adaptive_cached,0.0,0.0,1.0
0.02,1,16,progressive_refresh,0.038011181827771724,0.006442056427383631,0.9935579435726164
0.02,1,17,cached_verdict,0.03770228794642857,0.006533198743831315,0.9934668012561687
0.02,1,17,use_time_revalidation,0.0,0.0,1.0
0.02,1,17,fixed_window_revalidation,0.03770228794642857,0.006533198743831315,0.9934668012561687
0.02,1,17,adaptive_cached,0.0,0.0,1.0
0.02,1,17,progressive_refresh,0.03770228794642857,0.006533198743831315,0.9934668012561687
0.02,1,18,cached_verdict,0.03801658652170883,0.006759978682224902,0.9932400213177751
0.02,1,18,use_time_revalidation,0.0,0.0,1.0
0.02,1,18,fixed_window_revalidation,0.03801658652170883,0.006759978682224902,0.9932400213177751
0.02,1,18,adaptive_cached,0.0,0.0,1.0
0.02,1,18,progressive_refresh,0.03801658652170883,0.006759978682224902,0.9932400213177751
0.02,1,19,cached_verdict,0.03761960487368349,0.0064556141290559015,0.9935443858709441
0.02,1,19,use_time_revalidation,0.0,0.0,1.0
0.02,1,19,fixed_window_revalidation,0.03761960487368349,0.0064556141290559015,0.9935443858709441
0.02,1,19,adaptive_cached,0.0,0.0,1.0
0.02,1,19,progressive_refresh,0.03761960487368349,0.0064556141290559015,0.9935443858709441
0.02,1,20,cached_verdict,0.037848605577689244,0.0061076401535315045,0.9938923598464685
0.02,1,20,use_time_revalidation,0.0,0.0,1.0
0.02,1,20,fixed_window_revalidation,0.037848605577689244,0.0061076401535315045,0.9938923598464685
0.02,1,20,adaptive_cached,0.0,0.0,1.0
0.02,1,20,progressive_refresh,0.037848605577689244,0.0061076401535315045,0.9938923598464685
0.02,1,21,cached_verdict,0.0390291669581031,0.006386017981682212,0.9936139820183177
0.02,1,21,use_time_revalidation,0.0,0.0,1.0
0.02,1,21,fixed_window_revalidation,0.0390291669581031,0.006386017981682212,0.9936139820183177
0.02,1,21,adaptive_cached,0.0,0.0,1.0
0.02,1,21,progressive_refresh,0.0390291669581031,0.006386017981682212,0.9936139820183177
0.02,1,22,cached_verdict,0.03800763623741756,0.0063773001826099174,0.99362269981739
0.02,1,22,use_time_revalidation,0.0,0.0,1.0
0.02,1,22,fixed_window_revalidation,0.03800763623741756,0.0063773001826099174,0.99362269981739
0.02,1,22,adaptive_cached,0.0,0.0,1.0
0.02,1,22,progressive_refresh,0.03800763623741756,0.0063773001826099174,0.99362269981739
0.02,1,23,cached_verdict,0.036737126231289656,0.005624501560029661,0.9943754984399703
0.02,1,23,use_time_revalidation,0.0,0.0,1.0
0.02,1,23,fixed_window_revalidation,0.036737126231289656,0.005624501560029661,0.9943754984399703
0.02,1,23,adaptive_cached,0.0,0.0,1.0
0.02,1,23,progressive_refresh,0.036737126231289656,0.005624501560029661,0.9943754984399703
0.02,1,24,cached_verdict,0.0368,0.0064,0.9936
0.02,1,24,use_time_revalidation,0.0,0.0,1.0
0.02,1,24,fixed_window_revalidation,0.0368,0.0064,0.9936
0.02,1,24,adaptive_cached,0.0,0.0,1.0
0.02,1,24,progressive_refresh,0.0368,0.0064,0.9936
0.02,1,25,cached_verdict,0.039739504919295544,0.006551043547642044,0.993448956452358
0.02,1,25,use_time_revalidation,0.0,0.0,1.0
0.02,1,25,fixed_window_revalidation,0.039739504919295544,0.006551043547642044,0.993448956452358
0.02,1,25,adaptive_cached,0.0,0.0,1.0
0.02,1,25,progressive_refresh,0.039739504919295544,0.006551043547642044,0.993448956452358
0.02,1,26,cached_verdict,0.037221191218179905,0.006046947831077392,0.9939530521689226
0.02,1,26,use_time_revalidation,0.0,0.0,1.0
0.02,1,26,fixed_window_revalidation,0.037221191218179905,0.006046947831077392,0.9939530521689226
0.02,1,26,adaptive_cached,0.0,0.0,1.0
0.02,1,26,progressive_refresh,0.037221191218179905,0.006046947831077392,0.9939530521689226
0.02,1,27,cached_verdict,0.03785245268443414,0.006431677409432195,0.9935683225905678
0.02,1,27,use_time_revalidation,0.0,0.0,1.0
0.02,1,27,fixed_window_revalidation,0.03785245268443414,0.006431677409432195,0.9935683225905678
0.02,1,27,adaptive_cached,0.0,0.0,1.0
0.02,1,27,progressive_refresh,0.03785245268443414,0.006431677409432195,0.9935683225905678
0.02,1,28,cached_verdict,0.036605424321959755,0.006202310115505775,0.9937976898844942
0.02,1,28,use_time_revalidation,0.0,0.0,1.0
0.02,1,28,fixed_window_revalidation,0.036605424321959755,0.006202310115505775,0.9937976898844942
0.02,1,28,adaptive_cached,0.0,0.0,1.0
0.02,1,28,progressive_refresh,0.036605424321959755,0.006202310115505775,0.9937976898844942
0.02,1,29,cached_verdict,0.03868964554842311,0.006392284400583156,0.9936077155994169
0.02,1,29,use_time_revalidation,0.0,0.0,1.0
0.02,1,29,fixed_window_revalidation,0.03868964554842311,0.006392284400583156,0.9936077155994169
0.02,1,29,adaptive_cached,0.0,0.0,1.0
0.02,1,29,progressive_refresh,0.03868964554842311,0.006392284400583156,0.9936077155994169
0.02,2,0,cached_verdict,0.07222165283044651,0.012554963310664649,0.9874450366893354
0.02,2,0,use_time_revalidation,0.0,0.0,1.0
0.02,2,0,fixed_window_revalidation,0.07222165283044651,0.012554963310664649,0.9874450366893354
0.02,2,0,adaptive_cached,0.0,0.0,1.0
0.02,2,0,progressive_refresh,0.0,0.0,1.0
0.02,2,1,cached_verdict,0.0717197798464361,0.012314712467760678,0.9876852875322393
0.02,2,1,use_time_revalidation,0.0,0.0,1.0
0.02,2,1,fixed_window_revalidation,0.0717197798464361,0.012314712467760678,0.9876852875322393
0.02,2,1,adaptive_cached,0.0,0.0,1.0
0.02,2,1,progressive_refresh,0.0,0.0,1.0
0.02,2,2,cached_verdict,0.07025593963495462,0.012411623854120915,0.9875883761458791
0.02,2,2,use_time_revalidation,0.0,0.0,1.0
0.02,2,2,fixed_window_revalidation,0.07025593963495462,0.012411623854120915,0.9875883761458791
0.02,2,2,adaptive_cached,0.0,0.0,1.0
0.02,2,2,progressive_refresh,0.0,0.0,1.0
0.02,2,3,cached_verdict,0.06975234842015371,0.011735595616825734,0.9882644043831743
0.02,2,3,use_time_revalidation,0.0,0.0,1.0
0.02,2,3,fixed_window_revalidation,0.06975234842015371,0.011735595616825734,0.9882644043831743
0.02,2,3,adaptive_cached,0.0,0.0,1.0
0.02,2,3,progressive_refresh,0.0,0.0,1.0
0.02,2,4,cached_verdict,0.0700238989416183,0.012445198698911045,0.987554801301089
0.02,2,4,use_time_revalidation,0.0,0.0,1.0
0.02,2,4,fixed_window_revalidation,0.0700238989416183,0.012445198698911045,0.987554801301089
0.02,2,4,adaptive_cached,0.0,0.0,1.0
0.02,2,4,progressive_refresh,0.0,0.0,1.0
0.02,2,5,cached_verdict,0.07095313250531805,0.01198238631552206,0.9880176136844779
0.02,2,5,use_time_revalidation,0.0,0.0,1.0
0.02,2,5,fixed_window_revalidation,0.07095313250531805,0.01198238631552206,0.9880176136844779
0.02,2,5,adaptive_cached,0.0,0.0,1.0
0.02,2,5,progressive_refresh,0.0,0.0,1.0
0.02,2,6,cached_verdict,0.06965599863084032,0.012036448400084764,0.9879635515999152
0.02,2,6,use_time_revalidation,0.0,0.0,1.0
0.02,2,6,fixed_window_revalidation,0.06965599863084032,0.012036448400084764,0.9879635515999152
0.02,2,6,adaptive_cached,0.0,0.0,1.0
0.02,2,6,progressive_refresh,0.0,0.0,1.0
0.02,2,7,cached_verdict,0.06859402700122733,0.012919567555329145,0.9870804324446708
0.02,2,7,use_time_revalidation,0.0,0.0,1.0
0.02,2,7,fixed_window_revalidation,0.06859402700122733,0.012919567555329145,0.9870804324446708
0.02,2,7,adaptive_cached,0.0,0.0,1.0
0.02,2,7,progressive_refresh,0.0,0.0,1.0
0.02,2,8,cached_verdict,0.07340108818396468,0.012602964239795414,0.9873970357602045
0.02,2,8,use_time_revalidation,0.0,0.0,1.0
0.02,2,8,fixed_window_revalidation,0.07340108818396468,0.012602964239795414,0.9873970357602045
0.02,2,8,adaptive_cached,0.0,0.0,1.0
0.02,2,8,progressive_refresh,0.0,0.0,1.0
0.02,2,9,cached_verdict,0.07199234632862951,0.011409101833656144,0.9885908981663438
0.02,2,9,use_time_revalidation,0.0,0.0,1.0
0.02,2,9,fixed_window_revalidation,0.07199234632862951,0.011409101833656144,0.9885908981663438
0.02,2,9,adaptive_cached,0.0,0.0,1.0
0.02,2,9,progressive_refresh,0.0,0.0,1.0
0.02,2,10,cached_verdict,0.07165572070515036,0.012171098916561138,0.9878289010834389
0.02,2,10,use_time_revalidation,0.0,0.0,1.0
0.02,2,10,fixed_window_revalidation,0.07165572070515036,0.012171098916561138,0.9878289010834389
0.02,2,10,adaptive_cached,0.0,0.0,1.0
0.02,2,10,progressive_refresh,0.0,0.0,1.0
0.02,2,11,cached_verdict,0.0700479780671693,0.012595312058740468,0.9874046879412596
0.02,2,11,use_time_revalidation,0.0,0.0,1.0
0.02,2,11,fixed_window_revalidation,0.0700479780671693,0.012595312058740468,0.9874046879412596
0.02,2,11,adaptive_cached,0.0,0.0,1.0
0.02,2,11,progressive_refresh,0.0,0.0,1.0
0.02,2,12,cached_verdict,0.06968177632252123,0.0119126780888782,0.9880873219111218
0.02,2,12,use_time_revalidation,0.0,0.0,1.0
0.02,2,12,fixed_window_revalidation,0.06968177632252123,0.0119126780888782,0.9880873219111218
0.02,2,12,adaptive_cached,0.0,0.0,1.0
0.02,2,12,progressive_refresh,0.0,0.0,1.0
0.02,2,13,cached_verdict,0.07076912633222456,0.011710000283535115,0.9882899997164649
0.02,2,13,use_time_revalidation,0.0,0.0,1.0
0.02,2,13,fixed_window_revalidation,0.07076912633222456,0.011710000283535115,0.9882899997164649
0.02,2,13,adaptive_cached,0.0,0.0,1.0
0.02,2,13,progressive_refresh,0.0,0.0,1.0
0.02,2,14,cached_verdict,0.07101157352087673,0.011639253843216563,0.9883607461567835
0.02,2,14,use_time_revalidation,0.0,0.0,1.0
0.02,2,14,fixed_window_revalidation,0.07101157352087673,0.011639253843216563,0.9883607461567835
0.02,2,14,adaptive_cached,0.0,0.0,1.0
0.02,2,14,progressive_refresh,0.0,0.0,1.0
0.02,2,15,cached_verdict,0.07038942455112263,0.012866424153208114,0.9871335758467918
0.02,2,15,use_time_revalidation,0.0,0.0,1.0
0.02,2,15,fixed_window_revalidation,0.07038942455112263,0.012866424153208114,0.9871335758467918
0.02,2,15,adaptive_cached,0.0,0.0,1.0
0.02,2,15,progressive_refresh,0.0,0.0,1.0
0.02,2,16,cached_verdict,0.07238790550313383,0.012443279501705137,0.9875567204982949
0.02,2,16,use_time_revalidation,0.0,0.0,1.0
0.02,2,16,fixed_window_revalidation,0.07238790550313383,0.012443279501705137,0.9875567204982949
0.02,2,16,adaptive_cached,0.0,0.0,1.0
0.02,2,16,progressive_refresh,0.0,0.0,1.0
0.02,2,17,cached_verdict,0.07223113964686999,0.012599160055996267,0.9874008399440037
0.02,2,17,use_time_revalidation,0.0,0.0,1.0
0.02,2,17,fixed_window_revalidation,0.07223113964686999,0.012599160055996267,0.9874008399440037
0.02,2,17,adaptive_cached,0.0,0.0,1.0
0.02,2,17,progressive_refresh,0.0,0.0,1.0
0.02,2,18,cached_verdict,0.07312077558544412,0.013252057816875513,0.9867479421831244
0.02,2,18,use_time_revalidation,0.0,0.0,1.0
0.02,2,18,fixed_window_revalidation,0.07312077558544412,0.013252057816875513,0.9867479421831244
0.02,2,18,adaptive_cached,0.0,0.0,1.0
0.02,2,18,progressive_refresh,0.0,0.0,1.0
0.02,2,19,cached_verdict,0.07131756756756756,0.013210227272727273,0.9867897727272728
0.02,2,19,use_time_revalidation,0.0,0.0,1.0
0.02,2,19,fixed_window_revalidation,0.07131756756756756,0.013210227272727273,0.9867897727272728
0.02,2,19,adaptive_cached,0.0,0.0,1.0
0.02,2,19,progressive_refresh,0.0,0.0,1.0
0.02,2,20,cached_verdict,0.07095069818506193,0.012532990840190253,0.9874670091598098
0.02,2,20,use_time_revalidation,0.0,0.0,1.0
0.02,2,20,fixed_window_revalidation,0.07095069818506193,0.012532990840190253,0.9874670091598098
0.02,2,20,adaptive_cached,0.0,0.0,1.0
0.02,2,20,progressive_refresh,0.0,0.0,1.0
0.02,2,21,cached_verdict,0.07385079125847777,0.01265429483377115,0.9873457051662289
0.02,2,21,use_time_revalidation,0.0,0.0,1.0
0.02,2,21,fixed_window_revalidation,0.07385079125847777,0.01265429483377115,0.9873457051662289
0.02,2,21,adaptive_cached,0.0,0.0,1.0
0.02,2,21,progressive_refresh,0.0,0.0,1.0
0.02,2,22,cached_verdict,0.07124629988772073,0.012349700463113768,0.9876502995368862
0.02,2,22,use_time_revalidation,0.0,0.0,1.0
0.02,2,22,fixed_window_revalidation,0.07124629988772073,0.012349700463113768,0.9876502995368862
0.02,2,22,adaptive_cached,0.0,0.0,1.0
0.02,2,22,progressive_refresh,0.0,0.0,1.0
0.02,2,23,cached_verdict,0.07133040131940627,0.012031708417964342,0.9879682915820357
0.02,2,23,use_time_revalidation,0.0,0.0,1.0
0.02,2,23,fixed_window_revalidation,0.07133040131940627,0.012031708417964342,0.9879682915820357
0.02,2,23,adaptive_cached,0.0,0.0,1.0
0.02,2,23,progressive_refresh,0.0,0.0,1.0
0.02,2,24,cached_verdict,0.06754817548175482,0.012116156760730645,0.9878838432392694
0.02,2,24,use_time_revalidation,0.0,0.0,1.0
0.02,2,24,fixed_window_revalidation,0.06754817548175482,0.012116156760730645,0.9878838432392694
0.02,2,24,adaptive_cached,0.0,0.0,1.0
0.02,2,24,progressive_refresh,0.0,0.0,1.0
0.02,2,25,cached_verdict,0.07165698174191108,0.012620387213221089,0.9873796127867789
0.02,2,25,use_time_revalidation,0.0,0.0,1.0
0.02,2,25,fixed_window_revalidation,0.07165698174191108,0.012620387213221089,0.9873796127867789
0.02,2,25,adaptive_cached,0.0,0.0,1.0
0.02,2,25,progressive_refresh,0.0,0.0,1.0
0.02,2,26,cached_verdict,0.07323586811380833,0.012148093738081449,0.9878519062619185
0.02,2,26,use_time_revalidation,0.0,0.0,1.0
0.02,2,26,fixed_window_revalidation,0.07323586811380833,0.012148093738081449,0.9878519062619185
0.02,2,26,adaptive_cached,0.0,0.0,1.0
0.02,2,26,progressive_refresh,0.0,0.0,1.0
0.02,2,27,cached_verdict,0.0722957867583835,0.012520267888614734,0.9874797321113853
0.02,2,27,use_time_revalidation,0.0,0.0,1.0
0.02,2,27,fixed_window_revalidation,0.0722957867583835,0.012520267888614734,0.9874797321113853
0.02,2,27,adaptive_cached,0.0,0.0,1.0
0.02,2,27,progressive_refresh,0.0,0.0,1.0
0.02,2,28,cached_verdict,0.06999280895798377,0.011483537438027035,0.988516462561973
0.02,2,28,use_time_revalidation,0.0,0.0,1.0
0.02,2,28,fixed_window_revalidation,0.06999280895798377,0.011483537438027035,0.988516462561973
0.02,2,28,adaptive_cached,0.0,0.0,1.0
0.02,2,28,progressive_refresh,0.0,0.0,1.0
0.02,2,29,cached_verdict,0.07275213675213675,0.012565371024734982,0.987434628975265
0.02,2,29,use_time_revalidation,0.0,0.0,1.0
0.02,2,29,fixed_window_revalidation,0.07275213675213675,0.012565371024734982,0.987434628975265
0.02,2,29,adaptive_cached,0.0,0.0,1.0
0.02,2,29,progressive_refresh,0.0,0.0,1.0
0.02,4,0,cached_verdict,0.1301414939124712,0.023128860795862665,0.9768711392041374
0.02,4,0,use_time_revalidation,0.0,0.0,1.0
0.02,4,0,fixed_window_revalidation,0.03336623889437315,0.006651343197816405,0.9933486568021836
0.02,4,0,adaptive_cached,0.0,0.0,1.0
0.02,4,0,progressive_refresh,0.0,0.0,1.0
0.02,4,1,cached_verdict,0.12840236686390533,0.024116125323368785,0.9758838746766312
0.02,4,1,use_time_revalidation,0.0,0.0,1.0
0.02,4,1,fixed_window_revalidation,0.033004602235371466,0.0074302960620868065,0.9925697039379132
0.02,4,1,adaptive_cached,0.0,0.0,1.0
0.02,4,1,progressive_refresh,0.0,0.0,1.0
0.02,4,2,cached_verdict,0.1269606877994356,0.023372551275781722,0.9766274487242183
0.02,4,2,use_time_revalidation,0.0,0.0,1.0
0.02,4,2,fixed_window_revalidation,0.03297893286079937,0.0068032103098121565,0.9931967896901879
0.02,4,2,adaptive_cached,0.0,0.0,1.0
0.02,4,2,progressive_refresh,0.0,0.0,1.0
0.02,4,3,cached_verdict,0.12795911638641608,0.02316635567676188,0.9768336443232382
0.02,4,3,use_time_revalidation,0.0,0.0,1.0
0.02,4,3,fixed_window_revalidation,0.0329047148038246,0.007119276589636859,0.9928807234103632
0.02,4,3,adaptive_cached,0.0,0.0,1.0
0.02,4,3,progressive_refresh,0.0,0.0,1.0
0.02,4,4,cached_verdict,0.12529683377308706,0.022933409873708382,0.9770665901262916
0.02,4,4,use_time_revalidation,0.0,0.0,1.0
0.02,4,4,fixed_window_revalidation,0.030738786279683378,0.0062571756601607345,0.9937428243398393
0.02,4,4,adaptive_cached,0.0,0.0,1.0
0.02,4,4,progressive_refresh,0.0,0.0,1.0
0.02,4,5,cached_verdict,0.12963514273427937,0.023147816365434504,0.9768521836345655
0.02,4,5,use_time_revalidation,0.0,0.0,1.0
0.02,4,5,fixed_window_revalidation,0.033277099665905856,0.006894179363327552,0.9931058206366724
0.02,4,5,adaptive_cached,0.0,0.0,1.0
0.02,4,5,progressive_refresh,0.0,0.0,1.0
0.02,4,6,cached_verdict,0.12779447214608858,0.023222456502718133,0.9767775434972819
0.02,4,6,use_time_revalidation,0.0,0.0,1.0
0.02,4,6,fixed_window_revalidation,0.03460687514447049,0.006985383765796004,0.993014616234204
0.02,4,6,adaptive_cached,0.0,0.0,1.0
0.02,4,6,progressive_refresh,0.0,0.0,1.0
0.02,4,7,cached_verdict,0.12634037234392473,0.024023678841346017,0.975976321158654
0.02,4,7,use_time_revalidation,0.0,0.0,1.0
0.02,4,7,fixed_window_revalidation,0.03256364712847839,0.006379493663611023,0.993620506336389
0.02,4,7,adaptive_cached,0.0,0.0,1.0
0.02,4,7,progressive_refresh,0.0,0.0,1.0
0.02,4,8,cached_verdict,0.13144006860610857,0.023492437071266612,0.9765075629287334
0.02,4,8,use_time_revalidation,0.0,0.0,1.0
0.02,4,8,fixed_window_revalidation,0.032686852694768787,0.006472259694038632,0.9935277403059614
0.02,4,8,adaptive_cached,0.0,0.0,1.0
0.02,4,8,progressive_refresh,0.0,0.0,1.0
0.02,4,9,cached_verdict,0.12697940427782736,0.022350934036788003,0.977649065963212
0.02,4,9,use_time_revalidation,0.0,0.0,1.0
0.02,4,9,fixed_window_revalidation,0.030315051737247512,0.0067095812246419405,0.9932904187753581
0.02,4,9,adaptive_cached,0.0,0.0,1.0
0.02,4,9,progressive_refresh,0.0,0.0,1.0
0.02,4,10,cached_verdict,0.13012876109146707,0.023492616606209476,0.9765073833937905
0.02,4,10,use_time_revalidation,0.0,0.0,1.0
0.02,4,10,fixed_window_revalidation,0.03279071318967243,0.006797863528605295,0.9932021364713947
0.02,4,10,adaptive_cached,0.0,0.0,1.0
0.02,4,10,progressive_refresh,0.0,0.0,1.0
0.02,4,11,cached_verdict,0.12703831366830173,0.024188004811823337,0.9758119951881766
0.02,4,11,use_time_revalidation,0.0,0.0,1.0
0.02,4,11,fixed_window_revalidation,0.03208272570595254,0.007332302228332474,0.9926676977716675
0.02,4,11,adaptive_cached,0.0,0.0,1.0
0.02,4,11,progressive_refresh,0.0,0.0,1.0
0.02,4,12,cached_verdict,0.12893484326276056,0.02273675127633566,0.9772632487236643
0.02,4,12,use_time_revalidation,0.0,0.0,1.0
0.02,4,12,fixed_window_revalidation,0.03354669292630888,0.006787948515136262,0.9932120514848637
0.02,4,12,adaptive_cached,0.0,0.0,1.0
0.02,4,12,progressive_refresh,0.0,0.0,1.0
0.02,4,13,cached_verdict,0.12759322478991597,0.02338357109986194,0.9766164289001381
0.02,4,13,use_time_revalidation,0.0,0.0,1.0
0.02,4,13,fixed_window_revalidation,0.03266150210084034,0.00684537505752416,0.9931546249424759
0.02,4,13,adaptive_cached,0.0,0.0,1.0
0.02,4,13,progressive_refresh,0.0,0.0,1.0
0.02,4,14,cached_verdict,0.130290155781708,0.023364016255726122,0.9766359837442739
0.02,4,14,use_time_revalidation,0.0,0.0,1.0
0.02,4,14,fixed_window_revalidation,0.033955801468893064,0.007007768858509126,0.9929922311414908
0.02,4,14,adaptive_cached,0.0,0.0,1.0
0.02,4,14,progressive_refresh,0.0,0.0,1.0
0.02,4,15,cached_verdict,0.1284153005464481,0.02466174485076556,0.9753382551492344
0.02,4,15,use_time_revalidation,0.0,0.0,1.0
0.02,4,15,fixed_window_revalidation,0.03397195338731977,0.006908735744448594,0.9930912642555514
0.02,4,15,adaptive_cached,0.0,0.0,1.0
0.02,4,15,progressive_refresh,0.0,0.0,1.0
0.02,4,16,cached_verdict,0.1317393032189694,0.022935648386911926,0.977064351613088
0.02,4,16,use_time_revalidation,0.0,0.0,1.0
0.02,4,16,fixed_window_revalidation,0.0319578752152603,0.006460947796687869,0.9935390522033122
0.02,4,16,adaptive_cached,0.0,0.0,1.0
0.02,4,16,progressive_refresh,0.0,0.0,1.0
0.02,4,17,cached_verdict,0.13074111875679056,0.02376951469975728,0.9762304853002427
0.02,4,17,use_time_revalidation,0.0,0.0,1.0
0.02,4,17,fixed_window_revalidation,0.03331906627596879,0.00620448963764057,0.9937955103623595
0.02,4,17,adaptive_cached,0.0,0.0,1.0
0.02,4,17,progressive_refresh,0.0,0.0,1.0
0.02,4,18,cached_verdict,0.13164131937586412,0.02456120191893367,0.9754387980810664
0.02,4,18,use_time_revalidation,0.0,0.0,1.0
0.02,4,18,fixed_window_revalidation,0.03183224702087037,0.006736376432736778,0.9932636235672633
0.02,4,18,adaptive_cached,0.0,0.0,1.0
0.02,4,18,progressive_refresh,0.0,0.0,1.0
0.02,4,19,cached_verdict,0.12832479357723311,0.024654334693406766,0.9753456653065933
0.02,4,19,use_time_revalidation,0.0,0.0,1.0
0.02,4,19,fixed_window_revalidation,0.032636010574067426,0.007237705272567367,0.9927622947274326
0.02,4,19,adaptive_cached,0.0,0.0,1.0
0.02,4,19,progressive_refresh,0.0,0.0,1.0
0.02,4,20,cached_verdict,0.13002348427215293,0.023865151145957258,0.9761348488540428
0.02,4,20,use_time_revalidation,0.0,0.0,1.0
0.02,4,20,fixed_window_revalidation,0.03373796844507657,0.007123711783507962,0.992876288216492
0.02,4,20,adaptive_cached,0.0,0.0,1.0
0.02,4,20,progressive_refresh,0.0,0.0,1.0
0.02,4,21,cached_verdict,0.13141724479682854,0.02354797074429944,0.9764520292557005
0.02,4,21,use_time_revalidation,0.0,0.0,1.0
0.02,4,21,fixed_window_revalidation,0.03128510075982821,0.006424781299297289,0.9935752187007028
0.02,4,21,adaptive_cached,0.0,0.0,1.0
0.02,4,21,progressive_refresh,0.0,0.0,1.0
0.02,4,22,cached_verdict,0.12970752546828787,0.024234583872358776,0.9757654161276412
0.02,4,22,use_time_revalidation,0.0,0.0,1.0
0.02,4,22,fixed_window_revalidation,0.03391390075583306,0.0075319821762253845,0.9924680178237746
0.02,4,22,adaptive_cached,0.0,0.0,1.0
0.02,4,22,progressive_refresh,0.0,0.0,1.0
0.02,4,23,cached_verdict,0.12874995856399377,0.02288316412011513,0.9771168358798848
0.02,4,23,use_time_revalidation,0.0,0.0,1.0
0.02,4,23,fixed_window_revalidation,0.032618424105810985,0.006587143614050664,0.9934128563859493
0.02,4,23,adaptive_cached,0.0,0.0,1.0
0.02,4,23,progressive_refresh,0.0,0.0,1.0
0.02,4,24,cached_verdict,0.12505368883602602,0.023891127586651944,0.9761088724133481
0.02,4,24,use_time_revalidation,0.0,0.0,1.0
0.02,4,24,fixed_window_revalidation,0.0328080087223709,0.0075143762637488705,0.9924856237362512
0.02,4,24,adaptive_cached,0.0,0.0,1.0
0.02,4,24,progressive_refresh,0.0,0.0,1.0
0.02,4,25,cached_verdict,0.12976770388043873,0.023387708921129142,0.9766122910788708
0.02,4,25,use_time_revalidation,0.0,0.0,1.0
0.02,4,25,fixed_window_revalidation,0.03144779136428406,0.00648783352190539,0.9935121664780946
0.02,4,25,adaptive_cached,0.0,0.0,1.0
0.02,4,25,progressive_refresh,0.0,0.0,1.0
0.02,4,26,cached_verdict,0.1302353212977326,0.022596519418659703,0.9774034805813403
0.02,4,26,use_time_revalidation,0.0,0.0,1.0
0.02,4,26,fixed_window_revalidation,0.03264134129839268,0.0067143943415445976,0.9932856056584554
0.02,4,26,adaptive_cached,0.0,0.0,1.0
0.02,4,26,progressive_refresh,0.0,0.0,1.0
0.02,4,27,cached_verdict,0.13025154310745338,0.023645263790685024,0.976354736209315
0.02,4,27,use_time_revalidation,0.0,0.0,1.0
0.02,4,27,fixed_window_revalidation,0.03268732992632906,0.006698537199782441,0.9933014628002176
0.02,4,27,adaptive_cached,0.0,0.0,1.0
0.02,4,27,progressive_refresh,0.0,0.0,1.0
0.02,4,28,cached_verdict,0.12730938295270516,0.02246820469437793,0.9775317953056221
0.02,4,28,use_time_revalidation,0.0,0.0,1.0
0.02,4,28,fixed_window_revalidation,0.03321545427504379,0.006782042642272342,0.9932179573577277
0.02,4,28,adaptive_cached,0.0,0.0,1.0
0.02,4,28,progressive_refresh,0.0,0.0,1.0
0.02,4,29,cached_verdict,0.1296614084878886,0.023501391718557203,0.9764986082814427
0.02,4,29,use_time_revalidation,0.0,0.0,1.0
0.02,4,29,fixed_window_revalidation,0.03191208501089037,0.006829464260093546,0.9931705357399064
0.02,4,29,adaptive_cached,0.0,0.0,1.0
0.02,4,29,progressive_refresh,0.0,0.0,1.0
0.02,8,0,cached_verdict,0.21716308972885673,0.04188605223957642,0.9581139477604236
0.02,8,0,use_time_revalidation,0.0,0.0,1.0
0.02,8,0,fixed_window_revalidation,0.05606112370717769,0.014084922496054747,0.9859150775039452
0.02,8,0,adaptive_cached,0.0,0.0,1.0
0.02,8,0,progressive_refresh,0.0,0.0,1.0
0.02,8,1,cached_verdict,0.21551617300780765,0.04240741834504755,0.9575925816549524
0.02,8,1,use_time_revalidation,0.0,0.0,1.0
0.02,8,1,fixed_window_revalidation,0.05765894162845458,0.013717441379717678,0.9862825586202824
0.02,8,1,adaptive_cached,0.0,0.0,1.0
0.02,8,1,progressive_refresh,0.0,0.0,1.0
0.02,8,2,cached_verdict,0.21587527894867345,0.04327093421518838,0.9567290657848116
0.02,8,2,use_time_revalidation,0.0,0.0,1.0
0.02,8,2,fixed_window_revalidation,0.05684354078849492,0.014866540687374512,0.9851334593126255
0.02,8,2,adaptive_cached,0.0,0.0,1.0
0.02,8,2,progressive_refresh,0.0,0.0,1.0
0.02,8,3,cached_verdict,0.21380770068789492,0.04132718459475786,0.9586728154052422
0.02,8,3,use_time_revalidation,0.0,0.0,1.0
0.02,8,3,fixed_window_revalidation,0.05618327263672301,0.013657861005112489,0.9863421389948875
0.02,8,3,adaptive_cached,0.0,0.0,1.0
0.02,8,3,progressive_refresh,0.0,0.0,1.0
0.02,8,4,cached_verdict,0.21530447724172144,0.04149199976383067,0.9585080002361693
0.02,8,4,use_time_revalidation,0.0,0.0,1.0
0.02,8,4,fixed_window_revalidation,0.056368597296291706,0.013712581921237527,0.9862874180787625
0.02,8,4,adaptive_cached,0.0,0.0,1.0
0.02,8,4,progressive_refresh,0.0,0.0,1.0
0.02,8,5,cached_verdict,0.21880272448915827,0.043003794452451685,0.9569962055475483
0.02,8,5,use_time_revalidation,0.0,0.0,1.0
0.02,8,5,fixed_window_revalidation,0.056645628944572896,0.014457157984528046,0.9855428420154719
0.02,8,5,adaptive_cached,0.0,0.0,1.0
0.02,8,5,progressive_refresh,0.0,0.0,1.0
0.02,8,6,cached_verdict,0.21787917299525744,0.04133512452206262,0.9586648754779373
0.02,8,6,use_time_revalidation,0.0,0.0,1.0
0.02,8,6,fixed_window_revalidation,0.058026719568519264,0.013699641270169326,0.9863003587298307
0.02,8,6,adaptive_cached,0.0,0.0,1.0
0.02,8,6,progressive_refresh,0.0,0.0,1.0
0.02,8,7,cached_verdict,0.21428571428571427,0.04387231784956378,0.9561276821504362
0.02,8,7,use_time_revalidation,0.0,0.0,1.0
0.02,8,7,fixed_window_revalidation,0.057335739173718266,0.0143391888705494,0.9856608111294506
0.02,8,7,adaptive_cached,0.0,0.0,1.0
0.02,8,7,progressive_refresh,0.0,0.0,1.0
0.02,8,8,cached_verdict,0.21970097292592708,0.04226805643603768,0.9577319435639623
0.02,8,8,use_time_revalidation,0.0,0.0,1.0
0.02,8,8,fixed_window_revalidation,0.05595101178079637,0.01384363620280411,0.9861563637971958
0.02,8,8,adaptive_cached,0.0,0.0,1.0
0.02,8,8,progressive_refresh,0.0,0.0,1.0
0.02,8,9,cached_verdict,0.21428571428571427,0.04072078438300503,0.9592792156169949
0.02,8,9,use_time_revalidation,0.0,0.0,1.0
0.02,8,9,fixed_window_revalidation,0.05658789050321132,0.014133027117745783,0.9858669728822542
0.02,8,9,adaptive_cached,0.0,0.0,1.0
0.02,8,9,progressive_refresh,0.0,0.0,1.0
0.02,8,10,cached_verdict,0.21974502292281606,0.04216920503565455,0.9578307949643454
0.02,8,10,use_time_revalidation,0.0,0.0,1.0
0.02,8,10,fixed_window_revalidation,0.057809458016705395,0.014129764944097192,0.9858702350559028
0.02,8,10,adaptive_cached,0.0,0.0,1.0
0.02,8,10,progressive_refresh,0.0,0.0,1.0
0.02,8,11,cached_verdict,0.2129153605015674,0.042878120411160056,0.95712187958884
0.02,8,11,use_time_revalidation,0.0,0.0,1.0
0.02,8,11,fixed_window_revalidation,0.05620689655172414,0.013832599118942732,0.9861674008810573
0.02,8,11,adaptive_cached,0.0,0.0,1.0
0.02,8,11,progressive_refresh,0.0,0.0,1.0
0.02,8,12,cached_verdict,0.21577639751552796,0.042271386430678466,0.9577286135693215
0.02,8,12,use_time_revalidation,0.0,0.0,1.0
0.02,8,12,fixed_window_revalidation,0.05649068322981367,0.013952802359882006,0.986047197640118
0.02,8,12,adaptive_cached,0.0,0.0,1.0
0.02,8,12,progressive_refresh,0.0,0.0,1.0
0.02,8,13,cached_verdict,0.21387570200750877,0.0423042304230423,0.9576957695769577
0.02,8,13,use_time_revalidation,0.0,0.0,1.0
0.02,8,13,fixed_window_revalidation,0.05622265661360886,0.01387023948296469,0.9861297605170353
0.02,8,13,adaptive_cached,0.0,0.0,1.0
0.02,8,13,progressive_refresh,0.0,0.0,1.0
0.02,8,14,cached_verdict,0.21951446089056792,0.04178359377307772,0.9582164062269223
0.02,8,14,use_time_revalidation,0.0,0.0,1.0
0.02,8,14,fixed_window_revalidation,0.058617699882331085,0.013957404070540276,0.9860425959294598
0.02,8,14,adaptive_cached,0.0,0.0,1.0
0.02,8,14,progressive_refresh,0.0,0.0,1.0
0.02,8,15,cached_verdict,0.2133669687626522,0.04324579104741424,0.9567542089525858
0.02,8,15,use_time_revalidation,0.0,0.0,1.0
0.02,8,15,fixed_window_revalidation,0.053660967330032075,0.013978288727519111,0.9860217112724808
0.02,8,15,adaptive_cached,0.0,0.0,1.0
0.02,8,15,progressive_refresh,0.0,0.0,1.0
0.02,8,16,cached_verdict,0.2186231023927032,0.041243785485246966,0.958756214514753
0.02,8,16,use_time_revalidation,0.0,0.0,1.0
0.02,8,16,fixed_window_revalidation,0.05653776472793153,0.014208807695702057,0.9857911923042979
0.02,8,16,adaptive_cached,0.0,0.0,1.0
0.02,8,16,progressive_refresh,0.0,0.0,1.0
0.02,8,17,cached_verdict,0.21966553112418705,0.04223896027174716,0.9577610397282529
0.02,8,17,use_time_revalidation,0.0,0.0,1.0
0.02,8,17,fixed_window_revalidation,0.055930628677609166,0.013410131442918327,0.9865898685570816
0.02,8,17,adaptive_cached,0.0,0.0,1.0
0.02,8,17,progressive_refresh,0.0,0.0,1.0
0.02,8,18,cached_verdict,0.2157596159840409,0.04312553373185312,0.9568744662681469
0.02,8,18,use_time_revalidation,0.0,0.0,1.0
0.02,8,18,fixed_window_revalidation,0.05404899943893772,0.013840219087723432,0.9861597809122765
0.02,8,18,adaptive_cached,0.0,0.0,1.0
0.02,8,18,progressive_refresh,0.0,0.0,1.0
0.02,8,19,cached_verdict,0.21498953073038551,0.043317931402168115,0.9566820685978319
0.02,8,19,use_time_revalidation,0.0,0.0,1.0
0.02,8,19,fixed_window_revalidation,0.05502524941495258,0.01448373911498134,0.9855162608850186
0.02,8,19,adaptive_cached,0.0,0.0,1.0
0.02,8,19,progressive_refresh,0.0,0.0,1.0
0.02,8,20,cached_verdict,0.21758420296194464,0.043018501632496986,0.956981498367503
0.02,8,20,use_time_revalidation,0.0,0.0,1.0
0.02,8,20,fixed_window_revalidation,0.05733300006248828,0.014427743624437451,0.9855722563755626
0.02,8,20,adaptive_cached,0.0,0.0,1.0
0.02,8,20,progressive_refresh,0.0,0.0,1.0
0.02,8,21,cached_verdict,0.21887050628187585,0.04150698661635517,0.9584930133836448
0.02,8,21,use_time_revalidation,0.0,0.0,1.0
0.02,8,21,fixed_window_revalidation,0.05622589874362483,0.013501562407876894,0.9864984375921231
0.02,8,21,adaptive_cached,0.0,0.0,1.0
0.02,8,21,progressive_refresh,0.0,0.0,1.0
0.02,8,22,cached_verdict,0.2179300517332177,0.043163661601618455,0.9568363383983816
0.02,8,22,use_time_revalidation,0.0,0.0,1.0
0.02,8,22,fixed_window_revalidation,0.05826957033549147,0.013895657053411893,0.9861043429465881
0.02,8,22,adaptive_cached,0.0,0.0,1.0
0.02,8,22,progressive_refresh,0.0,0.0,1.0
0.02,8,23,cached_verdict,0.21686408100759447,0.04151287443201035,0.9584871255679897
0.02,8,23,use_time_revalidation,0.0,0.0,1.0
0.02,8,23,fixed_window_revalidation,0.057442885270494105,0.014352307986412365,0.9856476920135876
0.02,8,23,adaptive_cached,0.0,0.0,1.0
0.02,8,23,progressive_refresh,0.0,0.0,1.0
0.02,8,24,cached_verdict,0.21283362434522324,0.04272170533506065,0.9572782946649393
0.02,8,24,use_time_revalidation,0.0,0.0,1.0
0.02,8,24,fixed_window_revalidation,0.05593664255425293,0.014073725120716052,0.985926274879284
0.02,8,24,adaptive_cached,0.0,0.0,1.0
0.02,8,24,progressive_refresh,0.0,0.0,1.0
0.02,8,25,cached_verdict,0.2179603594576823,0.04287204501711649,0.9571279549828835
0.02,8,25,use_time_revalidation,0.0,0.0,1.0
0.02,8,25,fixed_window_revalidation,0.05573472774524846,0.014545347692578934,0.985454652307421
0.02,8,25,adaptive_cached,0.0,0.0,1.0
0.02,8,25,progressive_refresh,0.0,0.0,1.0
0.02,8,26,cached_verdict,0.21901829040686824,0.041575782585627545,0.9584242174143724
0.02,8,26,use_time_revalidation,0.0,0.0,1.0
0.02,8,26,fixed_window_revalidation,0.05673758865248227,0.014561103578376467,0.9854388964216235
0.02,8,26,adaptive_cached,0.0,0.0,1.0
0.02,8,26,progressive_refresh,0.0,0.0,1.0
0.02,8,27,cached_verdict,0.21866516896002997,0.04150049300231049,0.9584995069976895
0.02,8,27,use_time_revalidation,0.0,0.0,1.0
0.02,8,27,fixed_window_revalidation,0.05744328996224531,0.013583317390472546,0.9864166826095274
0.02,8,27,adaptive_cached,0.0,0.0,1.0
0.02,8,27,progressive_refresh,0.0,0.0,1.0
0.02,8,28,cached_verdict,0.21633402870753807,0.04129163413520322,0.9587083658647968
0.02,8,28,use_time_revalidation,0.0,0.0,1.0
0.02,8,28,fixed_window_revalidation,0.05607622131581406,0.013685311491831534,0.9863146885081685
0.02,8,28,adaptive_cached,0.0,0.0,1.0
0.02,8,28,progressive_refresh,0.0,0.0,1.0
0.02,8,29,cached_verdict,0.2184004735645076,0.04306142585747316,0.9569385741425268
0.02,8,29,use_time_revalidation,0.0,0.0,1.0
0.02,8,29,fixed_window_revalidation,0.05732622986571954,0.014417625141746314,0.9855823748582537
0.02,8,29,adaptive_cached,0.0,0.0,1.0
0.02,8,29,progressive_refresh,0.0,0.0,1.0
0.02,16,0,cached_verdict,0.326239308904717,0.06904875386294798,0.930951246137052
0.02,16,0,use_time_revalidation,0.0,0.0,1.0
0.02,16,0,fixed_window_revalidation,0.023255813953488372,0.008056456696545256,0.9919435433034547
0.02,16,0,adaptive_cached,0.0,0.0,1.0
0.02,16,0,progressive_refresh,0.0,0.0,1.0
0.02,16,1,cached_verdict,0.3246309069144388,0.0692608682256524,0.9307391317743476
0.02,16,1,use_time_revalidation,0.0,0.0,1.0
0.02,16,1,fixed_window_revalidation,0.022829618651313915,0.00793357365129248,0.9920664263487076
0.02,16,1,adaptive_cached,0.0,0.0,1.0
0.02,16,1,progressive_refresh,0.0,0.0,1.0
0.02,16,2,cached_verdict,0.3242911396019531,0.07026885609196817,0.9297311439080318
0.02,16,2,use_time_revalidation,0.0,0.0,1.0
0.02,16,2,fixed_window_revalidation,0.023642957082893122,0.007879468751442773,0.9921205312485573
0.02,16,2,adaptive_cached,0.0,0.0,1.0
0.02,16,2,progressive_refresh,0.0,0.0,1.0
0.02,16,3,cached_verdict,0.32394204561755846,0.06906132473712487,0.9309386752628751
0.02,16,3,use_time_revalidation,0.0,0.0,1.0
0.02,16,3,fixed_window_revalidation,0.023124372399942618,0.0074756312840586385,0.9925243687159414
0.02,16,3,adaptive_cached,0.0,0.0,1.0
0.02,16,3,progressive_refresh,0.0,0.0,1.0
0.02,16,4,cached_verdict,0.3247904669593477,0.06829734142509473,0.9317026585749053
0.02,16,4,use_time_revalidation,0.0,0.0,1.0
0.02,16,4,fixed_window_revalidation,0.024146188494212895,0.007840177443701673,0.9921598225562983
0.02,16,4,adaptive_cached,0.0,0.0,1.0
0.02,16,4,progressive_refresh,0.0,0.0,1.0
0.02,16,5,cached_verdict,0.3271398987574781,0.06949043414275202,0.930509565857248
0.02,16,5,use_time_revalidation,0.0,0.0,1.0
0.02,16,5,fixed_window_revalidation,0.023527381500230097,0.007618960019622271,0.9923810399803777
0.02,16,5,adaptive_cached,0.0,0.0,1.0
0.02,16,5,progressive_refresh,0.0,0.0,1.0
0.02,16,6,cached_verdict,0.3239113608347906,0.06830781516347498,0.931692184836525
0.02,16,6,use_time_revalidation,0.0,0.0,1.0
0.02,16,6,fixed_window_revalidation,0.023392483444657858,0.008215980465930556,0.9917840195340695
0.02,16,6,adaptive_cached,0.0,0.0,1.0
0.02,16,6,progressive_refresh,0.0,0.0,1.0
0.02,16,7,cached_verdict,0.32331662299191066,0.0689761449793503,0.9310238550206497
0.02,16,7,use_time_revalidation,0.0,0.0,1.0
0.02,16,7,fixed_window_revalidation,0.02352740116212829,0.008367749491462738,0.9916322505085373
0.02,16,7,adaptive_cached,0.0,0.0,1.0
0.02,16,7,progressive_refresh,0.0,0.0,1.0
0.02,16,8,cached_verdict,0.3260738572781269,0.06881149365301079,0.9311885063469892
0.02,16,8,use_time_revalidation,0.0,0.0,1.0
0.02,16,8,fixed_window_revalidation,0.022495767696766235,0.007920305760640992,0.992079694239359
0.02,16,8,adaptive_cached,0.0,0.0,1.0
0.02,16,8,progressive_refresh,0.0,0.0,1.0
0.02,16,9,cached_verdict,0.3246159157604005,0.06885135342264186,0.9311486465773582
0.02,16,9,use_time_revalidation,0.0,0.0,1.0
0.02,16,9,fixed_window_revalidation,0.022671039760630646,0.009073909444836149,0.9909260905551639
0.02,16,9,adaptive_cached,0.0,0.0,1.0
0.02,16,9,progressive_refresh,0.0,0.0,1.0
0.02,16,10,cached_verdict,0.32576130733346853,0.06798295844976866,0.9320170415502314
0.02,16,10,use_time_revalidation,0.0,0.0,1.0
0.02,16,10,fixed_window_revalidation,0.02277402717816475,0.008032128514056224,0.9919678714859438
0.02,16,10,adaptive_cached,0.0,0.0,1.0
0.02,16,10,progressive_refresh,0.0,0.0,1.0
0.02,16,11,cached_verdict,0.3226866532141828,0.06939212984229061,0.9306078701577094
0.02,16,11,use_time_revalidation,0.0,0.0,1.0
0.02,16,11,fixed_window_revalidation,0.023090227731334678,0.007303628847037207,0.9926963711529628
0.02,16,11,adaptive_cached,0.0,0.0,1.0
0.02,16,11,progressive_refresh,0.0,0.0,1.0
0.02,16,12,cached_verdict,0.32425488180883866,0.06846025980422336,0.9315397401957767
0.02,16,12,use_time_revalidation,0.0,0.0,1.0
0.02,16,12,fixed_window_revalidation,0.022924517528834076,0.007926491411685034,0.992073508588315
0.02,16,12,adaptive_cached,0.0,0.0,1.0
0.02,16,12,progressive_refresh,0.0,0.0,1.0
0.02,16,13,cached_verdict,0.32328547732082596,0.06982501460774364,0.9301749853922564
0.02,16,13,use_time_revalidation,0.0,0.0,1.0
0.02,16,13,fixed_window_revalidation,0.0228507693187668,0.007965064427837747,0.9920349355721623
0.02,16,13,adaptive_cached,0.0,0.0,1.0
0.02,16,13,progressive_refresh,0.0,0.0,1.0
0.02,16,14,cached_verdict,0.32949361313868614,0.06958477082306555,0.9304152291769344
0.02,16,14,use_time_revalidation,0.0,0.0,1.0
0.02,16,14,fixed_window_revalidation,0.022895757299270073,0.00845551996057171,0.9915444800394283
0.02,16,14,adaptive_cached,0.0,0.0,1.0
0.02,16,14,progressive_refresh,0.0,0.0,1.0
0.02,16,15,cached_verdict,0.32155466888652867,0.0699630158218621,0.930036984178138
0.02,16,15,use_time_revalidation,0.0,0.0,1.0
0.02,16,15,fixed_window_revalidation,0.024485460860579268,0.008348295812040576,0.9916517041879594
0.02,16,15,adaptive_cached,0.0,0.0,1.0
0.02,16,15,progressive_refresh,0.0,0.0,1.0
0.02,16,16,cached_verdict,0.3257837713231904,0.06770705709384954,0.9322929429061505
0.02,16,16,use_time_revalidation,0.0,0.0,1.0
0.02,16,16,fixed_window_revalidation,0.022130013831258646,0.008377235971575595,0.9916227640284244
0.02,16,16,adaptive_cached,0.0,0.0,1.0
0.02,16,16,progressive_refresh,0.0,0.0,1.0
0.02,16,17,cached_verdict,0.3257573594495046,0.0683780414608246,0.9316219585391754
0.02,16,17,use_time_revalidation,0.0,0.0,1.0
0.02,16,17,fixed_window_revalidation,0.022642263655312224,0.00804900195453776,0.9919509980454623
0.02,16,17,adaptive_cached,0.0,0.0,1.0
0.02,16,17,progressive_refresh,0.0,0.0,1.0
0.02,16,18,cached_verdict,0.32589438793004916,0.06919574180050458,0.9308042581994954
0.02,16,18,use_time_revalidation,0.0,0.0,1.0
0.02,16,18,fixed_window_revalidation,0.022488284375357184,0.0075995323364716014,0.9924004676635284
0.02,16,18,adaptive_cached,0.0,0.0,1.0
0.02,16,18,progressive_refresh,0.0,0.0,1.0
0.02,16,19,cached_verdict,0.32270961522102815,0.07002610724051102,0.9299738927594889
0.02,16,19,use_time_revalidation,0.0,0.0,1.0
0.02,16,19,fixed_window_revalidation,0.024073496469787622,0.008434646934330249,0.9915653530656697
0.02,16,19,adaptive_cached,0.0,0.0,1.0
0.02,16,19,progressive_refresh,0.0,0.0,1.0
0.02,16,20,cached_verdict,0.3250409824278853,0.06895705897683546,0.9310429410231645
0.02,16,20,use_time_revalidation,0.0,0.0,1.0
0.02,16,20,fixed_window_revalidation,0.02352535158609186,0.007787947078753315,0.9922120529212467
0.02,16,20,adaptive_cached,0.0,0.0,1.0
0.02,16,20,progressive_refresh,0.0,0.0,1.0
0.02,16,21,cached_verdict,0.3267588625973951,0.06927429123414956,0.9307257087658505
0.02,16,21,use_time_revalidation,0.0,0.0,1.0
0.02,16,21,fixed_window_revalidation,0.024697392254391767,0.007819807111424585,0.9921801928885754
0.02,16,21,adaptive_cached,0.0,0.0,1.0
0.02,16,21,progressive_refresh,0.0,0.0,1.0
0.02,16,22,cached_verdict,0.3281201036948409,0.07063500624065827,0.9293649937593418
0.02,16,22,use_time_revalidation,0.0,0.0,1.0
0.02,16,22,fixed_window_revalidation,0.02267612454775945,0.007935651879131547,0.9920643481208684
0.02,16,22,adaptive_cached,0.0,0.0,1.0
0.02,16,22,progressive_refresh,0.0,0.0,1.0
0.02,16,23,cached_verdict,0.3268032056990205,0.06818844248086275,0.9318115575191372
0.02,16,23,use_time_revalidation,0.0,0.0,1.0
0.02,16,23,fixed_window_revalidation,0.02458851578433344,0.007654900516974243,0.9923450994830257
0.02,16,23,adaptive_cached,0.0,0.0,1.0
0.02,16,23,progressive_refresh,0.0,0.0,1.0
0.02,16,24,cached_verdict,0.3215824857783141,0.06956161609964107,0.9304383839003589
0.02,16,24,use_time_revalidation,0.0,0.0,1.0
0.02,16,24,fixed_window_revalidation,0.023645348503131644,0.008006871798018223,0.9919931282019818
0.02,16,24,adaptive_cached,0.0,0.0,1.0
0.02,16,24,progressive_refresh,0.0,0.0,1.0
0.02,16,25,cached_verdict,0.32633121641426477,0.06826582414380147,0.9317341758561986
0.02,16,25,use_time_revalidation,0.0,0.0,1.0
0.02,16,25,fixed_window_revalidation,0.02278801114974568,0.00756123372340915,0.9924387662765909
0.02,16,25,adaptive_cached,0.0,0.0,1.0
0.02,16,25,progressive_refresh,0.0,0.0,1.0
0.02,16,26,cached_verdict,0.3278425530695849,0.06859416527122732,0.9314058347287727
0.02,16,26,use_time_revalidation,0.0,0.0,1.0
0.02,16,26,fixed_window_revalidation,0.022230498180880624,0.007589141689582597,0.9924108583104174
0.02,16,26,adaptive_cached,0.0,0.0,1.0
0.02,16,26,progressive_refresh,0.0,0.0,1.0
0.02,16,27,cached_verdict,0.32742092876413526,0.06794253967279536,0.9320574603272046
0.02,16,27,use_time_revalidation,0.0,0.0,1.0
0.02,16,27,fixed_window_revalidation,0.024022731186499054,0.007689002117928727,0.9923109978820712
0.02,16,27,adaptive_cached,0.0,0.0,1.0
0.02,16,27,progressive_refresh,0.0,0.0,1.0
0.02,16,28,cached_verdict,0.3264996420901933,0.06838263542066846,0.9316173645793315
0.02,16,28,use_time_revalidation,0.0,0.0,1.0
0.02,16,28,fixed_window_revalidation,0.02290622763063708,0.007913945447560506,0.9920860545524395
0.02,16,28,adaptive_cached,0.0,0.0,1.0
0.02,16,28,progressive_refresh,0.0,0.0,1.0
0.02,16,29,cached_verdict,0.3284422110552764,0.07094744917529727,0.9290525508247027
0.02,16,29,use_time_revalidation,0.0,0.0,1.0
0.02,16,29,fixed_window_revalidation,0.02377602297200287,0.00840813195243575,0.9915918680475643
0.02,16,29,adaptive_cached,0.0,0.0,1.0
0.02,16,29,progressive_refresh,0.0,0.0,1.0
0.05,0,0,cached_verdict,0.0,0.0,1.0
0.05,0,0,use_time_revalidation,0.0,0.0,1.0
0.05,0,0,fixed_window_revalidation,0.0,0.0,1.0
0.05,0,0,adaptive_cached,0.0,0.0,1.0
0.05,0,0,progressive_refresh,0.0,0.0,1.0
0.05,0,1,cached_verdict,0.0,0.0,1.0
0.05,0,1,use_time_revalidation,0.0,0.0,1.0
0.05,0,1,fixed_window_revalidation,0.0,0.0,1.0
0.05,0,1,adaptive_cached,0.0,0.0,1.0
0.05,0,1,progressive_refresh,0.0,0.0,1.0
0.05,0,2,cached_verdict,0.0,0.0,1.0
0.05,0,2,use_time_revalidation,0.0,0.0,1.0
0.05,0,2,fixed_window_revalidation,0.0,0.0,1.0
0.05,0,2,adaptive_cached,0.0,0.0,1.0
0.05,0,2,progressive_refresh,0.0,0.0,1.0
0.05,0,3,cached_verdict,0.0,0.0,1.0
0.05,0,3,use_time_revalidation,0.0,0.0,1.0
0.05,0,3,fixed_window_revalidation,0.0,0.0,1.0
0.05,0,3,adaptive_cached,0.0,0.0,1.0
0.05,0,3,progressive_refresh,0.0,0.0,1.0
0.05,0,4,cached_verdict,0.0,0.0,1.0
0.05,0,4,use_time_revalidation,0.0,0.0,1.0
0.05,0,4,fixed_window_revalidation,0.0,0.0,1.0
0.05,0,4,adaptive_cached,0.0,0.0,1.0
0.05,0,4,progressive_refresh,0.0,0.0,1.0
0.05,0,5,cached_verdict,0.0,0.0,1.0
0.05,0,5,use_time_revalidation,0.0,0.0,1.0
0.05,0,5,fixed_window_revalidation,0.0,0.0,1.0
0.05,0,5,adaptive_cached,0.0,0.0,1.0
0.05,0,5,progressive_refresh,0.0,0.0,1.0
0.05,0,6,cached_verdict,0.0,0.0,1.0
0.05,0,6,use_time_revalidation,0.0,0.0,1.0
0.05,0,6,fixed_window_revalidation,0.0,0.0,1.0
0.05,0,6,adaptive_cached,0.0,0.0,1.0
0.05,0,6,progressive_refresh,0.0,0.0,1.0
0.05,0,7,cached_verdict,0.0,0.0,1.0
0.05,0,7,use_time_revalidation,0.0,0.0,1.0
0.05,0,7,fixed_window_revalidation,0.0,0.0,1.0
0.05,0,7,adaptive_cached,0.0,0.0,1.0
0.05,0,7,progressive_refresh,0.0,0.0,1.0
0.05,0,8,cached_verdict,0.0,0.0,1.0
0.05,0,8,use_time_revalidation,0.0,0.0,1.0
0.05,0,8,fixed_window_revalidation,0.0,0.0,1.0
0.05,0,8,adaptive_cached,0.0,0.0,1.0
0.05,0,8,progressive_refresh,0.0,0.0,1.0
0.05,0,9,cached_verdict,0.0,0.0,1.0
0.05,0,9,use_time_revalidation,0.0,0.0,1.0
0.05,0,9,fixed_window_revalidation,0.0,0.0,1.0
0.05,0,9,adaptive_cached,0.0,0.0,1.0
0.05,0,9,progressive_refresh,0.0,0.0,1.0
0.05,0,10,cached_verdict,0.0,0.0,1.0
0.05,0,10,use_time_revalidation,0.0,0.0,1.0
0.05,0,10,fixed_window_revalidation,0.0,0.0,1.0
0.05,0,10,adaptive_cached,0.0,0.0,1.0
0.05,0,10,progressive_refresh,0.0,0.0,1.0
0.05,0,11,cached_verdict,0.0,0.0,1.0
0.05,0,11,use_time_revalidation,0.0,0.0,1.0
0.05,0,11,fixed_window_revalidation,0.0,0.0,1.0
0.05,0,11,adaptive_cached,0.0,0.0,1.0
0.05,0,11,progressive_refresh,0.0,0.0,1.0
0.05,0,12,cached_verdict,0.0,0.0,1.0
0.05,0,12,use_time_revalidation,0.0,0.0,1.0
0.05,0,12,fixed_window_revalidation,0.0,0.0,1.0
0.05,0,12,adaptive_cached,0.0,0.0,1.0
0.05,0,12,progressive_refresh,0.0,0.0,1.0
0.05,0,13,cached_verdict,0.0,0.0,1.0
0.05,0,13,use_time_revalidation,0.0,0.0,1.0
0.05,0,13,fixed_window_revalidation,0.0,0.0,1.0
0.05,0,13,adaptive_cached,0.0,0.0,1.0
0.05,0,13,progressive_refresh,0.0,0.0,1.0
0.05,0,14,cached_verdict,0.0,0.0,1.0
0.05,0,14,use_time_revalidation,0.0,0.0,1.0
0.05,0,14,fixed_window_revalidation,0.0,0.0,1.0
0.05,0,14,adaptive_cached,0.0,0.0,1.0
0.05,0,14,progressive_refresh,0.0,0.0,1.0
0.05,0,15,cached_verdict,0.0,0.0,1.0
0.05,0,15,use_time_revalidation,0.0,0.0,1.0
0.05,0,15,fixed_window_revalidation,0.0,0.0,1.0
0.05,0,15,adaptive_cached,0.0,0.0,1.0
0.05,0,15,progressive_refresh,0.0,0.0,1.0
0.05,0,16,cached_verdict,0.0,0.0,1.0
0.05,0,16,use_time_revalidation,0.0,0.0,1.0
0.05,0,16,fixed_window_revalidation,0.0,0.0,1.0
0.05,0,16,adaptive_cached,0.0,0.0,1.0
0.05,0,16,progressive_refresh,0.0,0.0,1.0
0.05,0,17,cached_verdict,0.0,0.0,1.0
0.05,0,17,use_time_revalidation,0.0,0.0,1.0
0.05,0,17,fixed_window_revalidation,0.0,0.0,1.0
0.05,0,17,adaptive_cached,0.0,0.0,1.0
0.05,0,17,progressive_refresh,0.0,0.0,1.0
0.05,0,18,cached_verdict,0.0,0.0,1.0
0.05,0,18,use_time_revalidation,0.0,0.0,1.0
0.05,0,18,fixed_window_revalidation,0.0,0.0,1.0
0.05,0,18,adaptive_cached,0.0,0.0,1.0
0.05,0,18,progressive_refresh,0.0,0.0,1.0
0.05,0,19,cached_verdict,0.0,0.0,1.0
0.05,0,19,use_time_revalidation,0.0,0.0,1.0
0.05,0,19,fixed_window_revalidation,0.0,0.0,1.0
0.05,0,19,adaptive_cached,0.0,0.0,1.0
0.05,0,19,progressive_refresh,0.0,0.0,1.0
0.05,0,20,cached_verdict,0.0,0.0,1.0
0.05,0,20,use_time_revalidation,0.0,0.0,1.0
0.05,0,20,fixed_window_revalidation,0.0,0.0,1.0
0.05,0,20,adaptive_cached,0.0,0.0,1.0
0.05,0,20,progressive_refresh,0.0,0.0,1.0
0.05,0,21,cached_verdict,0.0,0.0,1.0
0.05,0,21,use_time_revalidation,0.0,0.0,1.0
0.05,0,21,fixed_window_revalidation,0.0,0.0,1.0
0.05,0,21,adaptive_cached,0.0,0.0,1.0
0.05,0,21,progressive_refresh,0.0,0.0,1.0
0.05,0,22,cached_verdict,0.0,0.0,1.0
0.05,0,22,use_time_revalidation,0.0,0.0,1.0
0.05,0,22,fixed_window_revalidation,0.0,0.0,1.0
0.05,0,22,adaptive_cached,0.0,0.0,1.0
0.05,0,22,progressive_refresh,0.0,0.0,1.0
0.05,0,23,cached_verdict,0.0,0.0,1.0
0.05,0,23,use_time_revalidation,0.0,0.0,1.0
0.05,0,23,fixed_window_revalidation,0.0,0.0,1.0
0.05,0,23,adaptive_cached,0.0,0.0,1.0
0.05,0,23,progressive_refresh,0.0,0.0,1.0
0.05,0,24,cached_verdict,0.0,0.0,1.0
0.05,0,24,use_time_revalidation,0.0,0.0,1.0
0.05,0,24,fixed_window_revalidation,0.0,0.0,1.0
0.05,0,24,adaptive_cached,0.0,0.0,1.0
0.05,0,24,progressive_refresh,0.0,0.0,1.0
0.05,0,25,cached_verdict,0.0,0.0,1.0
0.05,0,25,use_time_revalidation,0.0,0.0,1.0
0.05,0,25,fixed_window_revalidation,0.0,0.0,1.0
0.05,0,25,adaptive_cached,0.0,0.0,1.0
0.05,0,25,progressive_refresh,0.0,0.0,1.0
0.05,0,26,cached_verdict,0.0,0.0,1.0
0.05,0,26,use_time_revalidation,0.0,0.0,1.0
0.05,0,26,fixed_window_revalidation,0.0,0.0,1.0
0.05,0,26,adaptive_cached,0.0,0.0,1.0
0.05,0,26,progressive_refresh,0.0,0.0,1.0
0.05,0,27,cached_verdict,0.0,0.0,1.0
0.05,0,27,use_time_revalidation,0.0,0.0,1.0
0.05,0,27,fixed_window_revalidation,0.0,0.0,1.0
0.05,0,27,adaptive_cached,0.0,0.0,1.0
0.05,0,27,progressive_refresh,0.0,0.0,1.0
0.05,0,28,cached_verdict,0.0,0.0,1.0
0.05,0,28,use_time_revalidation,0.0,0.0,1.0
0.05,0,28,fixed_window_revalidation,0.0,0.0,1.0
0.05,0,28,adaptive_cached,0.0,0.0,1.0
0.05,0,28,progressive_refresh,0.0,0.0,1.0
0.05,0,29,cached_verdict,0.0,0.0,1.0
0.05,0,29,use_time_revalidation,0.0,0.0,1.0
0.05,0,29,fixed_window_revalidation,0.0,0.0,1.0
0.05,0,29,adaptive_cached,0.0,0.0,1.0
0.05,0,29,progressive_refresh,0.0,0.0,1.0
0.05,1,0,cached_verdict,0.0896549397915472,0.01501002089463136,0.9849899791053687
0.05,1,0,use_time_revalidation,0.0,0.0,1.0
0.05,1,0,fixed_window_revalidation,0.0896549397915472,0.01501002089463136,0.9849899791053687
0.05,1,0,adaptive_cached,0.0,0.0,1.0
0.05,1,0,progressive_refresh,0.0896549397915472,0.01501002089463136,0.9849899791053687
0.05,1,1,cached_verdict,0.08990955246965468,0.0160121834925063,0.9839878165074937
0.05,1,1,use_time_revalidation,0.0,0.0,1.0
0.05,1,1,fixed_window_revalidation,0.08990955246965468,0.0160121834925063,0.9839878165074937
0.05,1,1,adaptive_cached,0.0,0.0,1.0
0.05,1,1,progressive_refresh,0.08990955246965468,0.0160121834925063,0.9839878165074937
0.05,1,2,cached_verdict,0.08845960020157903,0.015633231294938422,0.9843667687050616
0.05,1,2,use_time_revalidation,0.0,0.0,1.0
0.05,1,2,fixed_window_revalidation,0.08845960020157903,0.015633231294938422,0.9843667687050616
0.05,1,2,adaptive_cached,0.0,0.0,1.0
0.05,1,2,progressive_refresh,0.08845960020157903,0.015633231294938422,0.9843667687050616
0.05,1,3,cached_verdict,0.08673003416432704,0.01510569728977668,0.9848943027102233
0.05,1,3,use_time_revalidation,0.0,0.0,1.0
0.05,1,3,fixed_window_revalidation,0.08673003416432704,0.01510569728977668,0.9848943027102233
0.05,1,3,adaptive_cached,0.0,0.0,1.0
0.05,1,3,progressive_refresh,0.08673003416432704,0.01510569728977668,0.9848943027102233
0.05,1,4,cached_verdict,0.08805329185405607,0.016328964743635252,0.9836710352563648
0.05,1,4,use_time_revalidation,0.0,0.0,1.0
0.05,1,4,fixed_window_revalidation,0.08805329185405607,0.016328964743635252,0.9836710352563648
0.05,1,4,adaptive_cached,0.0,0.0,1.0
0.05,1,4,progressive_refresh,0.08805329185405607,0.016328964743635252,0.9836710352563648
0.05,1,5,cached_verdict,0.08698606863744479,0.014978035992631429,0.9850219640073685
0.05,1,5,use_time_revalidation,0.0,0.0,1.0
0.05,1,5,fixed_window_revalidation,0.08698606863744479,0.014978035992631429,0.9850219640073685
0.05,1,5,adaptive_cached,0.0,0.0,1.0
0.05,1,5,progressive_refresh,0.08698606863744479,0.014978035992631429,0.9850219640073685
0.05,1,6,cached_verdict,0.08884004058167061,0.015462161010932842,0.9845378389890671
0.05,1,6,use_time_revalidation,0.0,0.0,1.0
0.05,1,6,fixed_window_revalidation,0.08884004058167061,0.015462161010932842,0.9845378389890671
0.05,1,6,adaptive_cached,0.0,0.0,1.0
0.05,1,6,progressive_refresh,0.08884004058167061,0.015462161010932842,0.9845378389890671
0.05,1,7,cached_verdict,0.08779255766964135,0.016286181637152407,0.9837138183628475
0.05,1,7,use_time_revalidation,0.0,0.0,1.0
0.05,1,7,fixed_window_revalidation,0.08779255766964135,0.016286181637152407,0.9837138183628475
0.05,1,7,adaptive_cached,0.0,0.0,1.0
0.05,1,7,progressive_refresh,0.08779255766964135,0.016286181637152407,0.9837138183628475
0.05,1,8,cached_verdict,0.0901242509394996,0.01554007067538992,0.9844599293246101
0.05,1,8,use_time_revalidation,0.0,0.0,1.0
0.05,1,8,fixed_window_revalidation,0.0901242509394996,0.01554007067538992,0.9844599293246101
0.05,1,8,adaptive_cached,0.0,0.0,1.0
0.05,1,8,progressive_refresh,0.0901242509394996,0.01554007067538992,0.9844599293246101
0.05,1,9,cached_verdict,0.09013559322033898,0.01597163120567376,0.9840283687943262
0.05,1,9,use_time_revalidation,0.0,0.0,1.0
0.05,1,9,fixed_window_revalidation,0.09013559322033898,0.01597163120567376,0.9840283687943262
0.05,1,9,adaptive_cached,0.0,0.0,1.0
0.05,1,9,progressive_refresh,0.09013559322033898,0.01597163120567376,0.9840283687943262
0.05,1,10,cached_verdict,0.08848588537211291,0.015302013422818792,0.9846979865771812
0.05,1,10,use_time_revalidation,0.0,0.0,1.0
0.05,1,10,fixed_window_revalidation,0.08848588537211291,0.015302013422818792,0.9846979865771812
0.05,1,10,adaptive_cached,0.0,0.0,1.0
0.05,1,10,progressive_refresh,0.08848588537211291,0.015302013422818792,0.9846979865771812
0.05,1,11,cached_verdict,0.08713495912898958,0.01579760908717047,0.9842023909128296
0.05,1,11,use_time_revalidation,0.0,0.0,1.0
0.05,1,11,fixed_window_revalidation,0.08713495912898958,0.01579760908717047,0.9842023909128296
0.05,1,11,adaptive_cached,0.0,0.0,1.0
0.05,1,11,progressive_refresh,0.08713495912898958,0.01579760908717047,0.9842023909128296
0.05,1,12,cached_verdict,0.0868198715782359,0.01558017327084221,0.9844198267291578
0.05,1,12,use_time_revalidation,0.0,0.0,1.0
0.05,1,12,fixed_window_revalidation,0.0868198715782359,0.01558017327084221,0.9844198267291578
0.05,1,12,adaptive_cached,0.0,0.0,1.0
0.05,1,12,progressive_refresh,0.0868198715782359,0.01558017327084221,0.9844198267291578
0.05,1,13,cached_verdict,0.08666194761856609,0.01573941108725634,0.9842605889127437
0.05,1,13,use_time_revalidation,0.0,0.0,1.0
0.05,1,13,fixed_window_revalidation,0.08666194761856609,0.01573941108725634,0.9842605889127437
0.05,1,13,adaptive_cached,0.0,0.0,1.0
0.05,1,13,progressive_refresh,0.08666194761856609,0.01573941108725634,0.9842605889127437
0.05,1,14,cached_verdict,0.08877178759627077,0.015029263026308312,0.9849707369736916
0.05,1,14,use_time_revalidation,0.0,0.0,1.0
0.05,1,14,fixed_window_revalidation,0.08877178759627077,0.015029263026308312,0.9849707369736916
0.05,1,14,adaptive_cached,0.0,0.0,1.0
0.05,1,14,progressive_refresh,0.08877178759627077,0.015029263026308312,0.9849707369736916
0.05,1,15,cached_verdict,0.09056971816775408,0.016409074089887,0.983590925910113
0.05,1,15,use_time_revalidation,0.0,0.0,1.0
0.05,1,15,fixed_window_revalidation,0.09056971816775408,0.016409074089887,0.983590925910113
0.05,1,15,adaptive_cached,0.0,0.0,1.0
0.05,1,15,progressive_refresh,0.09056971816775408,0.016409074089887,0.983590925910113
0.05,1,16,cached_verdict,0.08801747380635473,0.015516485381688566,0.9844835146183114
0.05,1,16,use_time_revalidation,0.0,0.0,1.0
0.05,1,16,fixed_window_revalidation,0.08801747380635473,0.015516485381688566,0.9844835146183114
0.05,1,16,adaptive_cached,0.0,0.0,1.0
0.05,1,16,progressive_refresh,0.08801747380635473,0.015516485381688566,0.9844835146183114
0.05,1,17,cached_verdict,0.08956436380868564,0.016463942546517733,0.9835360574534823
0.05,1,17,use_time_revalidation,0.0,0.0,1.0
0.05,1,17,fixed_window_revalidation,0.08956436380868564,0.016463942546517733,0.9835360574534823
0.05,1,17,adaptive_cached,0.0,0.0,1.0
0.05,1,17,progressive_refresh,0.08956436380868564,0.016463942546517733,0.9835360574534823
0.05,1,18,cached_verdict,0.0910718508259298,0.01679048823103257,0.9832095117689674
0.05,1,18,use_time_revalidation,0.0,0.0,1.0
0.05,1,18,fixed_window_revalidation,0.0910718508259298,0.01679048823103257,0.9832095117689674
0.05,1,18,adaptive_cached,0.0,0.0,1.0
0.05,1,18,progressive_refresh,0.0910718508259298,0.01679048823103257,0.9832095117689674
0.05,1,19,cached_verdict,0.09040657986747028,0.01576412411210679,0.9842358758878932
0.05,1,19,use_time_revalidation,0.0,0.0,1.0
0.05,1,19,fixed_window_revalidation,0.09040657986747028,0.01576412411210679,0.9842358758878932
0.05,1,19,adaptive_cached,0.0,0.0,1.0
0.05,1,19,progressive_refresh,0.09040657986747028,0.01576412411210679,0.9842358758878932
0.05,1,20,cached_verdict,0.09016809280616904,0.015134950946289381,0.9848650490537106
0.05,1,20,use_time_revalidation,0.0,0.0,1.0
0.05,1,20,fixed_window_revalidation,0.09016809280616904,0.015134950946289381,0.9848650490537106
0.05,1,20,adaptive_cached,0.0,0.0,1.0
0.05,1,20,progressive_refresh,0.09016809280616904,0.015134950946289381,0.9848650490537106
0.05,1,21,cached_verdict,0.09287381202015761,0.01580225178538469,0.9841977482146154
0.05,1,21,use_time_revalidation,0.0,0.0,1.0
0.05,1,21,fixed_window_revalidation,0.09287381202015761,0.01580225178538469,0.9841977482146154
0.05,1,21,adaptive_cached,0.0,0.0,1.0
0.05,1,21,progressive_refresh,0.09287381202015761,0.01580225178538469,0.9841977482146154
0.05,1,22,cached_verdict,0.08900488297693214,0.015887916933361782,0.9841120830666382
0.05,1,22,use_time_revalidation,0.0,0.0,1.0
0.05,1,22,fixed_window_revalidation,0.08900488297693214,0.015887916933361782,0.9841120830666382
0.05,1,22,adaptive_cached,0.0,0.0,1.0
0.05,1,22,progressive_refresh,0.08900488297693214,0.015887916933361782,0.9841120830666382
0.05,1,23,cached_verdict,0.09103532360212686,0.014785804492500674,0.9852141955074993
0.05,1,23,use_time_revalidation,0.0,0.0,1.0
0.05,1,23,fixed_window_revalidation,0.09103532360212686,0.014785804492500674,0.9852141955074993
0.05,1,23,adaptive_cached,0.0,0.0,1.0
0.05,1,23,progressive_refresh,0.09103532360212686,0.014785804492500674,0.9852141955074993
0.05,1,24,cached_verdict,0.0904319741622931,0.01582332517502419,0.9841766748249758
0.05,1,24,use_time_revalidation,0.0,0.0,1.0
0.05,1,24,fixed_window_revalidation,0.0904319741622931,0.01582332517502419,0.9841766748249758
0.05,1,24,adaptive_cached,0.0,0.0,1.0
0.05,1,24,progressive_refresh,0.0904319741622931,0.01582332517502419,0.9841766748249758
0.05,1,25,cached_verdict,0.0928443103623606,0.0160569653470262,0.9839430346529738
0.05,1,25,use_time_revalidation,0.0,0.0,1.0
0.05,1,25,fixed_window_revalidation,0.0928443103623606,0.0160569653470262,0.9839430346529738
0.05,1,25,adaptive_cached,0.0,0.0,1.0
0.05,1,25,progressive_refresh,0.0928443103623606,0.0160569653470262,0.9839430346529738
0.05,1,26,cached_verdict,0.09034921494315105,0.014847831024301613,0.9851521689756984
0.05,1,26,use_time_revalidation,0.0,0.0,1.0
0.05,1,26,fixed_window_revalidation,0.09034921494315105,0.014847831024301613,0.9851521689756984
0.05,1,26,adaptive_cached,0.0,0.0,1.0
0.05,1,26,progressive_refresh,0.09034921494315105,0.014847831024301613,0.9851521689756984
0.05,1,27,cached_verdict,0.08871929406153112,0.015768092966637885,0.9842319070333622
0.05,1,27,use_time_revalidation,0.0,0.0,1.0
0.05,1,27,fixed_window_revalidation,0.08871929406153112,0.015768092966637885,0.9842319070333622
0.05,1,27,adaptive_cached,0.0,0.0,1.0
0.05,1,27,progressive_refresh,0.08871929406153112,0.015768092966637885,0.9842319070333622
0.05,1,28,cached_verdict,0.0865544790073092,0.01562654955018772,0.9843734504498123
0.05,1,28,use_time_revalidation,0.0,0.0,1.0
0.05,1,28,fixed_window_revalidation,0.0865544790073092,0.01562654955018772,0.9843734504498123
0.05,1,28,adaptive_cached,0.0,0.0,1.0
0.05,1,28,progressive_refresh,0.0865544790073092,0.01562654955018772,0.9843734504498123
0.05,1,29,cached_verdict,0.08984771573604061,0.015841022001419448,0.9841589779985805
0.05,1,29,use_time_revalidation,0.0,0.0,1.0
0.05,1,29,fixed_window_revalidation,0.08984771573604061,0.015841022001419448,0.9841589779985805
0.05,1,29,adaptive_cached,0.0,0.0,1.0
0.05,1,29,progressive_refresh,0.08984771573604061,0.015841022001419448,0.9841589779985805
0.05,2,0,cached_verdict,0.1591986838285106,0.0287097288445095,0.9712902711554905
0.05,2,0,use_time_revalidation,0.0,0.0,1.0
0.05,2,0,fixed_window_revalidation,0.1591986838285106,0.0287097288445095,0.9712902711554905
0.05,2,0,adaptive_cached,0.0,0.0,1.0
0.05,2,0,progressive_refresh,0.0,0.0,1.0
0.05,2,1,cached_verdict,0.15766084884394924,0.02950134888173353,0.9704986511182665
0.05,2,1,use_time_revalidation,0.0,0.0,1.0
0.05,2,1,fixed_window_revalidation,0.15766084884394924,0.02950134888173353,0.9704986511182665
0.05,2,1,adaptive_cached,0.0,0.0,1.0
0.05,2,1,progressive_refresh,0.0,0.0,1.0
0.05,2,2,cached_verdict,0.1573592656781565,0.02868888178728102,0.971311118212719
0.05,2,2,use_time_revalidation,0.0,0.0,1.0
0.05,2,2,fixed_window_revalidation,0.1573592656781565,0.02868888178728102,0.971311118212719
0.05,2,2,adaptive_cached,0.0,0.0,1.0
0.05,2,2,progressive_refresh,0.0,0.0,1.0
0.05,2,3,cached_verdict,0.15665374677002583,0.02828794901506373,0.9717120509849363
0.05,2,3,use_time_revalidation,0.0,0.0,1.0
0.05,2,3,fixed_window_revalidation,0.15665374677002583,0.02828794901506373,0.9717120509849363
0.05,2,3,adaptive_cached,0.0,0.0,1.0
0.05,2,3,progressive_refresh,0.0,0.0,1.0
0.05,2,4,cached_verdict,0.15409507167588907,0.028626423723171774,0.9713735762768282
0.05,2,4,use_time_revalidation,0.0,0.0,1.0
0.05,2,4,fixed_window_revalidation,0.15409507167588907,0.028626423723171774,0.9713735762768282
0.05,2,4,adaptive_cached,0.0,0.0,1.0
0.05,2,4,progressive_refresh,0.0,0.0,1.0
0.05,2,5,cached_verdict,0.15726695189939063,0.02786776190200729,0.9721322380979928
0.05,2,5,use_time_revalidation,0.0,0.0,1.0
0.05,2,5,fixed_window_revalidation,0.15726695189939063,0.02786776190200729,0.9721322380979928
0.05,2,5,adaptive_cached,0.0,0.0,1.0
0.05,2,5,progressive_refresh,0.0,0.0,1.0
0.05,2,6,cached_verdict,0.1582233436853002,0.02910780453913849,0.9708921954608615
0.05,2,6,use_time_revalidation,0.0,0.0,1.0
0.05,2,6,fixed_window_revalidation,0.1582233436853002,0.02910780453913849,0.9708921954608615
0.05,2,6,adaptive_cached,0.0,0.0,1.0
0.05,2,6,progressive_refresh,0.0,0.0,1.0
0.05,2,7,cached_verdict,0.1546991691183602,0.03021616065094326,0.9697838393490568
0.05,2,7,use_time_revalidation,0.0,0.0,1.0
0.05,2,7,fixed_window_revalidation,0.1546991691183602,0.03021616065094326,0.9697838393490568
0.05,2,7,adaptive_cached,0.0,0.0,1.0
0.05,2,7,progressive_refresh,0.0,0.0,1.0
0.05,2,8,cached_verdict,0.15932104374918862,0.02987512285367405,0.970124877146326
0.05,2,8,use_time_revalidation,0.0,0.0,1.0
0.05,2,8,fixed_window_revalidation,0.15932104374918862,0.02987512285367405,0.970124877146326
0.05,2,8,adaptive_cached,0.0,0.0,1.0
0.05,2,8,progressive_refresh,0.0,0.0,1.0
0.05,2,9,cached_verdict,0.16006472491909385,0.029131693198263385,0.9708683068017366
0.05,2,9,use_time_revalidation,0.0,0.0,1.0
0.05,2,9,fixed_window_revalidation,0.16006472491909385,0.029131693198263385,0.9708683068017366
0.05,2,9,adaptive_cached,0.0,0.0,1.0
0.05,2,9,progressive_refresh,0.0,0.0,1.0
0.05,2,10,cached_verdict,0.16037366083093807,0.029055690072639227,0.9709443099273608
0.05,2,10,use_time_revalidation,0.0,0.0,1.0
0.05,2,10,fixed_window_revalidation,0.16037366083093807,0.029055690072639227,0.9709443099273608
0.05,2,10,adaptive_cached,0.0,0.0,1.0
0.05,2,10,progressive_refresh,0.0,0.0,1.0
0.05,2,11,cached_verdict,0.156893254238387,0.029196974736446328,0.9708030252635537
0.05,2,11,use_time_revalidation,0.0,0.0,1.0
0.05,2,11,fixed_window_revalidation,0.156893254238387,0.029196974736446328,0.9708030252635537
0.05,2,11,adaptive_cached,0.0,0.0,1.0
0.05,2,11,progressive_refresh,0.0,0.0,1.0
0.05,2,12,cached_verdict,0.15565777964948654,0.029711706759630266,0.9702882932403697
0.05,2,12,use_time_revalidation,0.0,0.0,1.0
0.05,2,12,fixed_window_revalidation,0.15565777964948654,0.029711706759630266,0.9702882932403697
0.05,2,12,adaptive_cached,0.0,0.0,1.0
0.05,2,12,progressive_refresh,0.0,0.0,1.0
0.05,2,13,cached_verdict,0.15667031340498103,0.02893125562229767,0.9710687443777023
0.05,2,13,use_time_revalidation,0.0,0.0,1.0
0.05,2,13,fixed_window_revalidation,0.15667031340498103,0.02893125562229767,0.9710687443777023
0.05,2,13,adaptive_cached,0.0,0.0,1.0
0.05,2,13,progressive_refresh,0.0,0.0,1.0
0.05,2,14,cached_verdict,0.1585558820680079,0.028638477250010865,0.9713615227499891
0.05,2,14,use_time_revalidation,0.0,0.0,1.0
0.05,2,14,fixed_window_revalidation,0.1585558820680079,0.028638477250010865,0.9713615227499891
0.05,2,14,adaptive_cached,0.0,0.0,1.0
0.05,2,14,progressive_refresh,0.0,0.0,1.0
0.05,2,15,cached_verdict,0.1575103412616339,0.03075764596848934,0.9692423540315107
0.05,2,15,use_time_revalidation,0.0,0.0,1.0
0.05,2,15,fixed_window_revalidation,0.1575103412616339,0.03075764596848934,0.9692423540315107
0.05,2,15,adaptive_cached,0.0,0.0,1.0
0.05,2,15,progressive_refresh,0.0,0.0,1.0
0.05,2,16,cached_verdict,0.1565231572080887,0.028237669454860108,0.9717623305451399
0.05,2,16,use_time_revalidation,0.0,0.0,1.0
0.05,2,16,fixed_window_revalidation,0.1565231572080887,0.028237669454860108,0.9717623305451399
0.05,2,16,adaptive_cached,0.0,0.0,1.0
0.05,2,16,progressive_refresh,0.0,0.0,1.0
0.05,2,17,cached_verdict,0.15945954661249234,0.028859673281247736,0.9711403267187523
0.05,2,17,use_time_revalidation,0.0,0.0,1.0
0.05,2,17,fixed_window_revalidation,0.15945954661249234,0.028859673281247736,0.9711403267187523
0.05,2,17,adaptive_cached,0.0,0.0,1.0
0.05,2,17,progressive_refresh,0.0,0.0,1.0
0.05,2,18,cached_verdict,0.16007374583562442,0.030702198804336812,0.9692978011956632
0.05,2,18,use_time_revalidation,0.0,0.0,1.0
0.05,2,18,fixed_window_revalidation,0.16007374583562442,0.030702198804336812,0.9692978011956632
0.05,2,18,adaptive_cached,0.0,0.0,1.0
0.05,2,18,progressive_refresh,0.0,0.0,1.0
0.05,2,19,cached_verdict,0.15991206270311603,0.029906433089456962,0.970093566910543
0.05,2,19,use_time_revalidation,0.0,0.0,1.0
0.05,2,19,fixed_window_revalidation,0.15991206270311603,0.029906433089456962,0.970093566910543
0.05,2,19,adaptive_cached,0.0,0.0,1.0
0.05,2,19,progressive_refresh,0.0,0.0,1.0
0.05,2,20,cached_verdict,0.16037827509149205,0.02954154188909625,0.9704584581109037
0.05,2,20,use_time_revalidation,0.0,0.0,1.0
0.05,2,20,fixed_window_revalidation,0.16037827509149205,0.02954154188909625,0.9704584581109037
0.05,2,20,adaptive_cached,0.0,0.0,1.0
0.05,2,20,progressive_refresh,0.0,0.0,1.0
0.05,2,21,cached_verdict,0.1625711329539576,0.029447533009034053,0.970552466990966
0.05,2,21,use_time_revalidation,0.0,0.0,1.0
0.05,2,21,fixed_window_revalidation,0.1625711329539576,0.029447533009034053,0.970552466990966
0.05,2,21,adaptive_cached,0.0,0.0,1.0
0.05,2,21,progressive_refresh,0.0,0.0,1.0
0.05,2,22,cached_verdict,0.15664245359160614,0.029641434262948206,0.9703585657370518
0.05,2,22,use_time_revalidation,0.0,0.0,1.0
0.05,2,22,fixed_window_revalidation,0.15664245359160614,0.029641434262948206,0.9703585657370518
0.05,2,22,adaptive_cached,0.0,0.0,1.0
0.05,2,22,progressive_refresh,0.0,0.0,1.0
0.05,2,23,cached_verdict,0.16087929189767533,0.028919704440620617,0.9710802955593794
0.05,2,23,use_time_revalidation,0.0,0.0,1.0
0.05,2,23,fixed_window_revalidation,0.16087929189767533,0.028919704440620617,0.9710802955593794
0.05,2,23,adaptive_cached,0.0,0.0,1.0
0.05,2,23,progressive_refresh,0.0,0.0,1.0
0.05,2,24,cached_verdict,0.1567429531936902,0.029841885787096026,0.970158114212904
0.05,2,24,use_time_revalidation,0.0,0.0,1.0
0.05,2,24,fixed_window_revalidation,0.1567429531936902,0.029841885787096026,0.970158114212904
0.05,2,24,adaptive_cached,0.0,0.0,1.0
0.05,2,24,progressive_refresh,0.0,0.0,1.0
0.05,2,25,cached_verdict,0.1593528224493782,0.029892324124592248,0.9701076758754078
0.05,2,25,use_time_revalidation,0.0,0.0,1.0
0.05,2,25,fixed_window_revalidation,0.1593528224493782,0.029892324124592248,0.9701076758754078
0.05,2,25,adaptive_cached,0.0,0.0,1.0
0.05,2,25,progressive_refresh,0.0,0.0,1.0
0.05,2,26,cached_verdict,0.15986691216849178,0.02780875686166592,0.972191243138334
0.05,2,26,use_time_revalidation,0.0,0.0,1.0
0.05,2,26,fixed_window_revalidation,0.15986691216849178,0.02780875686166592,0.972191243138334
0.05,2,26,adaptive_cached,0.0,0.0,1.0
0.05,2,26,progressive_refresh,0.0,0.0,1.0
0.05,2,27,cached_verdict,0.15917822491372013,0.029385445833213057,0.970614554166787
0.05,2,27,use_time_revalidation,0.0,0.0,1.0
0.05,2,27,fixed_window_revalidation,0.15917822491372013,0.029385445833213057,0.970614554166787
0.05,2,27,adaptive_cached,0.0,0.0,1.0
0.05,2,27,progressive_refresh,0.0,0.0,1.0
0.05,2,28,cached_verdict,0.15687037757882444,0.02862429884924536,0.9713757011507547
0.05,2,28,use_time_revalidation,0.0,0.0,1.0
0.05,2,28,fixed_window_revalidation,0.15687037757882444,0.02862429884924536,0.9713757011507547
0.05,2,28,adaptive_cached,0.0,0.0,1.0
0.05,2,28,progressive_refresh,0.0,0.0,1.0
0.05,2,29,cached_verdict,0.15908133847300054,0.02966916923433002,0.97033083076567
0.05,2,29,use_time_revalidation,0.0,0.0,1.0
0.05,2,29,fixed_window_revalidation,0.15908133847300054,0.02966916923433002,0.97033083076567
0.05,2,29,adaptive_cached,0.0,0.0,1.0
0.05,2,29,progressive_refresh,0.0,0.0,1.0
0.05,4,0,cached_verdict,0.2576003852868581,0.050630447153254064,0.949369552846746
0.05,4,0,use_time_revalidation,0.0,0.0,1.0
0.05,4,0,fixed_window_revalidation,0.06637168141592921,0.017715415256521608,0.9822845847434784
0.05,4,0,adaptive_cached,0.0,0.0,1.0
0.05,4,0,progressive_refresh,0.0,0.0,1.0
0.05,4,1,cached_verdict,0.25492030910408114,0.05247338198349085,0.9475266180165092
0.05,4,1,use_time_revalidation,0.0,0.0,1.0
0.05,4,1,fixed_window_revalidation,0.06885414151171215,0.019350400765641824,0.9806495992343581
0.05,4,1,adaptive_cached,0.0,0.0,1.0
0.05,4,1,progressive_refresh,0.0,0.0,1.0
0.05,4,2,cached_verdict,0.25359253592535924,0.05024974875125624,0.9497502512487438
0.05,4,2,use_time_revalidation,0.0,0.0,1.0
0.05,4,2,fixed_window_revalidation,0.06684066840668407,0.01772991135044325,0.9822700886495568
0.05,4,2,adaptive_cached,0.0,0.0,1.0
0.05,4,2,progressive_refresh,0.0,0.0,1.0
0.05,4,3,cached_verdict,0.2565418163160595,0.05129585595286165,0.9487041440471383
0.05,4,3,use_time_revalidation,0.0,0.0,1.0
0.05,4,3,fixed_window_revalidation,0.0672139558748076,0.018469499155039107,0.9815305008449609
0.05,4,3,adaptive_cached,0.0,0.0,1.0
0.05,4,3,progressive_refresh,0.0,0.0,1.0
0.05,4,4,cached_verdict,0.25059065850851153,0.05042844773534769,0.9495715522646523
0.05,4,4,use_time_revalidation,0.0,0.0,1.0
0.05,4,4,fixed_window_revalidation,0.06657781547222391,0.01789926253246947,0.9821007374675306
0.05,4,4,adaptive_cached,0.0,0.0,1.0
0.05,4,4,progressive_refresh,0.0,0.0,1.0
0.05,4,5,cached_verdict,0.25377487467719884,0.050160244465976,0.949839755534024
0.05,4,5,use_time_revalidation,0.0,0.0,1.0
0.05,4,5,fixed_window_revalidation,0.06653501443111044,0.018543638667362302,0.9814563613326377
0.05,4,5,adaptive_cached,0.0,0.0,1.0
0.05,4,5,progressive_refresh,0.0,0.0,1.0
0.05,4,6,cached_verdict,0.25710664493934454,0.051060393048368284,0.9489396069516317
0.05,4,6,use_time_revalidation,0.0,0.0,1.0
0.05,4,6,fixed_window_revalidation,0.07031202848693344,0.017872633184768626,0.9821273668152314
0.05,4,6,adaptive_cached,0.0,0.0,1.0
0.05,4,6,progressive_refresh,0.0,0.0,1.0
0.05,4,7,cached_verdict,0.2523257218799082,0.05200920887400586,0.9479907911259942
0.05,4,7,use_time_revalidation,0.0,0.0,1.0
0.05,4,7,fixed_window_revalidation,0.06693246345294189,0.018223404891466843,0.9817765951085331
0.05,4,7,adaptive_cached,0.0,0.0,1.0
0.05,4,7,progressive_refresh,0.0,0.0,1.0
0.05,4,8,cached_verdict,0.25562564444714014,0.051099573299913464,0.9489004267000866
0.05,4,8,use_time_revalidation,0.0,0.0,1.0
0.05,4,8,fixed_window_revalidation,0.06641596409292169,0.01763494763226211,0.9823650523677379
0.05,4,8,adaptive_cached,0.0,0.0,1.0
0.05,4,8,progressive_refresh,0.0,0.0,1.0
0.05,4,9,cached_verdict,0.25468802236878096,0.05132867341311832,0.9486713265868817
0.05,4,9,use_time_revalidation,0.0,0.0,1.0
0.05,4,9,fixed_window_revalidation,0.06586025590371698,0.01846580324008525,0.9815341967599147
0.05,4,9,adaptive_cached,0.0,0.0,1.0
0.05,4,9,progressive_refresh,0.0,0.0,1.0
0.05,4,10,cached_verdict,0.25979255643685173,0.05144302290984826,0.9485569770901517
0.05,4,10,use_time_revalidation,0.0,0.0,1.0
0.05,4,10,fixed_window_revalidation,0.06799877974374618,0.018193989883963105,0.9818060101160369
0.05,4,10,adaptive_cached,0.0,0.0,1.0
0.05,4,10,progressive_refresh,0.0,0.0,1.0
0.05,4,11,cached_verdict,0.25529926126941055,0.0498241939103763,0.9501758060896237
0.05,4,11,use_time_revalidation,0.0,0.0,1.0
0.05,4,11,fixed_window_revalidation,0.06856625961103573,0.017775117827485597,0.9822248821725144
0.05,4,11,adaptive_cached,0.0,0.0,1.0
0.05,4,11,progressive_refresh,0.0,0.0,1.0
0.05,4,12,cached_verdict,0.2548924861077555,0.05151895706255233,0.9484810429374477
0.05,4,12,use_time_revalidation,0.0,0.0,1.0
0.05,4,12,fixed_window_revalidation,0.06885721188692921,0.018254395407247936,0.9817456045927521
0.05,4,12,adaptive_cached,0.0,0.0,1.0
0.05,4,12,progressive_refresh,0.0,0.0,1.0
0.05,4,13,cached_verdict,0.2544441096715878,0.05175871875467744,0.9482412812453226
0.05,4,13,use_time_revalidation,0.0,0.0,1.0
0.05,4,13,fixed_window_revalidation,0.06779150346489907,0.018170932495135458,0.9818290675048645
0.05,4,13,adaptive_cached,0.0,0.0,1.0
0.05,4,13,progressive_refresh,0.0,0.0,1.0
0.05,4,14,cached_verdict,0.2569639778604482,0.051794971391009456,0.9482050286089906
0.05,4,14,use_time_revalidation,0.0,0.0,1.0
0.05,4,14,fixed_window_revalidation,0.06808214620572846,0.018480063343143553,0.9815199366568564
0.05,4,14,adaptive_cached,0.0,0.0,1.0
0.05,4,14,progressive_refresh,0.0,0.0,1.0
0.05,4,15,cached_verdict,0.2543931282702719,0.052915427939704496,0.9470845720602955
0.05,4,15,use_time_revalidation,0.0,0.0,1.0
0.05,4,15,fixed_window_revalidation,0.0682938632308018,0.018315729716001615,0.9816842702839984
0.05,4,15,adaptive_cached,0.0,0.0,1.0
0.05,4,15,progressive_refresh,0.0,0.0,1.0
0.05,4,16,cached_verdict,0.25611795105639157,0.04990686237985247,0.9500931376201476
0.05,4,16,use_time_revalidation,0.0,0.0,1.0
0.05,4,16,fixed_window_revalidation,0.06484268125854993,0.017122420087921912,0.9828775799120781
0.05,4,16,adaptive_cached,0.0,0.0,1.0
0.05,4,16,progressive_refresh,0.0,0.0,1.0
0.05,4,17,cached_verdict,0.25759585242343863,0.05128396983119837,0.9487160301688016
0.05,4,17,use_time_revalidation,0.0,0.0,1.0
0.05,4,17,fixed_window_revalidation,0.06845309862551242,0.018391595833832156,0.9816084041661678
0.05,4,17,adaptive_cached,0.0,0.0,1.0
0.05,4,17,progressive_refresh,0.0,0.0,1.0
0.05,4,18,cached_verdict,0.25948511520322026,0.05153572874038764,0.9484642712596123
0.05,4,18,use_time_revalidation,0.0,0.0,1.0
0.05,4,18,fixed_window_revalidation,0.06758989455976448,0.017613287164035915,0.9823867128359641
0.05,4,18,adaptive_cached,0.0,0.0,1.0
0.05,4,18,progressive_refresh,0.0,0.0,1.0
0.05,4,19,cached_verdict,0.2566934304390652,0.052874565769884356,0.9471254342301156
0.05,4,19,use_time_revalidation,0.0,0.0,1.0
0.05,4,19,fixed_window_revalidation,0.06653135540100887,0.018857993593695957,0.981142006406304
0.05,4,19,adaptive_cached,0.0,0.0,1.0
0.05,4,19,progressive_refresh,0.0,0.0,1.0
0.05,4,20,cached_verdict,0.2601068808308928,0.051750175690426,0.948249824309574
0.05,4,20,use_time_revalidation,0.0,0.0,1.0
0.05,4,20,fixed_window_revalidation,0.06784215452431992,0.01882504224046412,0.9811749577595359
0.05,4,20,adaptive_cached,0.0,0.0,1.0
0.05,4,20,progressive_refresh,0.0,0.0,1.0
0.05,4,21,cached_verdict,0.2589560804687972,0.05084163004155828,0.9491583699584417
0.05,4,21,use_time_revalidation,0.0,0.0,1.0
0.05,4,21,fixed_window_revalidation,0.06621156285869631,0.01741561276048674,0.9825843872395132
0.05,4,21,adaptive_cached,0.0,0.0,1.0
0.05,4,21,progressive_refresh,0.0,0.0,1.0
0.05,4,22,cached_verdict,0.25635305820999005,0.052374040432759214,0.9476259595672408
0.05,4,22,use_time_revalidation,0.0,0.0,1.0
0.05,4,22,fixed_window_revalidation,0.06821812920145902,0.018809762521136666,0.9811902374788634
0.05,4,22,adaptive_cached,0.0,0.0,1.0
0.05,4,22,progressive_refresh,0.0,0.0,1.0
0.05,4,23,cached_verdict,0.25822562581348185,0.05040096769857981,0.9495990323014202
0.05,4,23,use_time_revalidation,0.0,0.0,1.0
0.05,4,23,fixed_window_revalidation,0.0688016466386173,0.017800875110135447,0.9821991248898646
0.05,4,23,adaptive_cached,0.0,0.0,1.0
0.05,4,23,progressive_refresh,0.0,0.0,1.0
0.05,4,24,cached_verdict,0.2532152390196554,0.05263157894736842,0.9473684210526316
0.05,4,24,use_time_revalidation,0.0,0.0,1.0
0.05,4,24,fixed_window_revalidation,0.0673076923076923,0.019453395393245018,0.980546604606755
0.05,4,24,adaptive_cached,0.0,0.0,1.0
0.05,4,24,progressive_refresh,0.0,0.0,1.0
0.05,4,25,cached_verdict,0.2590651600981491,0.05127707534072758,0.9487229246592724
0.05,4,25,use_time_revalidation,0.0,0.0,1.0
0.05,4,25,fixed_window_revalidation,0.06634152252279543,0.017286420158533492,0.9827135798414665
0.05,4,25,adaptive_cached,0.0,0.0,1.0
0.05,4,25,progressive_refresh,0.0,0.0,1.0
0.05,4,26,cached_verdict,0.25698645052020325,0.05021214294251225,0.9497878570574878
0.05,4,26,use_time_revalidation,0.0,0.0,1.0
0.05,4,26,fixed_window_revalidation,0.06762642148560367,0.018181546551930203,0.9818184534480698
0.05,4,26,adaptive_cached,0.0,0.0,1.0
0.05,4,26,progressive_refresh,0.0,0.0,1.0
0.05,4,27,cached_verdict,0.2572246414324431,0.05165200041690862,0.9483479995830914
0.05,4,27,use_time_revalidation,0.0,0.0,1.0
0.05,4,27,fixed_window_revalidation,0.06720667499010323,0.017599499709652924,0.9824005002903471
0.05,4,27,adaptive_cached,0.0,0.0,1.0
0.05,4,27,progressive_refresh,0.0,0.0,1.0
0.05,4,28,cached_verdict,0.25371594976642603,0.05027299579317958,0.9497270042068204
0.05,4,28,use_time_revalidation,0.0,0.0,1.0
0.05,4,28,fixed_window_revalidation,0.06807013286416308,0.01811021272786944,0.9818897872721306
0.05,4,28,adaptive_cached,0.0,0.0,1.0
0.05,4,28,progressive_refresh,0.0,0.0,1.0
0.05,4,29,cached_verdict,0.25494951944941335,0.051285494725218976,0.9487145052747811
0.05,4,29,use_time_revalidation,0.0,0.0,1.0
0.05,4,29,fixed_window_revalidation,0.06609465482218112,0.018234179387319634,0.9817658206126804
0.05,4,29,adaptive_cached,0.0,0.0,1.0
0.05,4,29,progressive_refresh,0.0,0.0,1.0
0.05,8,0,cached_verdict,0.3646668509814764,0.0793514021619928,0.9206485978380072
0.05,8,0,use_time_revalidation,0.0,0.0,1.0
0.05,8,0,fixed_window_revalidation,0.10116118330107825,0.03684787717374276,0.9631521228262573
0.05,8,0,adaptive_cached,0.0,0.0,1.0
0.05,8,0,progressive_refresh,0.0,0.0,1.0
0.05,8,1,cached_verdict,0.3642823697909494,0.08024429686150754,0.9197557031384924
0.05,8,1,use_time_revalidation,0.0,0.0,1.0
0.05,8,1,fixed_window_revalidation,0.10309306745255736,0.036707330475876467,0.9632926695241235
0.05,8,1,adaptive_cached,0.0,0.0,1.0
0.05,8,1,progressive_refresh,0.0,0.0,1.0
0.05,8,2,cached_verdict,0.36439556805027284,0.08112307354279795,0.9188769264572021
0.05,8,2,use_time_revalidation,0.0,0.0,1.0
0.05,8,2,fixed_window_revalidation,0.10145526707458244,0.03867039141215983,0.9613296085878402
0.05,8,2,adaptive_cached,0.0,0.0,1.0
0.05,8,2,progressive_refresh,0.0,0.0,1.0
0.05,8,3,cached_verdict,0.36216306064215864,0.07885388792388463,0.9211461120761154
0.05,8,3,use_time_revalidation,0.0,0.0,1.0
0.05,8,3,fixed_window_revalidation,0.10131035820151259,0.03545999405348731,0.9645400059465127
0.05,8,3,adaptive_cached,0.0,0.0,1.0
0.05,8,3,progressive_refresh,0.0,0.0,1.0
0.05,8,4,cached_verdict,0.36139216011499975,0.07861999811988844,0.9213800018801116
0.05,8,4,use_time_revalidation,0.0,0.0,1.0
0.05,8,4,fixed_window_revalidation,0.10148172720738652,0.03619214740074578,0.9638078525992542
0.05,8,4,adaptive_cached,0.0,0.0,1.0
0.05,8,4,progressive_refresh,0.0,0.0,1.0
0.05,8,5,cached_verdict,0.3637987828708615,0.08004300539125557,0.9199569946087445
0.05,8,5,use_time_revalidation,0.0,0.0,1.0
0.05,8,5,fixed_window_revalidation,0.1018926916420077,0.037006450808688335,0.9629935491913116
0.05,8,5,adaptive_cached,0.0,0.0,1.0
0.05,8,5,progressive_refresh,0.0,0.0,1.0
0.05,8,6,cached_verdict,0.36657230025011683,0.07837527704858764,0.9216247229514124
0.05,8,6,use_time_revalidation,0.0,0.0,1.0
0.05,8,6,fixed_window_revalidation,0.10197070060192948,0.03554081456214534,0.9644591854378547
0.05,8,6,adaptive_cached,0.0,0.0,1.0
0.05,8,6,progressive_refresh,0.0,0.0,1.0
0.05,8,7,cached_verdict,0.3583172821930045,0.08174268039952008,0.91825731960048
0.05,8,7,use_time_revalidation,0.0,0.0,1.0
0.05,8,7,fixed_window_revalidation,0.10158278201155682,0.037957523723452326,0.9620424762765477
0.05,8,7,adaptive_cached,0.0,0.0,1.0
0.05,8,7,progressive_refresh,0.0,0.0,1.0
0.05,8,8,cached_verdict,0.3659305121755715,0.07881418341925071,0.9211858165807493
0.05,8,8,use_time_revalidation,0.0,0.0,1.0
0.05,8,8,fixed_window_revalidation,0.10287735979435585,0.03564657401168894,0.9643534259883111
0.05,8,8,adaptive_cached,0.0,0.0,1.0
0.05,8,8,progressive_refresh,0.0,0.0,1.0
0.05,8,9,cached_verdict,0.3615204938546243,0.07817233517598926,0.9218276648240107
0.05,8,9,use_time_revalidation,0.0,0.0,1.0
0.05,8,9,fixed_window_revalidation,0.10155163783994216,0.036525188169524346,0.9634748118304757
0.05,8,9,adaptive_cached,0.0,0.0,1.0
0.05,8,9,progressive_refresh,0.0,0.0,1.0
0.05,8,10,cached_verdict,0.36850477200424175,0.07937225321821526,0.9206277467817847
0.05,8,10,use_time_revalidation,0.0,0.0,1.0
0.05,8,10,fixed_window_revalidation,0.10046324719540102,0.036218558114889506,0.9637814418851105
0.05,8,10,adaptive_cached,0.0,0.0,1.0
0.05,8,10,progressive_refresh,0.0,0.0,1.0
0.05,8,11,cached_verdict,0.3610886478346951,0.07976426199348291,0.9202357380065171
0.05,8,11,use_time_revalidation,0.0,0.0,1.0
0.05,8,11,fixed_window_revalidation,0.09971835698948718,0.036545627465348694,0.9634543725346513
0.05,8,11,adaptive_cached,0.0,0.0,1.0
0.05,8,11,progressive_refresh,0.0,0.0,1.0
0.05,8,12,cached_verdict,0.3643410852713178,0.08186348794700746,0.9181365120529925
0.05,8,12,use_time_revalidation,0.0,0.0,1.0
0.05,8,12,fixed_window_revalidation,0.10169208968908894,0.037916542986142575,0.9620834570138574
0.05,8,12,adaptive_cached,0.0,0.0,1.0
0.05,8,12,progressive_refresh,0.0,0.0,1.0
0.05,8,13,cached_verdict,0.36320402576934774,0.08102392179593627,0.9189760782040637
0.05,8,13,use_time_revalidation,0.0,0.0,1.0
0.05,8,13,fixed_window_revalidation,0.10100367738546188,0.03568687042752181,0.9643131295724782
0.05,8,13,adaptive_cached,0.0,0.0,1.0
0.05,8,13,progressive_refresh,0.0,0.0,1.0
0.05,8,14,cached_verdict,0.3669973197756348,0.08031782350452131,0.9196821764954787
0.05,8,14,use_time_revalidation,0.0,0.0,1.0
0.05,8,14,fixed_window_revalidation,0.10311956011162997,0.03743985958093686,0.9625601404190631
0.05,8,14,adaptive_cached,0.0,0.0,1.0
0.05,8,14,progressive_refresh,0.0,0.0,1.0
0.05,8,15,cached_verdict,0.3616052843384863,0.08116431396457659,0.9188356860354234
0.05,8,15,use_time_revalidation,0.0,0.0,1.0
0.05,8,15,fixed_window_revalidation,0.09991396297632595,0.03737747971673779,0.9626225202832622
0.05,8,15,adaptive_cached,0.0,0.0,1.0
0.05,8,15,progressive_refresh,0.0,0.0,1.0
0.05,8,16,cached_verdict,0.365269128113879,0.07791416791604198,0.922085832083958
0.05,8,16,use_time_revalidation,0.0,0.0,1.0
0.05,8,16,fixed_window_revalidation,0.10300822953736655,0.03670039980009995,0.9632996001999
0.05,8,16,adaptive_cached,0.0,0.0,1.0
0.05,8,16,progressive_refresh,0.0,0.0,1.0
0.05,8,17,cached_verdict,0.36693048010368695,0.08001631705288921,0.9199836829471107
0.05,8,17,use_time_revalidation,0.0,0.0,1.0
0.05,8,17,fixed_window_revalidation,0.09938504812067396,0.03698009005758037,0.9630199099424196
0.05,8,17,adaptive_cached,0.0,0.0,1.0
0.05,8,17,progressive_refresh,0.0,0.0,1.0
0.05,8,18,cached_verdict,0.36377200011051863,0.07933298854357672,0.9206670114564233
0.05,8,18,use_time_revalidation,0.0,0.0,1.0
0.05,8,18,fixed_window_revalidation,0.0987760064100793,0.03729998276051217,0.9627000172394878
0.05,8,18,adaptive_cached,0.0,0.0,1.0
0.05,8,18,progressive_refresh,0.0,0.0,1.0
0.05,8,19,cached_verdict,0.36182273465232107,0.08210936395482178,0.9178906360451782
0.05,8,19,use_time_revalidation,0.0,0.0,1.0
0.05,8,19,fixed_window_revalidation,0.09936435431055832,0.0382820967969965,0.9617179032030035
0.05,8,19,adaptive_cached,0.0,0.0,1.0
0.05,8,19,progressive_refresh,0.0,0.0,1.0
0.05,8,20,cached_verdict,0.36592473357015987,0.080040020010005,0.919959979989995
0.05,8,20,use_time_revalidation,0.0,0.0,1.0
0.05,8,20,fixed_window_revalidation,0.10102131438721136,0.03651825912956478,0.9634817408704353
0.05,8,20,adaptive_cached,0.0,0.0,1.0
0.05,8,20,progressive_refresh,0.0,0.0,1.0
0.05,8,21,cached_verdict,0.36927201370847385,0.08011846187595976,0.9198815381240403
0.05,8,21,use_time_revalidation,0.0,0.0,1.0
0.05,8,21,fixed_window_revalidation,0.1007959758996186,0.03619668432103795,0.963803315678962
0.05,8,21,adaptive_cached,0.0,0.0,1.0
0.05,8,21,progressive_refresh,0.0,0.0,1.0
0.05,8,22,cached_verdict,0.36458247066942717,0.08076832614660917,0.9192316738533908
0.05,8,22,use_time_revalidation,0.0,0.0,1.0
0.05,8,22,fixed_window_revalidation,0.10445824706694272,0.035891807134457075,0.964108192865543
0.05,8,22,adaptive_cached,0.0,0.0,1.0
0.05,8,22,progressive_refresh,0.0,0.0,1.0
0.05,8,23,cached_verdict,0.367508585355046,0.0789300694922682,0.9210699305077318
0.05,8,23,use_time_revalidation,0.0,0.0,1.0
0.05,8,23,fixed_window_revalidation,0.10194416749750748,0.037751205158705316,0.9622487948412947
0.05,8,23,adaptive_cached,0.0,0.0,1.0
0.05,8,23,progressive_refresh,0.0,0.0,1.0
0.05,8,24,cached_verdict,0.36197190948612196,0.08192962755006551,0.9180703724499345
0.05,8,24,use_time_revalidation,0.0,0.0,1.0
0.05,8,24,fixed_window_revalidation,0.1023297291271876,0.03683947844531786,0.9631605215546821
0.05,8,24,adaptive_cached,0.0,0.0,1.0
0.05,8,24,progressive_refresh,0.0,0.0,1.0
0.05,8,25,cached_verdict,0.3656289264274745,0.08061073459531043,0.9193892654046896
0.05,8,25,use_time_revalidation,0.0,0.0,1.0
0.05,8,25,fixed_window_revalidation,0.09872958257713249,0.03645711614863286,0.9635428838513671
0.05,8,25,adaptive_cached,0.0,0.0,1.0
0.05,8,25,progressive_refresh,0.0,0.0,1.0
0.05,8,26,cached_verdict,0.36510438269044654,0.07780997885172711,0.9221900211482729
0.05,8,26,use_time_revalidation,0.0,0.0,1.0
0.05,8,26,fixed_window_revalidation,0.10203235172127748,0.03609305240072061,0.9639069475992794
0.05,8,26,adaptive_cached,0.0,0.0,1.0
0.05,8,26,progressive_refresh,0.0,0.0,1.0
0.05,8,27,cached_verdict,0.3641051369958469,0.07870810785521576,0.9212918921447842
0.05,8,27,use_time_revalidation,0.0,0.0,1.0
0.05,8,27,fixed_window_revalidation,0.1033252501602698,0.035010838544671956,0.9649891614553281
0.05,8,27,adaptive_cached,0.0,0.0,1.0
0.05,8,27,progressive_refresh,0.0,0.0,1.0
0.05,8,28,cached_verdict,0.36300703383469096,0.07902422264215771,0.9209757773578423
0.05,8,28,use_time_revalidation,0.0,0.0,1.0
0.05,8,28,fixed_window_revalidation,0.10058661625288443,0.03648232887195265,0.9635176711280473
0.05,8,28,adaptive_cached,0.0,0.0,1.0
0.05,8,28,progressive_refresh,0.0,0.0,1.0
0.05,8,29,cached_verdict,0.3661121620117948,0.08155873352900768,0.9184412664709923
0.05,8,29,use_time_revalidation,0.0,0.0,1.0
0.05,8,29,fixed_window_revalidation,0.10334371870479582,0.03634546930618872,0.9636545306938112
0.05,8,29,adaptive_cached,0.0,0.0,1.0
0.05,8,29,progressive_refresh,0.0,0.0,1.0
0.05,16,0,cached_verdict,0.44711047580151114,0.10497500986452717,0.8950249901354729
0.05,16,0,use_time_revalidation,0.0,0.0,1.0
0.05,16,0,fixed_window_revalidation,0.039539513988156014,0.022737735104563988,0.977262264895436
0.05,16,0,adaptive_cached,0.0,0.0,1.0
0.05,16,0,progressive_refresh,0.0,0.0,1.0
0.05,16,1,cached_verdict,0.44481138066810616,0.10451059619031912,0.8954894038096809
0.05,16,1,use_time_revalidation,0.0,0.0,1.0
0.05,16,1,fixed_window_revalidation,0.039806935094627204,0.02143976251339985,0.9785602374866001
0.05,16,1,adaptive_cached,0.0,0.0,1.0
0.05,16,1,progressive_refresh,0.0,0.0,1.0
0.05,16,2,cached_verdict,0.44505858380030566,0.10607507408626934,0.8939249259137306
0.05,16,2,use_time_revalidation,0.0,0.0,1.0
0.05,16,2,fixed_window_revalidation,0.03981151299032094,0.021188673032597957,0.978811326967402
0.05,16,2,adaptive_cached,0.0,0.0,1.0
0.05,16,2,progressive_refresh,0.0,0.0,1.0
0.05,16,3,cached_verdict,0.4441831335156829,0.10380907015324978,0.8961909298467502
0.05,16,3,use_time_revalidation,0.0,0.0,1.0
0.05,16,3,fixed_window_revalidation,0.0382167233313735,0.02209227837913306,0.9779077216208669
0.05,16,3,adaptive_cached,0.0,0.0,1.0
0.05,16,3,progressive_refresh,0.0,0.0,1.0
0.05,16,4,cached_verdict,0.44562714293024924,0.10592928198562002,0.89407071801438
0.05,16,4,use_time_revalidation,0.0,0.0,1.0
0.05,16,4,fixed_window_revalidation,0.03899493372908244,0.022899635575691912,0.9771003644243081
0.05,16,4,adaptive_cached,0.0,0.0,1.0
0.05,16,4,progressive_refresh,0.0,0.0,1.0
0.05,16,5,cached_verdict,0.4456510577120559,0.10375442274931201,0.896245577250688
0.05,16,5,use_time_revalidation,0.0,0.0,1.0
0.05,16,5,fixed_window_revalidation,0.03984391045389197,0.02091796619053859,0.9790820338094615
0.05,16,5,adaptive_cached,0.0,0.0,1.0
0.05,16,5,progressive_refresh,0.0,0.0,1.0
0.05,16,6,cached_verdict,0.4479164005212192,0.10555199553079969,0.8944480044692003
0.05,16,6,use_time_revalidation,0.0,0.0,1.0
0.05,16,6,fixed_window_revalidation,0.040062341909604234,0.022723911864740966,0.977276088135259
0.05,16,6,adaptive_cached,0.0,0.0,1.0
0.05,16,6,progressive_refresh,0.0,0.0,1.0
0.05,16,7,cached_verdict,0.44179941838021464,0.10701143221627987,0.8929885677837202
0.05,16,7,use_time_revalidation,0.0,0.0,1.0
0.05,16,7,fixed_window_revalidation,0.04012147103481998,0.02263546113210016,0.9773645388678999
0.05,16,7,adaptive_cached,0.0,0.0,1.0
0.05,16,7,progressive_refresh,0.0,0.0,1.0
0.05,16,8,cached_verdict,0.44763025296058523,0.10465822701673153,0.8953417729832684
0.05,16,8,use_time_revalidation,0.0,0.0,1.0
0.05,16,8,fixed_window_revalidation,0.041333094610839706,0.02132899857149894,0.978671001428501
0.05,16,8,adaptive_cached,0.0,0.0,1.0
0.05,16,8,progressive_refresh,0.0,0.0,1.0
0.05,16,9,cached_verdict,0.44746683059269504,0.10490829751632272,0.8950917024836773
0.05,16,9,use_time_revalidation,0.0,0.0,1.0
0.05,16,9,fixed_window_revalidation,0.04095589365298909,0.02180189638767676,0.9781981036123233
0.05,16,9,adaptive_cached,0.0,0.0,1.0
0.05,16,9,progressive_refresh,0.0,0.0,1.0
0.05,16,10,cached_verdict,0.4508673495650383,0.10443855689660812,0.8955614431033919
0.05,16,10,use_time_revalidation,0.0,0.0,1.0
0.05,16,10,fixed_window_revalidation,0.03950687187934318,0.021931115690314983,0.978068884309685
0.05,16,10,adaptive_cached,0.0,0.0,1.0
0.05,16,10,progressive_refresh,0.0,0.0,1.0
0.05,16,11,cached_verdict,0.4421590529748607,0.10324778485677318,0.8967522151432268
0.05,16,11,use_time_revalidation,0.0,0.0,1.0
0.05,16,11,fixed_window_revalidation,0.03818401253113525,0.02129157999901731,0.9787084200009827
0.05,16,11,adaptive_cached,0.0,0.0,1.0
0.05,16,11,progressive_refresh,0.0,0.0,1.0
0.05,16,12,cached_verdict,0.4461495322338066,0.1051652926560366,0.8948347073439634
0.05,16,12,use_time_revalidation,0.0,0.0,1.0
0.05,16,12,fixed_window_revalidation,0.039817481964872926,0.021029767487782,0.978970232512218
0.05,16,12,adaptive_cached,0.0,0.0,1.0
0.05,16,12,progressive_refresh,0.0,0.0,1.0
0.05,16,13,cached_verdict,0.4462519122896481,0.1066962816716025,0.8933037183283975
0.05,16,13,use_time_revalidation,0.0,0.0,1.0
0.05,16,13,fixed_window_revalidation,0.04092299847016828,0.022523856531753865,0.9774761434682462
0.05,16,13,adaptive_cached,0.0,0.0,1.0
0.05,16,13,progressive_refresh,0.0,0.0,1.0
0.05,16,14,cached_verdict,0.4489140409911288,0.1055749358257092,0.8944250641742908
0.05,16,14,use_time_revalidation,0.0,0.0,1.0
0.05,16,14,fixed_window_revalidation,0.0385693892117875,0.02193444349371421,0.9780655565062858
0.05,16,14,adaptive_cached,0.0,0.0,1.0
0.05,16,14,progressive_refresh,0.0,0.0,1.0
0.05,16,15,cached_verdict,0.4417192065200677,0.10512938244072022,0.8948706175592798
0.05,16,15,use_time_revalidation,0.0,0.0,1.0
0.05,16,15,fixed_window_revalidation,0.04180121994976677,0.021252172772293465,0.9787478272277066
0.05,16,15,adaptive_cached,0.0,0.0,1.0
0.05,16,15,progressive_refresh,0.0,0.0,1.0
0.05,16,16,cached_verdict,0.4469131352659492,0.10360051015402727,0.8963994898459727
0.05,16,16,use_time_revalidation,0.0,0.0,1.0
0.05,16,16,fixed_window_revalidation,0.038720972143555944,0.022188429968278883,0.9778115700317211
0.05,16,16,adaptive_cached,0.0,0.0,1.0
0.05,16,16,progressive_refresh,0.0,0.0,1.0
0.05,16,17,cached_verdict,0.4456895453966637,0.1035975961142669,0.8964024038857331
0.05,16,17,use_time_revalidation,0.0,0.0,1.0
0.05,16,17,fixed_window_revalidation,0.0399847192155864,0.021881946159545567,0.9781180538404545
0.05,16,17,adaptive_cached,0.0,0.0,1.0
0.05,16,17,progressive_refresh,0.0,0.0,1.0
0.05,16,18,cached_verdict,0.4456660049880389,0.10389417849965407,0.8961058215003459
0.05,16,18,use_time_revalidation,0.0,0.0,1.0
0.05,16,18,fixed_window_revalidation,0.04148216012622792,0.021810035251869666,0.9781899647481304
0.05,16,18,adaptive_cached,0.0,0.0,1.0
0.05,16,18,progressive_refresh,0.0,0.0,1.0
0.05,16,19,cached_verdict,0.44802294299781736,0.11006963926202185,0.8899303607379782
0.05,16,19,use_time_revalidation,0.0,0.0,1.0
0.05,16,19,fixed_window_revalidation,0.04327191513121161,0.0234331166045084,0.9765668833954916
0.05,16,19,adaptive_cached,0.0,0.0,1.0
0.05,16,19,progressive_refresh,0.0,0.0,1.0
0.05,16,20,cached_verdict,0.448533728082489,0.10457258422532432,0.8954274157746757
0.05,16,20,use_time_revalidation,0.0,0.0,1.0
0.05,16,20,fixed_window_revalidation,0.04313315127230035,0.0209967279961854,0.9790032720038147
0.05,16,20,adaptive_cached,0.0,0.0,1.0
0.05,16,20,progressive_refresh,0.0,0.0,1.0
0.05,16,21,cached_verdict,0.448689482683817,0.10411562556522025,0.8958843744347798
0.05,16,21,use_time_revalidation,0.0,0.0,1.0
0.05,16,21,fixed_window_revalidation,0.04182936477554041,0.02200042751204433,0.9779995724879557
0.05,16,21,adaptive_cached,0.0,0.0,1.0
0.05,16,21,progressive_refresh,0.0,0.0,1.0
0.05,16,22,cached_verdict,0.44546034989145705,0.10610567836305367,0.8938943216369464
0.05,16,22,use_time_revalidation,0.0,0.0,1.0
0.05,16,22,fixed_window_revalidation,0.038666836930149405,0.0212835894485989,0.9787164105514011
0.05,16,22,adaptive_cached,0.0,0.0,1.0
0.05,16,22,progressive_refresh,0.0,0.0,1.0
0.05,16,23,cached_verdict,0.44923942221654095,0.10409788946374313,0.8959021105362569
0.05,16,23,use_time_revalidation,0.0,0.0,1.0
0.05,16,23,fixed_window_revalidation,0.04218330563722357,0.021729490022172948,0.978270509977827
0.05,16,23,adaptive_cached,0.0,0.0,1.0
0.05,16,23,progressive_refresh,0.0,0.0,1.0
0.05,16,24,cached_verdict,0.44413321683712803,0.10668565628785646,0.8933143437121436
0.05,16,24,use_time_revalidation,0.0,0.0,1.0
0.05,16,24,fixed_window_revalidation,0.04103921467852187,0.02218184199325541,0.9778181580067445
0.05,16,24,adaptive_cached,0.0,0.0,1.0
0.05,16,24,progressive_refresh,0.0,0.0,1.0
0.05,16,25,cached_verdict,0.44587416193914386,0.10462267232930415,0.8953773276706959
0.05,16,25,use_time_revalidation,0.0,0.0,1.0
0.05,16,25,fixed_window_revalidation,0.03803506962351728,0.021920940868997058,0.9780790591310029
0.05,16,25,adaptive_cached,0.0,0.0,1.0
0.05,16,25,progressive_refresh,0.0,0.0,1.0
0.05,16,26,cached_verdict,0.4477282072368421,0.1053889470927187,0.8946110529072813
0.05,16,26,use_time_revalidation,0.0,0.0,1.0
0.05,16,26,fixed_window_revalidation,0.03749486019736842,0.022835908852802515,0.9771640911471975
0.05,16,26,adaptive_cached,0.0,0.0,1.0
0.05,16,26,progressive_refresh,0.0,0.0,1.0
0.05,16,27,cached_verdict,0.4488817891373802,0.10575603059423416,0.8942439694057658
0.05,16,27,use_time_revalidation,0.0,0.0,1.0
0.05,16,27,fixed_window_revalidation,0.04042564155415851,0.021589200496829445,0.9784107995031706
0.05,16,27,adaptive_cached,0.0,0.0,1.0
0.05,16,27,progressive_refresh,0.0,0.0,1.0
0.05,16,28,cached_verdict,0.4451847675670135,0.10367673587195382,0.8963232641280462
0.05,16,28,use_time_revalidation,0.0,0.0,1.0
0.05,16,28,fixed_window_revalidation,0.04210445389780124,0.022368723146052674,0.9776312768539474
0.05,16,28,adaptive_cached,0.0,0.0,1.0
0.05,16,28,progressive_refresh,0.0,0.0,1.0
0.05,16,29,cached_verdict,0.44641076132266067,0.10450432697834047,0.8954956730216596
0.05,16,29,use_time_revalidation,0.0,0.0,1.0
0.05,16,29,fixed_window_revalidation,0.04055954786077794,0.02175805047867711,0.9782419495213229
0.05,16,29,adaptive_cached,0.0,0.0,1.0
0.05,16,29,progressive_refresh,0.0,0.0,1.0
